:020000040800F2
:1000000000000824B1170008991600089B16000884
:100010009D1600089F160008A116000800000000A9
:10002000000000000000000000000000F1B5000822
:10003000A31600080000000081B6000829AE0008E1
:10004000011800080118000801180008011800082C
:10005000011800080118000801180008011800081C
:10006000011800080118000801180008011800080C
:1000700001180008011800080118000801180008FC
:1000800001180008011800080118000801180008EC
:1000900001180008011800080118000801180008DC
:1000A00001180008011800080118000801180008CC
:1000B00001180008011800080118000801180008BC
:1000C00001180008011800080118000801180008AC
:1000D000011800080118000801180008011800089C
:1000E00001180008011800080000000001180008AD
:1000F000011800080118000801180008011800087C
:10010000011800080118000801180008011800086B
:100110000118000801180008A516000801180008B9
:10012000011800080118000801180008011800084B
:10013000011800080118000801180008011800083B
:10014000011800080118000800000000000000006D
:10015000011800080118000801180008011800081B
:10016000011800080118000801180008011800080B
:10017000011800080118000801180008000000001C
:1001800001180008011800080118000801180008EB
:1001900001180008011800080118000801180008DB
:1001A000B116000801180008BD1600080118000863
:1001B00001180008011800080118000801180008BB
:1001C00001180008011800080118000801180008AB
:1001D000011800080118000801180008011800089B
:1001E000011800080118000801180008011800088B
:1001F000011800080118000801180008011800087B
:10020000011800080118000801180008011800086A
:10021000011800080118000801180008011800085A
:1002200001180008C9160008D5160008F1160008C4
:1002300001180008FD160008011800080118000840
:10024000011800080118000801180008011800082A
:10025000011800080118000801180008011800081A
:10026000011800080118000801180008011800080A
:1002700001180008011800080118000801180008FA
:10028000011800080118000801180008000000000B
:08029000011800080118000824
:1002A00010B5054C237833B9044B13B10448AFF3B0
:1002B00000800123237010BD40990024000000003D
:1002C0008414020808B5034B1BB103490348AFF37C
:1002D000008008BD00000000449900248414020836
:1002E00001F0FF01102A2BDB10F0070F08D010F8E7
:1002F000013B013A8B422DD010F0070F42B3F6D1EB
:10030000F0B441EA012141EA014122F007047FF003
:1003100000070023F0E80256083C85EA010586EA5A
:10032000010685FA47F5A3FA87F586FA47F6A5FA96
:1003300087F68EB9EED1F0BC01F0FF0102F00702A2
:1003400032B110F8013B013A83EA010313B1F8D14D
:100350000020704701387047002D06BF354603382E
:10036000073815F0010F07D1013015F4807F02BF67
:10037000013015F4C03F0130F0BC0138704700BFB8
:1003800081F0004102E000BF83F0004330B54FEA46
:1003900041044FEA430594EA050F08BF90EA020FB3
:1003A0001FBF54EA000C55EA020C7FEA645C7FEA46
:1003B000655C00F0E2804FEA5454D4EB5555B8BF69
:1003C0006D420CDD2C4480EA020281EA030382EADA
:1003D000000083EA010180EA020281EA0303362D6C
:1003E00088BF30BD11F0004F4FEA01314FF4801C3F
:1003F0004CEA113102D0404261EB410113F0004F51
:100400004FEA03334CEA133302D0524263EB430307
:1004100094EA050F00F0A780A4F10104D5F1200EA5
:100420000DDB02FA0EFC22FA05F2801841F1000100
:1004300003FA0EF2801843FA05F359410EE0A5F1D4
:1004400020050EF1200E012A03FA0EFC28BF4CF005
:10045000020C43FA05F3C01851EBE37101F00045BB
:1004600007D54FF0000EDCF1000C7EEB00006EEBC8
:100470000101B1F5801F1BD3B1F5001F0CD3490852
:100480005FEA30004FEA3C0C04F101044FEA4452A9
:1004900012F5800F80F09A80BCF1004F08BF5FEA30
:1004A000500C50F1000041EB045141EA050130BD10
:1004B0005FEA4C0C404141EB0101013C28BFB1F522
:1004C000801FE9D291F0000F04BF01460020B1FA6D
:1004D00081F308BF2033A3F10B03B3F120020CDA40
:1004E0000C3208DD02F1140CC2F10C0201FA0CF01E
:1004F00021FA02F10CE002F11402D8BFC2F1200C83
:1005000001FA02F120FA0CFCDCBF41EA0C01904038
:10051000E41AA2BF01EB0451294330BD6FEA040481
:100520001F3C1CDA0C340EDC04F11404C4F120026C
:1005300020FA04F001FA02F340EA030021FA04F37E
:1005400045EA030130BDC4F10C04C4F1200220FAD5
:1005500002F001FA04F340EA0300294630BD21FA13
:1005600004F0294630BD94F0000F83F4801306BFD9
:1005700081F480110134013D4EE77FEA645C18BFCD
:100580007FEA655C29D094EA050F08BF90EA020F64
:1005900005D054EA000C04BF1946104630BD91EA5C
:1005A000030F1EBF0021002030BD5FEA545C05D15F
:1005B0004000494128BF41F0004130BD14F580049E
:1005C0003CBF01F5801130BD01F0004545F0FE4112
:1005D00041F470014FF0000030BD7FEA645C1ABF47
:1005E000194610467FEA655C1CBF0B46024650EA7E
:1005F000013406BF52EA033591EA030F41F40021AA
:1006000030BD00BF90F0000F04BF0021704730B52F
:100610004FF4806404F132044FF000054FF0000104
:1006200050E700BF90F0000F04BF0021704730B5C5
:100630004FF4806404F1320410F0004548BF40429A
:100640004FF000013EE700BF42004FEAE2014FEAEF
:1006500031014FEA02701FBF12F07F4393F07F4FCA
:1006600081F06051704732F07F4208BF704793F0CD
:100670007F4F04BF41F40021704730B54FF46074E0
:1006800001F0004521F000411CE700BF50EA0102E3
:1006900008BF704730B54FF000050AE050EA01028C
:1006A00008BF704730B511F0004502D5404261EBFC
:1006B00041014FF4806404F132045FEA915C3FF43D
:1006C000D8AE4FF003025FEADC0C18BF03325FEADA
:1006D000DC0C18BF033202EBDC02C2F1200300FA8B
:1006E00003FC20FA02F001FA03FE40EA0E0021FAB0
:1006F00002F11444BDE600BF014900200CF03CB9F2
:10070000E12000080C4C08B5002006F05DFC4FF419
:100710008051094806F044FC012804D14FF40051EF
:10072000204606F048FC0021084606F05BFC4FF42A
:10073000FA700AF0F7FBE7E700200258F0B59DB029
:100740004C22002109A820F0ABF82022002101A8AA
:1007500020F0A6F8042008F0A3FA00230093264B0B
:10076000DA6A22F00102DA62DB6A03F00103009325
:10077000224B9A6942F440429A619A6902F44042DB
:100780000092009A9A699104FCD54FF480330327B4
:10079000402505220224082609A81894CDE90973EA
:1007A0000123CDE90C35A023CDE914230023CDE9A5
:1007B0001244CDE91644CDE919631B9308F06AFD94
:1007C00008B172B6FEE73F232146CDE901374FF469
:1007D0008063CDE9030601A8CDE90555CDE90735CC
:1007E00009F0F0F8014608B172B6FEE74FF4802236
:1007F00008F0F8FF1DB0F0BD000400580048025892
:100800002DE9F04FBBB01022002101242DA80425B2
:1008100020F046F805F03CFC4FF01041BE4B2DA8EF
:10082000ADF8B4403094CDE92E1305F04FFC1A23F7
:100830002DA88DF8B5408DF8BC3005F047FC02239B
:100840002DA88DF8C2408DF8B5304FF050432E934F
:1008500018238DF8BC3005F039FC03232DA88DF842
:10086000B5304FF010532E9312238DF8BC30002377
:100870008DF8C03005F02AFC4FF080532DA88DF87C
:10088000B5502E9311238DF8BC3005F01FFC0523C5
:100890002DA88DF8C0408DF8B530A04B2E930E23B7
:1008A0008DF8BC3005F012FC284605F0FFFB9C4B90
:1008B0005A6912F4003211D1BFF34F8FBFF36F8F1B
:1008C000C3F85022BFF34F8FBFF36F8F5A6942F4C2
:1008D00000325A61BFF34F8FBFF36F8F904A536955
:1008E00013F4803323D1C2F88430BFF34F8FD2F892
:1008F000803043F6E074C3F3C900C3F34E335B01A9
:1009000003EA0406014646EA81750139C2F86052DD
:10091000F9D2203B13F1200FF2D1BFF34F8F53696F
:1009200043F480335361BFF34F8FBFF36F8F4FF6A4
:10093000FF737C4D2C6814F4004400F00683013BE7
:10094000F8D272B6FEE772B6FEE77748774A83615F
:10095000C0F82090C0E90026C0E90253C0E9045362
:1009600008F0BAFA08B172B6FEE740F203132DA9F7
:100970008DF8B690ADF8B43004F06AFE08B172B6E6
:10098000FEE704F011FE034608B172B6FEE76848C0
:100990004FF44032674FC0E90253C0E9007205F0DE
:1009A00022FC074608B172B6FEE70246414662489D
:1009B00006F0FCFA142005F0EFFA41462A465E489C
:1009C00006F0F4FA0A2005F0E7FA2422394617A8BF
:1009D0001FF066FF1822394611A81FF061FF34226C
:1009E00039462DA81FF05CFF39462C2220A81FF0A5
:1009F00057FFDFF848814FF0A0430EA940461095FD
:100A0000C8E900377723C8E90245CDE90E3605F07D
:100A100037FD08B172B6FEE7CDE91750CDE91900F0
:100A2000CDE91B00CDE91D001F9017A9404605F038
:100A300093FF08B172B6FEE721231C240F2511A9EC
:100A4000CDE911431923CDE915004046CDE91353F3
:100A500005F045FF08B172B6FEE70421374805F0FE
:100A60002DFF08B172B6FEE742F21071334806F06E
:100A7000FCF8014608B172B6FEE7304805F09DFC6F
:100A800008B172B6FEE74FF400734FF480794FF46B
:100A9000806A4FF4805B4FF480424FF400314FF492
:100AA00000204FF00208CDE92D934FF40063CDF8FC
:100AB000E480CDE92FA34FF40053CDE931B34FF4D7
:100AC0008033CDE933234FF48023CDE935134FF044
:100AD00080732DA9CDE93703184805F0BBFE08B196
:100AE00072B6FEE705234FF4C877012620902790C1
:100AF0002A96CDE921371023CDE923308023CDE993
:100B000025000DEB0301CDE928300C4805F030FE3F
:100B10000146A8B172B6FEE71B00000300000410F6
:100B200000ED00E000440258CC990024005000522F
:100B30000C9C00240010005200180258F09B002466
:100B40005E4805F004FE044608B172B6FEE73422A2
:100B5000014620A85A4D1FF0A3FEDFF8B0C14FF0A8
:100B600000434FF4C97EC5F820802846AC8685F83E
:100B70003640C5E900C34FF08043C5E902344FF465
:100B8000F173C5E90648C5E909E340F2931840F25C
:100B9000E313C5E90444C5E90B8307F077FD02467A
:100BA00008B172B6FEE7FF2122904FF4F073ADF862
:100BB000B0208DF8B2202B93CDE92510CDE9200788
:100BC00007214FF4C060CDE927014FF0504128467E
:100BD000CDE9291720A9CDE9233607F00CFE0446FC
:100BE00008B172B6FEE72A683448936923F001031E
:100BF000936105F017FF3349334B3448CB60344BD6
:100C00000C804B60334B8B6004F0C4FA32462146B3
:100C10002E4803F02FFF2823152221462748009451
:100C200005F033FF2DA925483794CDE92D44CDE9B2
:100C30002F44CDE93144CDE93344CDE9354405F0C5
:100C400009FE22464FF44871284607F001FE2A6843
:100C500021489369848043F0010393611F4B06622E
:100C60000360C0E9054405F05DFA08B172B6FEE71D
:100C70001B481C4B036006F003FF08B172B6FEE789
:100C800000F0C0FD00F0BDFD0AF0DCF8164A0021BE
:100C900016480AF003F9164B164A00211860164848
:100CA0000AF0FCF8154B164A0021186015480AF0A6
:100CB000F5F8154B18600AF0D7F8FEE7F09B002412
:100CC000189A00245C990024795500086C99002436
:100CD000D91D0008111E0008749C0024004C025805
:100CE000989B002400300052443202081318000878
:100CF0009499002420320208653900089099002454
:100D0000FC310208050700088C99002400100050EF
:100D1000142200212DA801251FF0C2FDD4F8E030D7
:100D2000002241F2083143F4807399484FF0000BE0
:100D30000326C4F8E0300227D4F8E0304FF480797D
:100D40004FF4805A4FF0080803F480730493049B17
:100D5000D4F8E03043F00203C4F8E030D4F8E030D7
:100D600003F002030593059BD4F8E03043F0400301
:100D7000C4F8E030D4F8E03003F040030693069B5B
:100D8000D4F8E03043F01003C4F8E030D4F8E03099
:100D900003F010030793079BD4F8E03043F080037F
:100DA000C4F8E030D4F8E03003F080030893089BE7
:100DB000D4F8E03043F00403C4F8E030D4F8E03075
:100DC00003F004030993099BD4F8E03043F4007363
:100DD000C4F8E030D4F8E03003F400730A930A9BBF
:100DE000D4F8E03043F00803C4F8E030D4F8E03041
:100DF00003F008030B930B9BD4F8E03043F001039E
:100E0000C4F8E030D4F8E03003F001030C930C9BFD
:100E1000D4F8E03043F02003C4F8E030D4F8E030F8
:100E200003F020030D930D9B06F0C0F800224FF451
:100E30000051584806F0BAF800220821564806F03A
:100E4000B5F800224FF48071544806F0AFF841F233
:100E500008332DA94E48CDE92D35CDE92FB605F043
:100E60001BFF2DA94E48CDF8C4B0CDE92D97CDE993
:100E70002FBB05F011FF4FF400532DA94548CDE9D4
:100E80002D35CDE92FBB05F007FF2DA94148CDE950
:100E90002DA5CDE92FBB05F0FFFE2DA93E48CDE9DC
:100EA0002D85CDE92F5605F0F7FE2DA93B48CDE95C
:100EB0002D95CDE92FB605F0EFFED4F8D4305A4683
:100EC00005212B437A204FF04009C4F8D430D4F8E0
:100ED000D43004242B400393039B05F087F87A2039
:100EE00005F0B6F82F4A30482DA9136823F0010306
:100EF00013602E4B2D978560C0F81CB0C0F828B049
:100F0000C0E900352023C0E903434FF4C073C0E9B2
:100F100005934FF40063C0E9083A0723CDE932771F
:100F2000CDE92E34CDE9303609F0D8FC074600284B
:100F30007FF409AD04F046FD384604F091FD034608
:100F400000283FF402AD72B6FEE704F0E5FFFFF7BC
:100F5000F5FBD5F8E030204643F00073C5F8E030EB
:100F6000D5F8E03003F000730293029B06F02CF8F2
:100F70002146204606F036F80D4C4FF6FF732268E6
:100F800012043FF5C5AE013BF9D272B6FEE700BFD1
:100F90000024025800200258001802580014025879
:100FA000000002580040005298990024404100522D
:100FB000004402580268034B9A4201D104F0DABFA0
:100FC000704700BF0010004072B6FEE70F4B07B538
:100FD000D3F8F4200F216FF0010042F00202C3F8B1
:100FE000F4200022D3F8F43003F002030193019BB4
:100FF00004F0FCFF002205217D2004F0F7FF7D2096
:1010000003B05DF804EB05F023B800BF00440258BC
:10101000026882B0094B9A420DD1A3F50063D3F860
:10102000E02042F40022C3F8E020D3F8E03003F4DB
:1010300000230193019B02B0704700BF004C02588F
:101040000F4B07B502689A4217D10E4B07215A2061
:10105000D3F8D42042F01002C3F8D4200022D3F8F1
:10106000D43003F010030193019B04F0BFFF5A201A
:1010700003B05DF804EB04F0EBBF03B05DF804FBD4
:10108000001000520044025810B5BAB004461422B1
:10109000002103A81FF004FCC822002108A81FF0AB
:1010A000FFFB2368B3F1A04F38D14FF080620023DB
:1010B00008A8CDE9082308F007FF08B1FFF784FF6F
:1010C000174B002403A91748D3F8E42042F010027C
:1010D000C3F8E420D3F8E42002F010020192019A50
:1010E000D3F8E02042F40072C3F8E0200422D3F8E1
:1010F000E03003F400730293029B0223CDE9032343
:101100000D23CDE90544079305F0C6FD7B2022465B
:10111000072104F06BFF7B2004F09AFF3AB010BD6A
:10112000004402580024025837B53C4B054602687B
:101130009A4270D13A4B02213A4C4FF0007ED3F8DC
:10114000D420DFF8ECC0204642F02002C3F8D420BF
:101150008022D3F8D43003F020030193019B1123A4
:10116000C4E900C30023C4E90232C4E907322022E3
:101170002361C4E90513C4E909E24FF4A0414FF427
:101180000032C4E90D33C4E90B1207F0BEFB08B10D
:10119000FFF71AFF00222348114607F044FC08B16C
:1011A000FFF712FF2C6313231F4A082125644FF415
:1011B000A0401E4CC4E900230023C022C4E902322F
:1011C00020222362C4E906124FF00071C4E909121B
:1011D0004FF42032C4E90B022046C4E90433C4E9C9
:1011E0000D3307F092FB08B1FFF7EEFE00220F4827
:1011F000114607F018FC08B1FFF7E6FE6C63002209
:1012000005217920256404F0F1FE792003B0BDE8C2
:10121000304004F01DBF03B030BD00BF00300052AD
:10122000004402582C9B0024C0010052C09A0024A4
:101230000002005210B5B4B00446C822002102A832
:101240001FF02EFB2268184B9A422BD14FF0005210
:101250000023152102A8CDE90223A1230522CDE90F
:101260000C230223CDE90E334FF40063CDE91013B4
:1012700008F02AFE08B1FFF7A7FE0C4B5820072103
:10128000D3F8E42042F00802C3F8E4200022D3F8A7
:10129000E43003F008030193019B04F0A7FE5820FB
:1012A00004F0D6FE34B010BD0010005000440258C7
:1012B000F0B5BFB004461422002107A81FF0F0FAD1
:1012C000C82200210CA81FF0EBFA2268534B9A4267
:1012D00040F0A1804FF0007200230CA8CDE90C2350
:1012E00008F0F2FD08B1FFF76FFE4D4B0225002418
:1012F0000926D3F8D42007A94A480A2742F4804295
:10130000C3F8D420D3F8D42002F480420192019A89
:10131000D3F8E02042F04002C3F8E020D3F8E02008
:1013200002F040020292029AD3F8E02042F020023A
:10133000C3F8E020D3F8E02002F020020392039AE1
:10134000D3F8E02042F08002C3F8E020D3F8E02098
:1013500002F080020492049AD3F8E02042F00202E4
:10136000C3F8E020D3F8E02002F002020592059ACB
:10137000D3F8E02042F00802C3F8E020D3F8E030D0
:1013800003F008030693069B4FF48443CDE9073529
:10139000CDE909440B9605F07FFC402307A92148BD
:1013A0000B97CDE90735CDE9094405F075FCC0235D
:1013B00007A91D480B96CDE90735CDE9094405F08D
:1013C0006BFC4FF4007307A917480B97CDE907355D
:1013D000CDE9094405F060FC0C2307A913480B96DE
:1013E000CDE90735CDE9094405F056FC042307A9EA
:1013F0000F480B96CDE90735CDE9094405F04CFCC3
:101400004FF4006307A90B480B96CDE90735CDE9EA
:10141000094405F041FC3FB0F0BD00BF0050005250
:10142000004402580018025800140258001C0258C8
:1014300000040258000C0258F0B5B9B00021142283
:1014400001A81FF02DFA3F4B1968002977D101221E
:1014500008A81A60C0221FF023FA4FF08072002300
:1014600006A8CDE9062308F02FFD08B1FFF7ACFD73
:10147000354B022700260325D3F8D4200C2401A9DC
:10148000324842F48052C3F8D420D3F8D4300594C3
:1014900003F480530093009B40F2FF63CDE90365A2
:1014A000CDE9013705F0F8FB602301A92848059430
:1014B000CDE90137CDE9036505F0EEFB4FF6837307
:1014C00001A924480594CDE90137CDE9036505F06C
:1014D000E3FB4FF47F4301A91F480594CDE9013791
:1014E000CDE9036505F0D8FB48F2331301A91B4889
:1014F0000594CDE90137CDE9036505F0CDFB4CF24C
:10150000037301A916480594CDE90137CDE90365B8
:1015100005F0C2FB4FF63F0301A912480594CDE93F
:101520000137CDE9036505F0B7FB012301A90E489A
:101530000594CDE90137CDE9036505F0ADFB39B080
:10154000F0BD00BF9C9C00240044025800200258BB
:101550000004025800100258001C025800180258DB
:10156000000C025800140258000802581A4B1A685E
:1015700010B582BB194A012440F2FF6118481C6073
:10158000D2F8D43023F48053C2F8D43005F06CFC88
:101590006021144805F068FC4FF68371124805F08D
:1015A00063FC4FF47F41114805F05EFC48F23311B3
:1015B0000F4805F059FC4CF203710E4805F054FC3D
:1015C0004FF63F010C4805F04FFC21460B48BDE8A3
:1015D000104005F049BC10BD989C002400440258FE
:1015E000002002580004025800100258001C025843
:1015F00000180258000C0258001402580008025843
:101600000F2810B504468AB002D901200AB010BDD7
:1016100001460022362004F0E9FC362004F018FDD3
:10162000184B694602A81C60174BD3F8E82042F01B
:101630001002C3F8E820D3F8E83003F01003019358
:10164000019B08F02BFB079BC3B908F003FB0F4C71
:101650000F4B236040F2E733E3600E4BB0FBF3F037
:1016600001380023606020462361A36009F014FB69
:101670000028CAD1204609F0D9F9C7E708F0EAFAEC
:101680004000E4E77400002400440258A09C0024B9
:101690000010004040420F00FEE7FEE7FEE7FEE7D5
:1016A000FEE77047014809F003BA00BFA09C002480
:1016B000014807F043B800BF189A0024014804F01D
:1016C000D1BD00BF0C9C0024014806F00FBF00BF35
:1016D000989B0024044808B507F02AFA0348BDE89F
:1016E000084007F025BA00BFC09A00242C9B0024B4
:1016F000014804F0BABF00BFF09B002405F07CBC99
:101700000120704708B51FF0DDF9162303604FF084
:10171000FF3008BD08B51FF0D5F916230360FEE7BA
:1017200070B50D4614460E46731B9C4201DC2046E4
:1017300070BDAFF3008006F8010BF5E770B50D46FC
:1017400014460E46731B9C4201DC204670BD16F801
:10175000010BAFF30080F5E74FF0FF3070474FF417
:10176000005300204B6070470120704700207047F5
:101770000B4A0346116810B509B90A49116010688F
:1017800009490A4C0344091B8B4206D91FF09AF9F8
:101790000C2303604FF0FF3010BD1360FCE700BF67
:1017A000EC9C0024985E0224000008240010000035
:1017B000DFF834D004F040FB0C480D490D4A0023FB
:1017C00002E0D458C4500433C4188C42F9D30A4AF6
:1017D0000A4C002301E013600432A242FBD31FF045
:1017E00077F9FFF70DF87047000008240000002487
:1017F0003C0100246845020840990024945E0224BC
:10180000FEE7704708B501F021FDBDE8084001F092
:10181000A5BC01F01DBD4068704741607047521A79
:1018200002EB5302B2FBF3F070470000024BC068BA
:101830001B685B6A58437047F09C002470470000A7
:1018400037B51E4A4FF0804105464FF0FF30D2F8C1
:10185000E83043F00103C2F8E830D2F8E83003F092
:1018600001030193019B164B19600021D860196197
:101870009960596001215961D369102203F0700306
:1018800092FAA2F2B2FA82F2D3400E4AD35C83B942
:1018900008F0BEF9044607F0F3FFB0FBF4F0E8608F
:1018A000074809F0F9F9064803B0BDE8304009F0EF
:1018B00083B808F0CFF94400EDE700BF00440258B8
:1018C000F09C00245439020810B5044610211EF083
:1018D000D2F9204610BD38B5036804461B6931B102
:1018E0008568984763685B1B0344636038BD98470D
:1018F000A060FBE770470000F8B50A4B0F4616469C
:101900001D7815B900252846F8BD074C0020214652
:1019100004F036FA2368002BF4D063683B60A368B8
:101920003360F0E74C9D00243C9D002410B5044634
:1019300004211EF0A0F9204610BD000008B50E4B92
:101940004FF44872002019684FF4F073C1E9002386
:101950000C23C1E9023004F083F9084B10B90122CD
:101960001A7008BD1B78002BFBD1054B2E21054AB0
:1019700005481EF0F9FC00BF489D00244C9D002442
:10198000FD140208101502083A150208032825D88C
:10199000DFE800F0020B131B114B08211A68B2FAA2
:1019A00082F252090F4805F001BB0D4B4FF48071D4
:1019B0005A68B2FA82F25209F4E7094B4FF4007107
:1019C0009A68B2FA82F25209ECE7054B4FF4807143
:1019D0000548DA68B2FA82F25209E4E7704700BFBC
:1019E000509D00240024025800140258032825D8D2
:1019F000DFE800F0020B131B114B08211A68003AB4
:101A000018BF01220F4805F0D1BA0D4B4FF4807179
:101A10005A68003A18BF0122F4E7094B4FF40071ED
:101A20009A68003A18BF0122ECE7054B4FF4807129
:101A30000548DA68003A18BF0122E4E7704700BFA2
:101A4000509D00240024025800140258032811D885
:101A5000DFE800F00206090C0821074805F0ABBAE0
:101A60004FF48071F9E74FF40071F6E74FF480719D
:101A70000248F3E7704700BF0024025800140258E0
:101A800008B5032815D8DFE800F0020A0D10082178
:101A9000094805F085FA431E5842584108BD4FF4E5
:101AA0008071F5E74FF40071F2E74FF4807103485D
:101AB000EFE70020EFE700BF0024025800140258AF
:101AC00070B5084D00240126E0B2FFF7D9FF18B128
:101AD0002B68012B18BF2E6001340435052CF3D17F
:101AE00070BD00BF509D0024012380F8781080F85D
:101AF000793070477047002070470000416400391A
:101B0000024B18BF01211970704700BF73510224A6
:101B1000704700207047836B0BB108461847704729
:101B20004FF6FF707047406803689B69184770471D
:101B300070470000014B1868704700BF749D002477
:101B4000704701F082BC01F013BC01F0E3BD01F06D
:101B5000D5BD000010B5044601F098FD94F84B3057
:101B600013B1024B01221A7010BD00BF0C000024FB
:101B700001F006BC10B504460CF000FC23682046BA
:101B8000D3F8BC30BDE81040184710B504460BF040
:101B90004DFF60680368BDE810401B6918470BF0F3
:101BA0000DBE10B5044684211EF065F8204610BD18
:101BB000024B00221A700BF03DBE00BF0C00002447
:101BC00038B50446064D01F001FC0023284684F890
:101BD0004A30FFF735FE0123256184F8703038BDA7
:101BE000649D00240368044607B5D3F88430984701
:101BF00023682046DB6F984700F066FF2368204685
:101C00005B6F98470021292315220548009104F0B5
:101C10003CFF00F059FF236820465B6F9847F8E7C8
:101C2000F09B002490F834100D4B10B590F87840DC
:101C30001A788C4209D03AB90A490B4A08881488A4
:101C4000108001220C801A7010BD002AFCD0064AB8
:101C50000449148808880C8010800022F3E700BF34
:101C60006C5102246A5102246851022408B5094BC0
:101C70001B888B4203D8084B1B88934205D9074B1E
:101C8000A321074A07481EF06FFB074B1980074B3B
:101C90001A8008BD685102246A510224771502088F
:101CA000DA1502081D1602086E5102247051022432
:101CB000034690F87A0018B1586803681B68184703
:101CC0007047000070B50D4619460B4B1D6035B9C5
:101CD0000A4B40F2FF210A4A0A481EF045FBC0E9C0
:101CE0000F52003A084B18BF01221A700368BDE872
:101CF0007040D3F890301847749D00247016020885
:101D0000A81602081D1602087251022470B5C0E917
:101D10000112C3604FF480720023BDF81460BDF857
:101D200010500321038580F82A302035C3620386D2
:101D3000ADB280F858304366B54280F87030C0E9E3
:101D400012231C4AC0E91A231B4AC0E90433C0E924
:101D50000633C0E90833C0E90E33C0E91033C0E9E7
:101D60001433C0E91733436782674FF48062A0F8E9
:101D70007C204FEA9602A0F87E20B2FBF1F2A0F898
:101D800080204FF01402A0F882200C4A10600C4A08
:101D900015800C4A158028BF00250B4A38BF012545
:101DA00016800A4A80F834501680094A1370094B8D
:101DB000036070BD010000010000010174510224A4
:101DC000685102246E5102246A5102247051022487
:101DD0006C510224B0320208012B13B50ED8D35C2B
:101DE000152200930B460146084804F04EFE18B138
:101DF0006FF0070002B010BD0020FBE7CDE9001234
:101E000001463922014804F051FEF0E7F09B00241E
:101E10001FB5CDE90112062100910146054804F0E5
:101E2000A5FE002814BF6FF00700002005B05DF884
:101E300004FB00BFF09B00241FB54FF201430B4C85
:101E400039220021ADF80C3003AB20460193442326
:101E50000093022304F02AFE002135231522204698
:101E6000009104F012FE04B010BD00BFF09B0024EE
:101E700008B5FFF7E1FF0C4B02221B68C3F81024E2
:101E80000122C3F81024D3F8082442F00102C3F859
:101E90000824D3F8082442F00202C3F808240322DD
:101EA000024B5A6308BD00BFF09B00240010005095
:101EB000074B07B5197839B9012206481A7029234A
:101EC0001522009104F0E1FD03B05DF804FB00BFB2
:101ED000609D0024F09B0024064B07B501932A2344
:101EE0003922002100930423034804F0DFFD03B0EE
:101EF0005DF804FB08000024F09B0024064B07B5A6
:101F000001932A233922002100930423034804F07B
:101F1000CDFD03B05DF804FB04000024F09B002419
:101F200038B5154D04460020FFF730FD2B6893F8B7
:101F30006A20013283F86A20002283F87C2000F0B6
:101F4000B7FD0E4B2A6819781B7882F84A1073B1D6
:101F50000B4D2B7803F0FF024BB90A4B1A60FFF7C9
:101F6000BBFF204604F081FD01232B7038BD00200B
:101F7000BDE83840FFF73ABD745102240C0000243C
:101F80007C9D0024789D00242DE9F043494E85B0C6
:101F900004463378002B00F08980DFF83C91DFF8AD
:101FA0003C81D9F80050444F002D3ED10120434ED2
:101FB00003F0F2FF23680095D3F80424386822F078
:101FC000080200F59660C3F80424D3F8042402F054
:101FD00008020092009AD8F80020C2F8AC003848F5
:101FE0000661384E46613848C2F888003748C2F862
:101FF000B000516A41F0010151620195D3F8042407
:1020000042F00802C3F80424D3F8043403F00803B0
:102010000193019BFFF772FF01232046C9F80030AE
:1020200005B0BDE8F04304F020BD03680025386822
:102030000295D3F80424264C22F00802C3F80424A5
:10204000D3F8042402F008020292029AD8F8002081
:10205000C2F8AC001A48046104F1011444611A4842
:10206000C2F888001948C2F8B0002846516A41F009
:10207000010151620395D3F8042442F00802C3F829
:102080000424D3F8043403F008030393039BFFF7FD
:10209000ADFCFFF70DFF0F4B35701C6834B12368A2
:1020A00020461B6A9847012384F87C3005B0BDE8C0
:1020B000F08300BF7C9D0024749D0024E201B201E6
:1020C00000100050E301920103009201B304C00923
:1020D000E201920174510224789D0024189A002490
:1020E000014608B5034B186801B101210CF060F9F5
:1020F000012008BD74510224034B00225A609A60EB
:10210000024A1A60704700BF649D002470320208C2
:102110004069704790F840007047036B23B9C06A6C
:10212000003818BF01207047012070478068704751
:102130007047043010B50C460FC884E80F0010BD7E
:102140007047000008B5034A4FF4E471024B03489E
:102150001EF00AF9F6160208962F02085117020817
:1021600010B5044648211DF086FD204610BD000034
:1021700000220E4B10B5114604460360C26380F87E
:102180004020C0E90522C0E90722C0E90922C0E9D0
:102190000B22C0E90D22C0E90322C0E9012201207F
:1021A00008F046FF024B1860204610BD9C33020821
:1021B0009C9D002410B40C4611461A46036B3BB19B
:1021C000C36B406BE41A20445DF8044B1EF070BBF7
:1021D000C06AF8E7036B10B573B1C36B426BC91AE1
:1021E0005318525C98785C78000440EA042010434D
:1021F000DB7840EA036010BDC26A5318525C59781C
:102200009878000440EA0120F1E7036B43B1C36B07
:10221000C91A436B5A18585C527840EA022070473A
:10222000C36A5A18585C537840EA0320704700008C
:1022300070B50446006B0D461646D8B1A36B9342A9
:1022400008D209230D4AA0210D4884F840300D4BD7
:102250001EF08AF80368DB689847206B3246616B92
:1022600003681B69984710B90D2384F84030606BF0
:10227000E56370BDE06A0844FBE700BFAB170208E6
:1022800051170208981702082DE9F84343690446DC
:102290002BB9224BE621224A22481EF065F808227B
:1022A0008169FFF7C5FFA16943F2300646F2643742
:1022B00004312046FFF78EFFA3691844A36A00F19A
:1022C00008029A4206D3012300206361236AA361B6
:1022D000BDE8F883636900F1090108222046013353
:1022E00021F001016361A161FFF7A2FFD4F818900A
:1022F00020464946FFF789FF09F102018046204642
:10230000FFF783FF09F1040105462046FFF762FF4E
:10231000B045D1D1BD42CFD10120D9E7ED17020898
:1023200036180208511702080129036838BF012135
:10233000DB6A70B50D4604469847A84204D223686C
:102340002046DB6A984705466B1EE6691022204648
:1023500006EB031606F10801FFF76AFF06F110010C
:102360002046FFF737FF236A043B0344C4E90553C3
:1023700070BD0000002148222DE9F0410446816132
:1023800080F84010FFF754FFA6690423634A3146E2
:102390002046FFF70FFF48B10323614A4FF49771BE
:1023A00084F840305F4B60481DF0DEFF06F1080105
:1023B00004235E4A2046A161FFF7FCFE38B10423E6
:1023C000574A4FF49B7184F84030594BEBE706F1C4
:1023D0000C010423574A2046A161FFF7EBFE074694
:1023E00038B105234E4A40F23D1184F84030524B3B
:1023F000D9E706F110012046FFF7ECFE054620B9AB
:102400004E4B40F24311464ACDE706F1140804232F
:102410004B4A20464146FFF7CDFE002849D006230F
:1024200084F840300423474A06F118012046FFF79C
:10243000C1FE00283FD0072384F840304544424F76
:102440000C2220462946FFF7F3FE05F10806042377
:102450003A4620463146FFF7ADFE94F8403000285A
:1024600048D0002B48D1A36AAB4249D805F10C03F0
:1024700004352046A3612946FFF7ACFE30442946C7
:1024800060622046FFF7A6FE06440422204631463D
:10249000FFF7CEFE04232D4A31462046FFF78AFE81
:1024A000002838D10123E6616361A3692362BDE896
:1024B000F0810127B6E7002FC0D006F120012046A9
:1024C000FFF788FE4FF47A7306F13001B0FBF3F0AA
:1024D00060602046FFF77EFE06F14001A0602046C6
:1024E000FFF778FE06F14401E0602046FFF772FE38
:1024F0002061A3E7002BB9D00A2384F84030D6E747
:10250000291D2046FFF766FE85190C222046294624
:10251000FFF78EFE99E70B23EFE700BF691802086B
:10252000871802086E18020851170208B41802082A
:10253000B9180208D1180208D6180208EC180208C7
:10254000F8180208FD180208021902080719020803
:10255000C0E90A2100220263FFF70CBF10B5002377
:1025600004460846E3620B6821639B689847A062B3
:102570002046BDE81040FFF7FDBE000037B5134B05
:102580000024134D1C60134B1C60134B2C601C600B
:10259000124B1960124B1A60124B1C60124B2A68C6
:1025A0004FF4C0751C701C74C3E90244C3E90644AF
:1025B00003EB02130D4AD2686A4300924FF4504273
:1025C0005B6805F00BFC204603B030BDB49D0024D1
:1025D000A49D0024989D0024C49D0024BC9D00243B
:1025E000C09D0024A09D002410000024809D002494
:1025F0004B68012B15D1CB681A071EBF23F00F03C0
:102600001033CB608B6818071EBF23F00F03103305
:102610008B60CB688A681B09120953430E4A13600A
:102620007047022B0ED1CB681A0703D023F00F039B
:102630001033CB608B685A071EBF23F007030833A3
:102640008B607047002BFCD1CB685807F2D023F089
:1026500007030833EDE700BFAC9D00240B4A136865
:102660000B4430B413600A4A126893420CD2094CEE
:10267000D21A2568B2F5504F294428BF4FF4504272
:10268000216030BC05F00CBC30BC7047C49D0024F8
:10269000C09D0024BC9D0024F8B5204C0121204D94
:1026A000064623681F4F1B01E954236805EB0313FB
:1026B0009A601D4B1968226805EB0212D1601A68F6
:1026C000F9680A441A602368013323602368012BE8
:1026D00001D90023236023681B01EB5C33B1022185
:1026E000304605F0AFFB114B01221A6022683046DC
:1026F000FB6805EB02154FF4C07269685A4305F098
:10270000D2FB0B4B1B681A7A3AB99B7A2BB9094B4F
:102710001868BDE8F84008F001BDF8BDA49D00248C
:1027200010000024809D0024A09D0024B49D00245E
:10273000A89D00249C9D002472B6FEE7014B012257
:102740001A607047B89D002438B5164D04462B68B2
:1027500013B1154B1B681BBB144B1868037A63B984
:10276000134B144A1B681B01D35C012B05D10E4B84
:102770001B6813B903681B6998470F4A1368012B3C
:102780000CD10E4B0B491B681B01CB5C33B92B687A
:1027900023B902212046136005F0B1FD022038BDA7
:1027A0000120FCE7B89D0024949D0024A89D0024EE
:1027B000989D002410000024B49D0024A49D0024B2
:1027C00070B50546002A37D0002B35D01B480324AE
:1027D0000461EC6826074FF4166618BF24F00F0456
:1027E000466018BF103404602409C4602C6914F0DA
:1027F0000F0418BFC4F1100484601148114C036029
:102800001148FFF7BBFE6A6C104B0F4D1A6028464B
:10281000FFF79AFF20602368022B05D10C4B4FF085
:10282000FF31186808F04EFC2368012BEFD100231C
:10283000084A1360084A136070BD00BF809D0024E1
:10284000C89D0024B09D0024989B0024A89D0024CE
:102850009C9D0024B89D0024949D00242DE9F04FF8
:102860009946436985B004460F4690462BB9294BDB
:10287000B221294A29481DF077FD08228169FFF716
:10288000D7FCA66920463146FFF7BFFCB11C834642
:102890002046FFF7BAFC311D82462046FFF79AFC1E
:1028A00006F10801A36A05460A189A4226D243F2A5
:1028B00030039B4517D146F264339A4513D190B14A
:1028C0000246A1612046FFF7B3FC0E9B01462A4653
:1028D0002046CDF80080CDE901933B46FFF770FF1D
:1028E000636901336361A3692B4405B9083301337C
:1028F000626A23F001039342A36109D101230120FD
:102900006361236AA36180F0010005B0BDE8F08F28
:102910000020F8E7ED1702080C1902085117020809
:10292000F8B50446816916460822FFF781FCA769BD
:102930002046391DFFF74EFC07F108010246054607
:102940002046FFF775FC01466EB12A46074C084D3C
:1029500033460748FFF712FE2846FFF7F5FE2060D2
:102960002368002BF8D00120F8BD00BFB09D0024E3
:10297000989B0024F0B5C7680122154C3901154E0B
:102980002368B1FBF3F163685943134B5A630901A0
:10299000E26836681505B61AB74215D3A468C4F1C3
:1029A00010042C435C640D4CC2F132022468120105
:1029B0002144D9631A6400221A61094ADA61426823
:1029C000DA60084A1A60F0BD45F010055D64EAE778
:1029D000809D0024AC9D002400100052C89D00245E
:1029E0000B0009FF012301000C4B00220270196843
:1029F0008260013119601968012900D91A60084BF9
:102A0000084A1B68D2689B1AC2689A4202D3064BD6
:102A100001221A60054B186808F080BB989D0024BD
:102A2000AC9D0024809D0024949D00249C9D002446
:102A30000121002208B5084608F0FAFA0A4B18608E
:102A400028B90A4B28210A4A0A481DF08DFC0022A9
:102A50000421012008F08BFB074B186018B9074BC5
:102A60002C21034AF0E708BDD09D00246719020815
:102A7000B0190208DF190208CC9D00241C1A0208B4
:102A8000024B4FF0FF31186808F01CBBD09D0024AA
:102A9000014B186808F042BBD09D0024024B002176
:102AA000186808F00FBB00BFD09D0024FFF7F0BFEF
:102AB0000023034803491A46006808F093BB00BF8F
:102AC000CC9D00243000002413B50023074C01A93D
:102AD0001A46206808F0B7FB4FF0FF33002201A927
:102AE000206808F0B0FB02B010BD00BFCC9D0024F0
:102AF00003685B6C184701207047FEE740F2EF3037
:102B00007047000010B504464FF0FF31D0F8A40D17
:102B100008F04CFA606803681B68984778B9637AD4
:102B20006BB1237A5BB984F8A03D204623685B6AC9
:102B30009847D4F8A40DBDE8104008F05ABA0B49E4
:102B40000B4A0B681B01D35C012BF2D1207A0028C1
:102B5000EFD1A07A0028ECD1086884F8A03D02EB00
:102B600000102372FFF706FFE3E700BF989D0024E3
:102B700010000024054B4FF080620360044BC3F843
:102B80008820BFF34F8FBFF36F8F7047E033020889
:102B900000E100E010B5044640F6A851FFF7EAFF57
:102BA00020461DF068F8204610BD0000104B82B092
:102BB000D3F8D42042F01002C3F8D420D3F8D420A4
:102BC00002F010020192019ADA6F42F01002DA6705
:102BD000DA6F22F01002DA67064B074A1A62074AD8
:102BE0005A62074B4FF080629A6002B0704700BF94
:102BF000004402580C9C0024492E0008FB2A0008BF
:102C000000E100E008B50A2809D8DFE800F0061066
:102C10000E080808081010101000022008BD054B0F
:102C20009121054A05481DF09FFB0020F6E7012091
:102C3000F4E700BF5E1A0208791A0208C41A0208F3
:102C400038B50C46887FFFF7DDFF124BA58AE28A74
:102C5000586342EA054221695A64628BD963521B68
:102C60001A642568082D0ED19A611A6158620A4AC1
:102C7000207F42EA0062DA61E2681A62074A59611B
:102C8000D9601A6038BD0022D8611A61E2689A637F
:102C9000034AF6E700100052090001000123020078
:102CA0000123030008B50B280BD8DFE800F006125B
:102CB000100A0A0A0A0808080808022008BD0520A8
:102CC000FCE7054B7021054A05481DF04DFB00202F
:102CD000F4E70120F2E700BF5E1A0208FF1A0208BB
:102CE000C41A02082DE9F8434F7F89463846FFF79A
:102CF000D9FF99F81E5080462846FFF7D3FF0646B5
:102D00002846FFF77FFFB9F81410B9F81A40B9F850
:102D10001820454B641A521A1C649C611A61B9F858
:102D20001620586342EA0142D9F810105A64D9F8C3
:102D30000420D963DA60D9F8004099F81C20802C6F
:102D400022D00FD8202C66D0402C64D0042C5CD02C
:102D500048EA0260344BAF4240F40030D86160D0A2
:102D6000324A3FE0B4F5807F04D0B4F5007FEFD164
:102D70002F4800E02F4840EA0262DA61D9F80C20BF
:102D80001A625E6259612CE048EA0260D9F8084094
:102D900040F40030D8615E625961211DD96221780A
:102DA00041B1012921D0244B40F20B11234A244880
:102DB0001DF0DAFADA69618822F47F42013922F0E3
:102DC000100242EA0122DA610122174BD96941F06F
:102DD0002001D961D9698906FCD410219960002AA3
:102DE000BED0184A1A60BDE8F883D969FF3A6088F6
:102DF00021F47F4118BF0122013821F0100141EA7E
:102E0000002141F01001D961DFE748EA026242F493
:102E10000032DA61B5E748EA0262034B42F400325D
:102E2000F7E742F20132DDE7001000520123010012
:102E3000090002000A000200491B0208631B020885
:102E4000C41A020801230200024B1B685868036879
:102E50005B6918477451022490F8A03D10B50446F0
:102E6000D3B903689B6A984719491A4A0B681B0132
:102E7000D35C012B2AD11848006838BB207A28BBC4
:102E8000A07A18BB086884F8A03D237202EB0010FA
:102E9000BDE81040FFF76EBD037A43B10023037213
:102EA0000B4B18680B4B03EB0010FFF79DFD6068A0
:102EB00003681B68984748B9637A3BB1236884F874
:102EC000A00D20465B6ABDE81040184710BD00BF4A
:102ED000989D002410000024949D002470B50446A1
:102EE0000E4B0C300026254660226060267266720A
:102EF00045F8203B29460BF09DFB04F55A63EE6034
:102F000024359D42FBD184F8A06D0020C4F8A46D47
:102F100008F014F8C4F8A40D204670BDE033020890
:102F2000034B1A68D207FCD423229A60704700BF73
:102F3000001000520B4A5369DB0311D500290FDD45
:102F400000F01F031944BFF34F8F0144C2F8680219
:102F500020300B1A002BF9DCBFF34F8FBFF36F8FBC
:102F6000704700BF00ED00E030B5104C2568ED075C
:102F7000FCD423250904FF2BA5604FF0010541EA8D
:102F8000050165636164E0630CD0094922F07F426A
:102F9000656241EA0363E361064B22626061E060BF
:102FA000236030BDE561044BA263F9E700100052D5
:102FB00009000100010002000100030030B50E4CC1
:102FC0002568ED07FCD423251204FF2BA5604FF0E4
:102FD000010542EA050265636264E063E16007D0CF
:102FE000064A42EA0363E36165626061226030BDC4
:102FF000034BE3612560FAE7001000520100020074
:10300000010002FF30B50B4C2568ED07FCD42325E9
:1030100012041B06A560012543F400332A436563AF
:103020006264E063E160E361034B656260612360B9
:1030300030BD00BF001000520100020001207047A7
:103040000C2070470C2303FB0100083070470C2351
:1030500003FB01000830704701207047982070473B
:10306000982303FB010008307047982303FB0100FD
:1030700008307047012070471020704700EB0110A6
:103080000830704700EB011008307047084600F028
:1030900037BE0000034B10B5044603600AF0E5F8A4
:1030A000204610BD9834020810B50446FFF7F2FF21
:1030B000142120461CF0DFFD204610BD034B10B547
:1030C000044603600AF0D1F8204610BD64340208BB
:1030D00010B50446FFF7F2FFA02120461CF0CBFDFF
:1030E000204610BD034B10B5044603600AF0BDF83E
:1030F000204610BD3034020810B50446FFF7F2FF39
:10310000182120461CF0B7FD204610BD084B10B515
:10311000044640F8CC3BFFF7BDFF04F12C00FFF75D
:10312000CDFF04F11400FFF7DDFF204610BD00BF06
:10313000CC34020808B50248FFF7E8FF08BD00BF1D
:1031400094AC002410B50446FFF7E0FF4FF4107173
:1031500020461CF090FD204610BD00002DE9F341F3
:1031600000F052FC0024054600F052FC23460146C4
:1031700022462846009411F0F9FF274B274A2046A3
:10318000274D1A6000F0C8FF264B274A27489A604F
:1031900011F098FE2B68BFF35B8FDB0735D4284610
:1031A0001CF06BFD88B3224C224B04F1E40604F1C1
:1031B000140004F12C0804F1CC0723606060C4F80B
:1031C0000880E76026610AF051F81B4B40466361B6
:1031D0000AF04CF8194B3846E3620AF047F8184BEE
:1031E00004F1E000C4F8CC3001F00CF8224604F100
:1031F000E001304600F0FCFF304600F081FD114850
:103200001DF0D0F828461CF044FD0F4802B0BDE880
:10321000F041FEF7D5BC00BFD8510224589E0024CF
:1032200090AC0024789E00245C9E0024340000248E
:1032300094AC0024CC340208303402086434020810
:103240009834020835310008D49D002470470000EE
:103250000148FEF7C7BC00BFD49D002473B50E4CD7
:103260000E4B0F4E20460F4D3360FFF737FE2846BA
:1032700015F094FD0C480FF0A7FF4FF448734FF47E
:10328000F07221460948CDE9003233462A46FEF75E
:103290003DFD02B070BD00BFE49E002498320208DC
:1032A0008CAC0024789E00245C9E0024D49D0024D5
:1032B0000148FFF75FBC00BFE49E00240020704778
:1032C00081807047C180704701817047418170479C
:1032D0007047704770477047704710B4C4880368E0
:1032E000121B84885B6D091B12B25DF8044B09B296
:1032F00018474FF6FF7383814FF0FF330362136863
:10330000C36110607047002070478B888380012064
:103310007047704780F82610704790F82600704775
:1033200010B50022B1F90840B1F90A1002804280BC
:103330008480C18010BD0022028042808280C280D1
:1033400070470177704780ED080A704780F82410B5
:10335000704780F8251070470120704798307047FB
:103360008C3070478430704770477047704700005A
:10337000024B902283F85A23704700BF00E100E01F
:1033800070470163C0E90D217047704700EB810071
:10339000114640680368DB68184780F83C107047A6
:1033A00010B5044648211CF066FC204610BD10B53F
:1033B00004462C211CF05FFC204610BD10B50446CD
:1033C000BC211CF058FC204610BD000038B5044656
:1033D0000AF049FA23689D6E0EF088FC01462046EB
:1033E000A847236808492046D3F88C5000231A4682
:1033F000A8476368054A5364054B5A60054A1A6337
:103400009A63054A5A6338BD009411D0DCAF00249A
:1034100094AF0024000000D00094110038B5044699
:103420000D46406C4FF0FF3107F0C0FD606C07F0B7
:10343000E0FD242303FB0545002385F8283094F89C
:1034400028300BB9236BA36338BD0AF0BDB90AF06D
:103450002CBB90F8252012B103685B6918477047B0
:10346000124A5369DB0370B51ED50023C2F88430BD
:10347000BFF34F8FD2F8803043F6E074C3F3C90036
:10348000C3F34E335B0103EA0406014646EA817545
:103490000139C2F87452F9D2203B13F1200FF2D156
:1034A000BFF34F8FBFF36F8F70BD00BF00ED00E023
:1034B00008B531B1044B4FF4B871044A04481CF00C
:1034C00053FF90F8290008BDA11B0208B51B020894
:1034D0003F1D020810B531B1064B4FF4B571064AD5
:1034E00006481CF041FF406811460368BDE81040E3
:1034F0001B6B1847A11B0208891D02083F1D02080B
:1035000008B529B1034B7921034A04481CF02CFF6C
:10351000C06808BDA11B0208371F02083F1D020832
:1035200010B5044629B1194BA221194A19481CF0BB
:103530001BFF052A15D8DFE802F0031115171C221E
:10354000406803681B69984758B1012384F8293003
:1035500084F82C300023C4E9043302E0002380F80F
:10356000293010BD0362F5E70362012380F82A3099
:10357000F0E7002380F8293001230362F1E7003BE4
:1035800018BF012380F82D30EBE700BFA11B020814
:10359000EC2002083F1D020810B50C4611461A46E1
:1035A0002CB1064B9021064A06481CF0DDFEC46093
:1035B00040680368BDE810409B681847A11B0208DB
:1035C000C02202083F1D020808B529B1054B82211F
:1035D000054A06481CF0C8FEC0E90411C0E90632DD
:1035E00008BD00BFA11B02089B2402083F1D020862
:1035F00090F83D3010B5044653B14FF0FF31406CA8
:1036000007F0D4FC002384F83D30012384F83E30D9
:1036100010BD90F825201AB190F8242002B118604E
:103620007047000010B50446104629B1134BD02155
:10363000134A14481CF098FE94F8293033B1124B09
:103640001B6893F86B2063691344636194F82B3013
:103650000BB9012010BDA368036303685B69984739
:10366000002394F82C0084F82B300028F1D194F832
:103670002D30002BEED184F82900EBE7A11B0208C6
:10368000572602083F1D02087451022470B51A4CD7
:1036900005460AF0DBF894F8293013B994F82A307B
:1036A000ABB1E169D4E90532534322694A439342FD
:1036B0000DD394F83C0038B19B1AB3FBF1F2994258
:1036C00098BF02F1FF326262012384F82E30012399
:1036D000206C84F83D3007F021FD94F83E302BB18A
:1036E000606C07F086FC002384F83E30686803684D
:1036F000BDE870401B69184794AF0024044B4FF09D
:103700008062C3F88820BFF34F8FBFF36F8F70477D
:1037100000E100E0024B4FF080629A60704700BF0A
:1037200000E100E0F8B5034690F82800D8B94FF45E
:1037300080729E6B0125D8609A8506F58C121861FF
:1037400002F5A05258619861D861186258629D6272
:1037500083F82E00D3E90C473C44A2420AD90B4B14
:1037600052210B4A03E00B4B40F2C5110A4A0B48A9
:103770001CF0FAFD9E609A634FF4487381F8345050
:10378000CB864FF4F07308630B87F8BDAF290208AE
:10379000EA290208F8270208282802083F1D020823
:1037A000002370B5124E04468380124B03603368C9
:1037B00093F858200AB1D86C00B998680368DB6A9E
:1037C0009847431E5D425D413368D86C30B1036851
:1037D000DB6A9847012808BF45F001052DB9064B63
:1037E0002721064A06481CF0BFFD204670BD00BFD9
:1037F00074510224E03402088D2B0208EB2B0208DE
:10380000242C020870B5254E3568BFF35B8F15F088
:10381000010540D130461CF030FA00283BD0204C46
:10382000204B04F134002561E584A562A585C4E937
:103830000035C4E902550FF0ACFF04F158000CF05C
:1038400039FB194B2046A365184B40F8843BFFF722
:10385000A7FF174B1748C4F884302433C4F890509E
:10386000C4F88C304FF4C803C4F89C50C4F8A85076
:10387000C4E928350023C4F8AC30C4F8B030C4F82B
:10388000B430C4F8B8300C4BC4F898301CF08AFD42
:1038900030461CF0FEF9024870BD00BFD4AE0024D3
:1038A000D8AE0024D83C020800350208783502085A
:1038B000243D02086D3300085C3D02082DE9F74302
:1038C000044601264FF416674FF0FF31206C07F0D5
:1038D000F9FB4FF0FF31606C07F068FB94F82E3075
:1038E00043B36568D4F820802B6884F82B60B8F166
:1038F000000F23D05B6A4146284698470023236285
:103900002B684FF4487200972846D3F814804FF480
:10391000F073A168C047236984F82C000133236148
:10392000F0B12B6828469B6A984701380023E06075
:1039300084F82E30606C07F05CFBC5E7626A002AF1
:10394000DED02846D3E909939847616A01442846A6
:10395000C8472369626AC4F8248013442361CFE70F
:103960000120E3E7014808B5FFF7A8FF94AF002462
:1039700038B514480025FEF7FBFB134C134B2A46C1
:103980002946012023604FF48073A563A387A38594
:1039900084F83E5084F82E50C4E90C55C4E9105503
:1039A000C4E90155C4E90355C4E90555C4E90755FF
:1039B000C4E9095507F03CFB2064284607F0BEFA2D
:1039C000606438BDDCAF002494AF0024C435020825
:1039D000704710B5044604211CF04DF9204610BD77
:1039E000012908B506D0022908D059B900F0D2FB48
:1039F000006808BD00F0CEFB4068FAE700F0CAFBA3
:103A00008068F6E70020F4E70048704714360208A3
:103A10000120704713B5002451B1036801AA019435
:103A20008DF803409C680DF10303A04702B010BD60
:103A30000846FBE7C0897047008A7047C088704716
:103A400080887047807A00F07F007047807AC009D4
:103A500070470020704700009FED010A704700BFCB
:103A6000000000007047704700F5987308684968C7
:103A700003C3704770477047416070477047704795
:103A8000064BC0F84801C0F84C310023C0F8503153
:103A900000F5A273C0F84031704700BF413B0008F9
:103AA000012303727047704710B441680346C2682F
:103AB0009B68541001EB6200D20748BF0A595DF8B9
:103AC000044B48BFD35818470346406830B19A6842
:103AD0001AB9D86800F0010070470120704710B58E
:103AE00004460C211CF0C7F8204610BD10B5044652
:103AF00010211CF0C0F8204610BD10B504464FF44C
:103B0000AE711CF0B8F8204610BD10B50EF0EEF8FE
:103B10000368BDE81040DB6B184710B50446D0F8C9
:103B2000400158B10368DB68984738B1D4F84001C8
:103B300003689B6898470023C4F8403110BD00001B
:103B40002DE9F14FD0E9556A0746B06803681B6A52
:103B50009847972805D8444BA321444A44481CF071
:103B600003FC706803681B6A98470F2803D8414B11
:103B7000A4213E4AF2E7F06803681B6A98470B28C5
:103B800003D83D4BA521394AE8E7DFF8F4900EF061
:103B9000ADF804300EF0CFF8D9F8000010B103688A
:103BA000DB689847D9F8000010B103681B68984794
:103BB000DFF8D080D8F8000010B103685B6998473F
:103BC000D7F83C0110B103685B689847D8F800004B
:103BD00010B103681B689847D7F83C0110B103681F
:103BE0009B689847F06800214FF0000B03685B6A00
:103BF0009847224B0446C0F804B080F808B05946F4
:103C00000360B06803685B6A9847054600F02CFBC8
:103C10007068594603685B6A98470646294600F073
:103C200003FB331DC7F83C612846C9F80040C8F8BB
:103C30000050CAF800302B68C6F808A0DB68EE63B5
:103C40009847336830461B6898472146284610F04D
:103C500003FA236820461B699847236820465B695E
:103C600001B0BDE8F04F1847942C0208222D02083D
:103C7000F42D0208492E0208EC2E02089C36020898
:103C8000BC510224B8510224044B1B6893F85820FD
:103C90000AB1D86C00B99868704700BF745102240B
:103CA00070B5164604460D460EF0E6F8104B00219E
:103CB0001C60104B2360104BC4E951310F4B186846
:103CC000C4E953110368C4E94F119B68C4E9556501
:103CD0009847FFF7D9FF16F062F9FFF7D5FF16F006
:103CE000D5F9FFF7D1FF16F0DDF9204670BD00BF12
:103CF000C8510224483602083036020874510224A2
:103D0000064BC0F84801C0F84C310023C0F85031D0
:103D100000F5A273C0F84031704700BF413B000876
:103D2000406A7047806A704770470B888A889BB2E8
:103D3000D20A10B54C88C16943EA044351F8220005
:103D4000184410BD10B50446BAB1107B68B1537B5E
:103D5000D27A1B0203F4E0631A43236A03EB820363
:103D60001A888A4202D193F9020010BD05D80138A1
:103D7000043380B20028F3D1F7E70020F5E710B54F
:103D800004462C211BF077FF204610BD30B58BB0C8
:103D90000446BDF860500895BDF85C5007959DF845
:103DA000505006959DF84C5005959DF84850049547
:103DB0009DF8445003959DF8405002959DF83C5065
:103DC0000195BDF8385000950FF0A0FD064B204638
:103DD0002360159BE361169B2362199B63621A9B08
:103DE000A3620BB030BD00BFC036020870477047F9
:103DF0007047704770477047704710B50446982168
:103E00001BF039FF204610BD2DE9F0411D46036827
:103E1000044616461B6BBDF9187098472368314657
:103E200020465B6B98472368294620469B6B984742
:103E3000236839462046DB6BBDE8F0411847000097
:103E4000094A4FF48071026000228184FF2182625E
:103E500080F82610C0E90122C0E90322C0E905224A
:103E6000C0E90722704700BFF43D02082DE9F7437F
:103E7000044600260FF044FF1A4B254604F16C0758
:103E80004FF4F079E66345F8403B2846FFF7D8FF4A
:103E90003846FFF7D5FF3246314628464FF448737F
:103EA000CDF80090FFF7B0FF04F104084FF07F4316
:103EB00029464046A36609F0EDF9324631463846B8
:103EC0004FF44873CDF80090FFF79EFF4FF0FF339B
:103ED00040463946C4F8943009F0DCF9204603B076
:103EE000BDE8F083283702087047000030B5164D52
:103EF0008FB02C68BFF35B8F14F0010420D12846EB
:103F00001BF0BBFEE0B13F23012210490993104B87
:103F100010480893104B0A940594CDE906430423F6
:103F2000CDE903320A23CDE90B440093CDE90144E6
:103F3000FFF72CFF09481CF035FA28461BF0A9FEB4
:103F400004480FB030BD00BF24B00024F444020880
:103F50002445020828B0002430450208E93E000844
:103F60007047000030B5164D8FB02C68BFF35B8FE3
:103F700014F0010420D128461BF07FFEE0B13F235E
:103F8000012210490993104B10480893104B0A94D2
:103F90000594CDE906430423CDE903321423CDE98A
:103FA0000B440093CDE90144FFF7F0FE09481CF0F3
:103FB000F9F928461BF06DFE04480FB030BD00BF74
:103FC00054B00024044502082845020858B00024D3
:103FD00034450208613F00087047000030B5164DB7
:103FE0008FB02C68BFF35B8F14F0010420D12846FA
:103FF0001BF043FEE0B13F23012210490993104B0F
:1040000010480893104B0A940594CDE90643042305
:10401000CDE903322823CDE90B440093CDE90144D7
:10402000FFF7B4FE09481CF0BDF928461BF031FE2D
:1040300004480FB030BD00BF84B00024144502080E
:104040002C45020888B0002438450208D93F0008F2
:1040500000207047002070470EB403B503AB002169
:1040600053F8042B01930EF0CFFE02B05DF804EB81
:1040700003B070470CB407B504AB53F8042B01939D
:104080000EF0C2FE03B05DF804EB02B07047000012
:10409000436C10B5044673B3038F2BB9184BC5217D
:1040A000184A19481CF060F9C38E00EB43035B8C7F
:1040B0000BB310F0CBFC238F012B03D8134BCB2178
:1040C000134AEEE7E28E40F63F10531C9BB2092BD9
:1040D000194688BFA3F10A0104EB4101498C8142D2
:1040E00009D10A2B04EB420228BF0023508C04EBB9
:1040F0004303588451842046BDE8104010F0A8BB0B
:104100008F2F0208982F0208433002089B300208C4
:10411000A930020810F065BB38B518BB124B134824
:104120001C681349B4B122682244026062682244C8
:104130000A60A26814440F4B00221A8000F02AF88B
:10414000054600F025F80C4B1C600C4B1D600C4B19
:10415000188007E00B4B03600B4B0B600B4B1C688C
:10416000002CE8D138BD00BFC0B00024B8B0002496
:10417000B4B00024BCB00024CC510224D451022499
:10418000D05102240400009000000090080000902C
:104190000020704700487047C4B0002410B5054C9B
:1041A000FFF7E0FE2060FFF719FF6060FFF79EFE5B
:1041B000A06010BDC4B0002410B5002404600C60E1
:1041C00014601C6010BD704710B504464FF4AE710A
:1041D0001BF051FD204610BD10B50446D0F8580123
:1041E00000F013F82046BDE810400DF001BE0000BD
:1041F00010B50446FFF754FD014B2046236010BD67
:104200005C3702080022026070477047704704382C
:104210007047704710B5044610211BF02CFD204656
:1042200010BDA0F10400F5E70022C1608260024ADF
:104230000260183242607047B037020870470000D1
:10424000034B10B504460360FFF7D5FD204610BDB3
:10425000D837020810B50446FFF7F2FF9821204630
:104260001BF009FD204610BD10B50446FFF7FEFD0A
:10427000014B2046236010BDD8370208FFF7BCBDB4
:1042800001234FF4487200200B8002238B704FF4FF
:10429000F073C1E90123704790F82430012B04BF6B
:1042A000002380F82430002070470020704710B4AD
:1042B00004690089A4465DF8044B604710B4C468E3
:1042C0000089A4465DF8044B604770B500F11805FD
:1042D0000E460978284600F011F90446317928463F
:1042E00000F018F90444317A284600F01FF904441C
:1042F000317B284600F026F90444317C284600F042
:104300002DF90444317D284600F034F9C44214BF2D
:104310004FF0FF30002070BD13B50C4618300DF182
:10432000070100F03FF99DF80730236002B010BD8F
:1043300037B500F118050C4601A9284600F0D1F860
:1043400008BB9DF80430022B98BF18460423206058
:10435000032128460DEB030200F0B0F8B0B99DF838
:1043600004309DF805201B0203F4706313439DF88D
:10437000072063609DF806301B0203F4706313434B
:10438000A36003B030BD4FF0FF30DFE74FF0FF30E8
:10439000F7E7183000F0A0B80121183000F0F6B8A7
:1043A0000021183000F0F2B810B590F8243004461F
:1043B0006BB9036898472046FFF7F2FF00384FF0CB
:1043C000010318BF012084F82430404210BD0020B2
:1043D000FCE70020704730B500F1180585B00C46A9
:1043E000284601A900F07DF8002845D19DF8043049
:1043F000022B98BF184620600C2301AA03212846EF
:1044000000F05CF800283AD19DF804209DF80510D2
:104410001302920903F47063E2610B439DF80710E5
:104420009DF80A2063609DF806301B0203F4706358
:104430000B439DF80B10E3609DF8083063619DF815
:1044400009301B0963621302920903F4706322624C
:104450000B439DF80D10A3609DF80C301B0203F474
:1044600070630B4323619DF80E30A3619DF80F30FC
:104470001B09A36205B030BD4FF0FF30BBE74FF022
:10448000FF30F7E790B14A680B6842600A89036021
:104490000281CA68C2600A6902614A6900624261B7
:1044A000044AC261044A826103B118474FF0FF30E9
:1044B000704700BFAF420008BD42000810B4D0E909
:1044C0000140A4465DF8044B604710B4046880685E
:1044D000A4465DF8044B604701230A461946FFF7DE
:1044E000EDBF10B50A460C4601230221FFF7E6FF97
:1044F00018B9237803F00F03237010BD07B501230B
:104500008DF807100DF107029121FFF7DEFF03B0D0
:104510005DF804FB07B501238DF807100DF10702C4
:104520009221FFF7D2FF03B05DF804FB07B501232A
:104530008DF807100DF107029321FFF7C6FF03B0B6
:104540005DF804FB07B501238DF807100DF1070294
:104550009421FFF7BAFF03B05DF804FB07B5012310
:104560008DF807100DF107029521FFF7AEFF03B09C
:104570005DF804FB07B501238DF807100DF1070264
:104580009621FFF7A2FF03B05DF804FB07B50123F6
:104590008DF807100DF10702A421FFF796FF03B075
:1045A0005DF804FB0A460123A821FFF787BF00003E
:1045B00008B50122074BC3E900219A600022194681
:1045C000DA604FF6FF7206F0BFF9003818BF01201D
:1045D000404208BDD0B0002408B50222084BC3E910
:1045E000002101210022C3E902124FF6FF72194691
:1045F00006F0AAF9003818BF0120404208BD00BFEC
:10460000D0B000240A46D1E9033110B50B435169FB
:1046100004240B4391690B43D16912680B4307498A
:104620004A6001220C60C1E902234FF6FF7206F0D6
:104630008BF9003818BF0120404210BDD0B00024D3
:1046400008B5084BC3E9002108210022C3E9021282
:104650004FF6FF72194606F077F9003818BF0120AF
:10466000404208BDD0B0002408B506F08CF90038EF
:1046700018BF0120404208BD70B50C4609680546C8
:10468000FFF796FF10B14FF0FF3070BD01F07EFCD8
:10469000064601F07BFC8642FBD021682846FFF7E6
:1046A0009BFF0028EFD12846D4E90012FFF7C8FF8E
:1046B0000028E8D121462846FFF7A4FF0028E2D1D0
:1046C000A1682846FFF7D0FF003818BF01204042FC
:1046D000DBE74FF000624FF400534FF48071C0E904
:1046E00000234FF48043C0E902314FF400230361FB
:1046F0000020704700B54FF4407395B04FF0407202
:104700000C9305230F920222069300230B9206A915
:1047100013930093049303926A46CDE90D33CDE9D8
:104720001133102302934FF48003059340F20113D9
:10473000019341F2883304F01BFD002814BF6FF091
:104740000400002015B05DF804FB032941F2883213
:1047500030B518BF4FF4807395B008BF4FF4407365
:104760000C4606A905460C93062306930023CDE9C3
:104770000D330F930B931393CDE9113304F0F8FB32
:1047800020BB40F202230222032C4FF4800104904C
:104790002846CDE900334FF01003CDE902324FF047
:1047A00005036A46CDE9051314BF4FF080734FF03F
:1047B000407306A90F9341F2883304F0D9FC002816
:1047C00014BF6FF00400002015B030BD6FF0010081
:1047D000FAE7032930B518BF4FF480738FB008BFD4
:1047E0004FF4407304460D460693B723009300230D
:1047F000CDE90733099305930D93CDE90B33FFF70B
:10480000A4FF18B16FF001000FB030BD41F2883243
:104810006946204604F0ACFB0028F3D12946204627
:10482000FFF768FF0028EFD0ECE700B54FF4807386
:104830008FB041F2883206933523694600930023F6
:10484000CDE90733099305930D93CDE90B3304F0BC
:104850008FFB002814BF6FF0010000200FB05DF83F
:1048600004FB00B54FF480738FB041F28832069399
:10487000F523694600930023CDE907330993059397
:104880000D93CDE90B3304F073FB002814BF6FF0D8
:10489000010000200FB05DF804FB00B591B00329C2
:1048A0000ED8DFE801F00229343F4FF480730893FB
:1048B0000E2302934FF4806309934FF080730B93A0
:1048C00008224FF440534FF0004C02A907924FF0DA
:1048D000804205930023CDE90DC26A460A930F93E7
:1048E000CDE9003304F095FC002814BF6FF00500FB
:1048F000002011B05DF804FB4FF4807308933D2352
:1049000002934FF4806309934FF00073D7E74FF49D
:1049100080730893EE2302934FF4406309934FF0A2
:104920004073CCE74FF440730893ED23F3E700B5F1
:1049300091B003290ED8DFE801F00225303B4FF497
:10494000807308930C2302934FF4806309934FF014
:1049500080730B9308236A4602A907934FF44053D0
:10496000059300230A930F93CDE90D33CDE900336E
:1049700004F04FFC002814BF6FF00500002011B0B8
:104980005DF804FB4FF480730893BC2302934FF44B
:10499000006309934FF00073DBE74FF480730893D3
:1049A000EC2302934FF4406309934FF04073D0E738
:1049B0004FF440730893EB23F3E7032941F2883265
:1049C00000B518BF4FF480738FB008BF4FF4407329
:1049D00069460693662300930023CDE907330993C4
:1049E00005930D93CDE90B3304F0C2FA002814BFF0
:1049F0006FF0010000200FB05DF804FB032941F2C5
:104A0000883200B518BF4FF480738FB008BF4FF4E1
:104A1000407369460693992300930023CDE9073339
:104A2000099305930D93CDE90B3304F0A1FA002807
:104A300014BF6FF0010000200FB05DF804FB10B44C
:104A400084680088A4465DF8044B604710B444684D
:104A50000088A4465DF8044B604770B5C3680446FF
:104A60000D4698470646E3689847831BAB42FAD346
:104A700070BD00002DE9F341002300F11005074649
:104A80000E4690461946DE4A284600F099FB03235D
:104A90000446DC4AFF21284600F092FB0023044430
:104AA000D94A1946284600F08BFB02230444D74A12
:104AB000FF21284600F084FB00230444D24A194613
:104AC000284600F07DFB04440023D14AC421284637
:104AD00000F076FB0A2104443846FFF7BEFF0023AE
:104AE000CC4A2846194600F06BFB04440023CA4A0E
:104AF000C421284600F064FB0A2104443846FFF72D
:104B0000ACFF0023C54A2846194600F059FB002394
:104B10000444C34AC521284600F052FB0023044444
:104B2000C04A1946284600F04BFB00230444BE4A05
:104B3000C521284600F044FB00230444BB4A194623
:104B4000284600F03DFB00230444B94AC021284612
:104B500000F036FB00230444A94A1946284600F019
:104B60002FFB00230444B34AD921284600F028FB38
:104B700000230444B04A1946284600F021FB0023D4
:104B80000444AE4AC121284600F01AFB0023044425
:104B9000AB4A1946284600F013FB00230444A94AF7
:104BA000C521284600F00CFB00230444A64A194600
:104BB000284600F005FB002304449B4AC5212846F3
:104BC00000F0FEFA002304448D4A1946284600F0FE
:104BD000F7FA022304449D4AD821284600F0F0FA4F
:104BE000002304449A4A1946284600F0E9FA0023B3
:104BF0000444984AC521284600F0E2FA0023044400
:104C0000954A1946284600F0DBFA00230444934AEB
:104C1000C021284600F0D4FA00230444904A1946E3
:104C2000284600F0CDFA002304448E4AC5212846C8
:104C300000F0C6FA002304448B4A1946284600F0C7
:104C4000BFFA00230444894AC421284600F0B8FA78
:104C500000230444784A1946284600F0B1FA00239C
:104C60000444834AC121284600F0AAFA00230444E0
:104C7000804A1946284600F0A3FA022304447E4ADB
:104C8000B321284600F09CFA002304445E4A1946EA
:104C9000284600F095FA06230444784ACE21284697
:104CA00000F08EFA00230444754A1946284600F0A5
:104CB00087FA0E230444734ACE21284600F080FA76
:104CC00000230444704A1946284600F079FA0E235E
:104CD00004446E4ACE21284600F072FA00230444B0
:104CE0006B4A1946284600F06BFA0A230444694AC5
:104CF000CF21284600F064FA00230444664A19468E
:104D0000284600F05DFA00230444644ACF21284677
:104D100000F056FA002304443B4A1946284600F0A6
:104D20004FFA0A2304445E4ACB21284600F048FA91
:104D3000002304445B4A1946284600F041FA0F2339
:104D40000444594ACB21284600F03AFA002304448F
:104D50004B4A1946284600F033FA0F230444534ABD
:104D6000CB21284600F02CFA00230444464A194679
:104D7000284600F025FA0A2304444D4ACB21284650
:104D800000F01EFA00230444414A1946284600F068
:104D900017FA0F230444474ACB21284600F010FAA3
:104DA000002304443C4A1946284600F009FA0F2320
:104DB0000444414ACB21284600F002FA002304446F
:104DC0003E4A1946284600F0FBF90A2304443C4AAF
:104DD000CB21284600F0F4F900230444394A19464F
:104DE000284600F0EDF90A230444374ACB2128462F
:104DF00000F0E6F900230444034A1946284665E01A
:104E0000113902080D390208123902080B3902085B
:104E10001339020814390208153902081639020834
:104E20001739020818390208193902081A39020814
:104E30001B3902081C3902081F39020820390208F0
:104E400021390208223902082339020809390208E7
:104E500024390208253902082639020827390208B0
:104E600028390208293902081D3902082A3902089E
:104E70002B3902082C3902080739020801390208C7
:104E80002D390208F33802082E390208E5380208E5
:104E90002F390208DB380208303902083D39020890
:104EA000D138020831390208C2380208B338020882
:104EB000A93802089A3802088B38020832390208E9
:104EC00081380208333902087738020800F078F98F
:104ED0000A2304448E4ACC21284600F071F90023AD
:104EE00004448C4A1946284600F06AF90F2304440A
:104EF000894ACC21284600F063F900230444874AFC
:104F00001946284600F05CF90F230444844ACC215A
:104F1000284600F055F900230444824A19462846E1
:104F200000F04EF90A2304447F4ACC21284600F0C1
:104F300047F9002304447D4A1946284600F040F909
:104F40000F2304447A4ACC21284600F039F9002383
:104F50000444784A1946284600F032F90F230444E5
:104F6000754ACC21284600F02BF900230444734AEB
:104F70001946284600F024F900230444704AC5214C
:104F8000284600F01DF9002304446E4A19462846BD
:104F900000F016F9002304446B4AF521284600F07E
:104FA0000FF900230444694A1946284600F008F91D
:104FB00000230444664AC621284600F001F9002374
:104FC0000444644A1946284600F0FAF803230444CE
:104FD000614AFF21284600F0F3F8002304445D4AAB
:104FE0001946284600F0ECF800230444594A1946B3
:104FF000284600F0E5F810230444584AE1212846E9
:1050000000F0DEF800230444524A1946284600F016
:10501000D7F804441023524AE221284600F0D0F881
:10502000044400234F4A1121284600F0C9F8782192
:1050300004443846FFF711FD4B4F002E61D0022E7D
:1050400007D10023494A3A21284600F0B9F8044420
:105050007E60B8F1010F57D160230DF107023621B0
:1050600028468DF80730002300F0AAF826180423FC
:105070003F4A2A21284600F0A3F8064404233D4A6B
:105080002B21284600F09CF83418C7F80080002631
:105090000023394A5121284600F092F8044433464F
:1050A000364A53212846BE6000F08AF8044433464D
:1050B000334A5521284600F083F804443346314AE8
:1050C0005E21284600F07CF8044433462E4A29210C
:1050D000284600F075F80444334631461D4A2846F8
:1050E00000F06EF804443346284A2C21284600F08C
:1050F00067F8C44214BF4FF0FF30304602B0BDE83D
:10510000F0813346224A9EE700233B60BFE700BFA1
:105110006D380208313902085E3802082D3902085C
:105120004F3802082E390208453802082F39020884
:105130003638020830390208273802081D390208BB
:105140003E3902083F390208403902084139020855
:1051500042390208113902082438020814380208BA
:105160000438020834390208E0B000243539020856
:10517000473902084339020837390208383902082A
:10518000393902083A3902083B3902083C39020829
:105190003639020860B14B6843608B688360CB6826
:1051A0008061C360044B4361044B0361002070477E
:1051B0004FF0FF30704700BF3F4A00084D4A0008DB
:1051C00010B404688068A4465DF8044B6047000092
:1051D000104A08B51368013B13600BB1002008BDED
:1051E0004FF480510C4801F03FFE0B484FF4005142
:1051F00001F03AFE094A0A48D2F8F43023F080035D
:10520000C2F8F43002F090F80028E7D06FF0070001
:10521000E5E700BF44BB0024000C025800440258DC
:10522000ECB000240023012210B541600446036263
:10523000C0E90232C0E90433C0E9063302F01EF8C7
:10524000014608B1012010BD204602F044FA014693
:105250000028F7D1204602F064FA003818BF012078
:10526000F1E70000A24BA3482DE9F04F93B0036093
:10527000A14B1C681CB1002013B0BDE8F08F0122C7
:105280001A6002F023FA0028F5D19C4D4FF0120865
:1052900002270426D5F8E0300DA9994843F0080309
:1052A000C5F8E030D5F8E03003F008030A930A9B14
:1052B000D5F8E03043F00803C5F8E030D5F8E03029
:1052C0000F9403F008030B930B9B4FF48053CDE92D
:1052D0001076CDE90D3801F0DFFC4FF400530DA935
:1052E00087481196CDE90D38CDE90F4701F0D4FC80
:1052F000D5F8F43043F08003C5F8F430D5F8F43035
:1053000003F080030C930C9BD5F89C3043F0800392
:10531000C5F89C30D5F89C3023F08003C5F89C304C
:1053200004F0AAFC00286DD0764B2246A2464FF02E
:10533000100903EB5003DFF8D4B1B3FBF0F000EB3E
:10534000400500FA07F60146C5F13203C6F5C376FB
:1053500023EAE37326EAE67600936B4B1B688846E4
:105360004FF0000CB8F5AF7FCDF804C00CF1010C84
:105370005BD30027BE46009DBD4250D8BE424ED3EF
:1053800091454CD0142505FB03FA0133019D0BEB2D
:105390000A097F2B4BF80A20C9E9015E3CD95A4A19
:1053A0001360594B4FEA400B584900271B6806937E
:1053B00040F6C41304934FF0FF3300930BF1320314
:1053C0000993CBF5806301330293069B9F4238D14A
:1053D000009B7F2B16D81421009A4C4B4A439918F6
:1053E0009B580C7C44EA03744B681B0503F4700360
:1053F0001C438B681B0403F470231C43CB681B0203
:105400009BB21C4321463B48FFF70CFF00283FF4AA
:1054100032AF6FF007002FE791464FF0010A0EF10F
:10542000010E0F44BEF1100FA5D1BCF1100F88443E
:1054300098D101320144102A91D1BAF1000FAED1B6
:10544000AFE70B684FF0000C099D03FB00031D4400
:1054500003EB0B060395A6F63406029D0896ED1A9B
:105460006D000195039D40F21452CDF814C00CF16B
:10547000010C954230D9A5F13206B0EB960F2BD234
:10548000089E4FF0000EDDF804902E44DDF80C80ED
:1054900006F2A11A40F21242CDF81CE00EF1010E04
:1054A000924512D8B8F5167F0FD340450DD236EA93
:1054B000260A28BFCA46049A924506D2059ACDF814
:1054C00010A00A61079A0097CA60BEF5807F9844D1
:1054D0001E44A9EB0309DBD1019ABCF5807F1D4472
:1054E000A2EB03020192BED1013714316DE700BF78
:1054F000001C0058ECB0002444BB002400440258B7
:10550000000C025800CA9A3B40B1002444B1002468
:105510001FB54FF47A7400920A4601460848CDE957
:105520000134012301F01AFF40B1054802F0D1F81F
:10553000042814BF6FF003006FF0650004B010BDC5
:10554000ECB000241FB54FF47A7400920A4601466D
:105550000848CDE90134012301F0DAFF40B10548E4
:1055600002F0B7F8042814BF6FF003006FF0650075
:1055700004B010BDECB0002400F008BD094A4FF49F
:10558000407C02604A684260012282608A68C26090
:105590000A6802610022C0E905C2C261CA680262EB
:1055A00003F09ABC0050005210B588B90A4C0B4861
:1055B000A37861784BB9FFF7BAF910B16FF0040026
:1055C00010BD022300202370FAE7FFF766F9F4E725
:1055D0006FF00100F4E700BF48BB0024CC99002421
:1055E000F8B50C46174630BB174D2B78022B25D04B
:1055F000B2FA82F3154E5B0930461B01F36003F0EB
:105600006BFCF0B96B78032B0FD1032C05D1012370
:1056100000206C702B70AF70F8BD3046FFF721F999
:105620000028F4D06FF00400F6E7032CEFD13046E9
:10563000FFF7FBF8F4E76FF00100EDE76FF01900FA
:10564000EAE76FF00300E7E748BB0024CC990024A9
:105650002DE9F0470C46A4B0002840F0AC81034D82
:105660002F782FB1002024B0BDE8F08748BB00247C
:10567000C34B4FF00409092616A9D3F8D4204FF0E4
:105680004008C0484FF00A0A42F48042C3F8D420D0
:10569000D3F8D42002F480420192019ADA6F42F4E6
:1056A0008042DA67DA6F22F48042DA67D3F8E020CA
:1056B00042F00202C3F8E020D3F8E02002F0020238
:1056C0000292029AD3F8E02042F04002C3F8E020B0
:1056D000D3F8E02002F040020392039AD3F8E020CE
:1056E00042F00802C3F8E020D3F8E02002F00802FC
:1056F0000492049AD3F8E02042F02002C3F8E0209C
:10570000D3F8E02002F020020592059AD3F8E020B9
:1057100042F02002C3F8E020D3F8E02002F020029B
:105720000692069AD3F8E02042F02002C3F8E02067
:10573000D3F8E02002F020020792079AD3F8E02085
:1057400042F04002C3F8E020D3F8E02002F040022B
:105750000892089AD3F8E02042F08002C3F8E020D3
:10576000D3F8E02002F080020992099AD3F8E020F1
:1057700042F08002C3F8E020D3F8E02002F080027B
:105780000A920A9AD3F8E02042F04002C3F8E020DF
:10579000D3F8E02002F040020B920B9AD3F8E020FD
:1057A00042F04002C3F8E020D3F8E03003F04003B9
:1057B0000C930C9B0223CDE9169303231A96CDE993
:1057C000187301F069FA012316A96F481893CDF8F0
:1057D0005880CDF868A001F05FFA4FF4006316A975
:1057E0006A48169318971A9601F056FA16A9CDF83A
:1057F000589067484FF400791A9601F04DFA16A9AF
:105800006448CDF85890CDF868A001F045FA082317
:1058100016A95F4816931A9601F03EFA802316A93E
:105820005C4816931A9601F037FA16A95648CDF837
:10583000589001F031FA16A95648CDF8588001F079
:105840002BFA4FF4804316A94F48169301F024FA1F
:105850003A460F215C2000F0C9FB5C2000F0F8FB09
:1058600011A8FEF736FF63784B4ACDF8408052F816
:1058700023200E92119A92FAA2F2B3FA83F3B2FAAB
:1058800082F20DA945485B09013A1B010D920F9365
:10589000FFF774FE002840F0918003213F48FFF796
:1058A0008CF8002840F0848003213C48FFF7A6F8DC
:1058B00000287DD169783948FEF71CFF0146002891
:1058C00076D13648FFF779F80146002870D1334881
:1058D000FFF794F8014600286AD10123A8702F48E9
:1058E0002B80FEF707FF002862D169782B48FEF76E
:1058F00070FF00285CD14FF44073ADF802001B909C
:1059000041F288321C93852316A916934FF04073F9
:105910001F930223CDE91D00CDE92030CDE92200FF
:105920001E4803F025FB002842D141F288320DF1D8
:1059300002011A4803F0BCFB002839D169781748E6
:10594000FEF703FFA0BB812341F2883216A913485A
:105950001693BDF8023023F0F0031B051B0D43F432
:10596000004343F08003ADF8023003F001FBF8B9C7
:1059700041F288320DF10201084803F03DFB0FE0CF
:10598000004402580004025800180258000C025843
:10599000001C0258001402584C390208CC9900240B
:1059A00030B962782178FFF71BFE00283FF45AAE29
:1059B0006FF0040057E66FF0010054E66FF003004B
:1059C00051E600BF10B5044670B9094B09480360A1
:1059D00004F0ACFF7A2000F049FB0748074B036056
:1059E00003F002F8204610BD6FF00100FBE700BF96
:1059F000404100524CBC002454BB002440000052E3
:105A000001221549154B10B588B082604024C0E9C9
:105A1000001204212022C0E903124FF4C072C0E931
:105A2000054200224FF40064C0E907244FF480547B
:105A300044629A6207220223CDE903126944079364
:105A4000CDE90132CDE9053304F048FF003818BF35
:105A5000012008B010BD00BF404100524CBC0024E2
:105A6000F0B505468FB0002840F0DD80714B03276C
:105A700009A97148D3F8D420704C42F48052704E7A
:105A8000C3F8D420D3F8D42002F480520192019AB2
:105A9000D3F8D42042F00102C3F8D420D3F8D420A4
:105AA00002F001020292029AD3F8E02042F00802CA
:105AB000C3F8E020D3F8E02002F008020392039A32
:105AC000D3F8E02042F01002C3F8E020D3F8E02041
:105AD00002F010020492049AD3F8E02042F020026F
:105AE000C3F8E020D3F8E02002F020020592059AE6
:105AF000D3F8E02042F04002C3F8E020D3F8E020E1
:105B000002F040020692069AD3F8E02042F08002AA
:105B1000C3F8E020D3F8E02002F080020792079A51
:105B2000D3F8E02042F48072C3F8E0200222D3F8D8
:105B3000E03003F480730893089B0123CDE90A2326
:105B40000C23CDE90C734CF20373099301F0A4F814
:105B50004FF6837309A93B48099301F09DF84FF66E
:105B60003F0309A93848099301F096F848F2371322
:105B700009A93648099301F08FF84FF6E07309A997
:105B80003348099301F088F840F2FF6309A93148CE
:105B9000099301F081F84FF080414FF0805340F2BB
:105BA000022040F6080234632664C4E90113C4E904
:105BB0000502802320222046A362C4E90723C4E90A
:105BC00003354FF00072244B62622360C4E90B5529
:105BD000C4E90D5502F008FF204602F096FE2A4661
:105BE0000F217A2000F002FA7A2000F031FA3046D4
:105BF000FFF706FFD0B919490823C1E9003740F281
:105C000003630861C1E902303023C1E905304FF474
:105C100000733046CB61FEF72FFD002818BF6FF0F0
:105C200004000FB0F0BD6FF00100FAE74FF0FF3055
:105C3000F7E700BF00440258000C0258C0BB002424
:105C40004CBC0024001002580014025800180258DE
:105C5000001C025800200258400000522CBC0024B6
:105C60002DE9F0470C468CB0064600285CD10B6845
:105C70005A1EB2F5487F57D24A68511EB1F5F07FDF
:105C800052D2934228BF1346E2689A424CD87023FE
:105C900054220DF10409DFF8D4A0CDE901232E4BE5
:105CA00006932E4B07932E4B0A932E4B09932E4BA4
:105CB0000B9359F8043B06A92C48ADF82030FEF7A9
:105CC000E1FBC0B969462948FEF726FB98B9009B5D
:105CD000112B10D103A92548FEF7D2FA244F254BEA
:105CE000DFF898802148C8F80030C7F800A01B688A
:105CF00098470546D8B116B14FF0FF3510E00126A0
:105D0000D7E7079B22683361089B61687361E3688A
:105D10001A440B4401320133B2617362C6E90723AE
:105D200028460CB0BDE8F0876FF00105F8E723685E
:105D300006A9114E3868336063687360A368B36066
:105D4000E368F360D8F80030DB6998470028D8DAB8
:105D50006FF00405E4E700BF65520008D151000868
:105D600045550008115500087955000880BC0024ED
:105D7000A8BC002438000024ACBC0024D4BC0024FF
:105D8000F0B50C4685B000284DD1284B01A9284A12
:105D90001B6810681B699847002841DB2549019E54
:105DA0008D69086A002E37D08F68D1F810E017F09F
:105DB000080FDDE9023202BF94461A46634617F027
:105DC000020F1CBF0EF1FF3CACEB0202D1F814C075
:105DD0007F0744BF0CF1FF37FB1A0F687A434F6807
:105DE00026607B43CF68B2FBFEF2B3FBFCF3AA4212
:105DF0006260A3608CBFA2EB050CA5EB020C834292
:105E00008CBF1E1AC61A674501D3B74205D28A61F4
:105E10000B62002005B0F0BD2660C4E90150F8E730
:105E20006FF00400F6E76FF00100F3E7D4BC002444
:105E3000A8BC0024ACBC00242D4BD3F8882042F42D
:105E40007002C3F888201A6942F010021A61294AC8
:105E5000136803F00F03062B05D8136823F00F0314
:105E600043F007031360244B1A6842F001021A60E2
:105E700000221A61214A19680A401E491A600A68FC
:105E8000120705D50A6822F00F0242F007020A60E5
:105E900000221B499A61DA611A6299621949D96232
:105EA000194919635A639963DA6319645A64196862
:105EB00021F4802119601A664FF0B042D2F8E43024
:105EC00043F48043C2F8E430104B1B686FF30F03B8
:105ED000B3F1005F03D20E4B0122C3F808210D4B32
:105EE00043F2D2021A604FF00062014B9A60704791
:105EF00000ED00E000200052004402587FEDF6EA79
:105F0000000202020000FF01800201010010005C9B
:105F1000008000510040005210B5032000F054F8FA
:105F200003F0AEFC0F49104A8B69C3F30323D35C23
:105F300003F01F03D8408B6903F00F03D35C0B4AB7
:105F400003F01F0320FA03F31360094B18600020CD
:105F5000FBF756FB044618B9FBF738F8204610BD8E
:105F60000124FBE700440258543902086800002469
:105F70006C000024034A044B11681B780B44136027
:105F8000704700BFD8BC002470000024014B186883
:105F9000704700BFD8BC002438B50446FFF7F6FFB1
:105FA0000546631C1EBF044B1B78E418FFF7EEFF89
:105FB000431BA342FAD338BD70000024014B18687C
:105FC000000C70470010005C07490302CA6803F424
:105FD000E06322F4E0621204120C134343F0BF6347
:105FE00043F40033CB60704700ED00E0164B30B552
:105FF000DC68C4F30224C4F10703251D042B28BF69
:106000000423062D4FF0FF358CBF033C002405FA16
:1060100003F3002805FA04F521EA030322EA050246
:1060200003FA04F343EA02034FEA0313DBB206DB8D
:1060300000F1604000F5614080F8003330BD00F0B1
:106040000F00024A1354F9E700ED00E014ED00E000
:10605000002807DB0123410900F01F00024A8340AA
:1060600042F82130704700BF00E100E000280CDB5F
:106070004309012200F01F0004492033824041F807
:106080002320BFF34F8FBFF36F8F704700E100E015
:10609000BFF35F8F044B5A6A22F480325A620022A7
:1060A000C3F89420704700BF00ED00E0064B40F0BD
:1060B0000100C3F894005A6A42F480325A62BFF376
:1060C0004F8FBFF36F8F704700ED00E04378144AA5
:1060D000C2F89830D2F8A03023F00103C2F8A03003
:1060E0004368C2F89C30C37A017B1B0643EA017304
:1060F00001780B43817A43EAC143417B43EA814300
:10610000817B43EA4143C17B43EA0143417A43EA4D
:106110000123017A43EA4103C2F8A030704700BF6F
:1061200000ED00E010B5044608B9012010BD437F22
:1061300003F0FF0213B90277FAF76AFF02236377CD
:106140002379E3B92368134A5A619A6822F0180246
:106150009A6062792368D2B94FF0FF321A61002049
:106160009A68616922F060020A43A1699A609A689C
:1061700022F080020A439A6001236377D6E7D4E9CC
:106180000212204600F008F80028E2D0CDE722698C
:10619000E4E700BFB71DC104CB0710B50DD51F2321
:1061A000013B1DD321FA03F4E407F9D5102A13D0DB
:1061B000102A04D83AB1082A10D001200BE0182A7E
:1061C000FBD1062BF9D800684161836823F01803DE
:1061D00013438360002010BD072BF3E70F2BF1E77B
:1061E000102AE5D1E9E710B50446002836D090F82A
:1061F000613003F0FF021BB980F86020FAF720FF3E
:106200000223E069626884F8613023680243A06970
:10621000196821F4E02121F040010A431A60596B0A
:10622000A26821F48371024321F001010A43E1686D
:106230005A631A6C6FF30F020A431A64596BD4E95C
:10624000040221F44011520542EA005200200A43A0
:106250005A630123606684F8613010BD0120FCE7B9
:1062600070477047036870B55E6804461D68F207A2
:1062700014D5E90512D51A6822F480721A60426EAC
:1062800042F00102426601229A60042380F86130E4
:10629000002380F86030436A03B19847B20616D5F0
:1062A000AB0414D523681A6822F400521A60202225
:1062B0009A60636E43F002036366042384F86130DE
:1062C000002384F86030636A0BB12046984730079A
:1062D00016D5290514D523681A6822F400621A60BD
:1062E00008229A60636E43F004036366042384F813
:1062F0006130002384F86030636A0BB12046984710
:1063000072070BD56B0509D5236820461A6822F45D
:1063100080621A6004229A60FFF7A2FFB00714D5CA
:10632000A90512D523681A6822F400721A600222A5
:106330009A60636E6366012384F86130002384F8F9
:106340006030236A0BB120469847F20613D5EB0460
:1063500011D5236820461A6822F480521A60102250
:106360009A60636E6366012384F86130002384F8C9
:106370006030FFF776FF70BD2DE9F04107460D460E
:1063800014461E46FFF702FE80463B685A6FD2074E
:106390000AD544EA0624069A002044EA024444EA64
:1063A0008514DC66BDE8F081FFF7F0FDA0EB080086
:1063B000B0F57A7FE9D90320F4E7037C0246012B8C
:1063C0005BD003680020C3F8C400C3F8C800C80746
:1063D000916107D5D3F8C4006FEA10406FEA00401E
:1063E000C3F8C400880705D5D3F8C40040F4F810FA
:1063F000C3F8C400480705D5D3F8C80040F0010031
:10640000C3F8C800080705D5D3F8C80040F002005B
:10641000C3F8C800C80605D5D3F8C80040F00C0082
:10642000C3F8C800880605D5D3F8C80040F01000AE
:10643000C3F8C800480605D5D3F8C80040F02000CE
:10644000C3F8C800080605D5D3F8C80040F04000DE
:10645000C3F8C800C80505D5D3F8C80040F08000CF
:10646000C3F8C800890505D5D3F8C81041F4F85120
:10647000C3F8C81000201074704702207047000055
:106480007FB50D460446002800F0EA80437C0BB936
:10649000FAF7FAFD03236374002300932368D3F80B
:1064A000302442F08072C3F83024D3F8303403F043
:1064B00080730093009BFFF769FD06462268D2F8BF
:1064C0000C34D9046ED5D2F8303423F45E3323F47F
:1064D000FE73C2F83034D2F83014D5E90003DB0281
:1064E00043EA8003A86843EA004301200B43C2F853
:1064F000303400230193D2F8303443F00103C2F862
:106500003034D2F8303403F001030193019BFFF7DC
:1065100043FDFFF73BFD06462368D3F80C24D20564
:1065200048D50022A16802925A6842F001025A60DE
:106530005A6802F001020292029A9A6822F0FF025F
:106540009A609A680A43E1689A60D3F8A02042F002
:106550000202C3F8A020D3F8A02042F00402C3F83E
:10656000A020D3F8A42022F00302C3F8A420D3F87B
:10657000A4200A43C3F8A420FFF708FD23680646B9
:10658000D3F8A4309B0725D02368D3F8B03003F0AC
:106590009403942B25D0FFF7F9FC801BB0F57A7F8C
:1065A000F2D914E0FFF7F2FC801BB0F57A7F85D9B1
:1065B000032053E0FFF7EAFC801BB0F57A7FABD9EC
:1065C000F6E7FFF7E3FC801BB0F57A7F02D90023E2
:1065D0002374EDE72368D3F8B03003F01403142BD1
:1065E000EFD16B6846F2A8111E4A0020012B38BF7C
:1065F00001235A43AB6803F003039A402B684B43D3
:10660000B2FBF3F22368D3F8181421F03F01C3F86A
:106610001814D3F818140A436168C3F81824C3F88F
:10662000C400C3F8C80003905A68A06122F00102B8
:106630005A605A6802F001020392039AD3F8942038
:1066400022F00302C3F89420D3F894200A4342F0C6
:106650000102C3F8942001236061637404B070BD2B
:106660000120FBE700093D0070470368D3F80C24C4
:10667000D10710B5044608D5D3F80824D20704D5AD
:106680000122C3F81024FBF74BFC2368D3F80C2439
:10669000910709D5D3F80824920705D50222204690
:1066A000C3F81024FBF770FCA369002B4ED02168BF
:1066B000D1F8BC20D1F8C4301A40D1F8C030D1F89C
:1066C000C8100B4091B219B1616941F001016161DB
:1066D00012F4F81F03D0626942F002026261D80727
:1066E00003D5626942F004026261990703D56269C9
:1066F00042F00802626113F00C0F03D0626942F0AD
:1067000010026261DA0603D5626942F0200262611A
:10671000980603D5626942F040026261590603D5CA
:10672000626942F0800262611A0603D5626942F42E
:106730008072626113F4F85F03D0636943F40073FD
:106740006361636913B12046FFF78EFF10BD027CC1
:106750000346012A0AD00268106B20F00300106380
:10676000106B0143002011631874704702207047BA
:1067700030B5037C0446012B69D0036808685A6B66
:1067800042F001025A63D3F8002422F00102C3F858
:106790000024D3F8002442F00102C3F80024DA6890
:1067A00022F00302DA60DA680243DA605A6922F002
:1067B00007025A615869D1E906522A434D692A43B2
:1067C000024348685A611A6922F00F021A611A6975
:1067D00002431A61D3F8002422F00E02C3F8002409
:1067E000D3F8002442EA40028868C3F800245A6EB5
:1067F0006FF30F025A665A6E02435A66D3F80024AA
:1068000022F0F002C3F80024D3F80004D1E90325F4
:106810002A434D6A2A430D6A896A2A4302430020AB
:10682000C3F800249A6E22F001029A669A6E0A4317
:106830009A66D3F8082442F00102C3F80824D3F87A
:10684000082442F00202C3F80824207430BD02205C
:10685000FCE7000030B5037C0246012B29D000681C
:10686000154B846E23408366846ED1E900352B433B
:106870008D682B43CD682B430D692B434D692B430A
:106880008D692B43CD692B430D6A2B434D6A2B43F6
:106890008D6A2B43CD6A096B2B4323438366836E3A
:1068A00023F002038366836E0B438366002010741B
:1068B00030BD0220FCE700BFFF80F0FE027C0346F3
:1068C000012A0AD00268D06A20F01F00D062D06A84
:1068D00001430020D162187470470220704730B520
:1068E000037C0446012B34D0D1E90003984238BF21
:1068F00018462368D3F8982002F0FC22C3F89820A9
:10690000D3F8982042EA00420243C3F89820D3F813
:106910009C2002F40042C3F89C20D3F89C00D1E9EB
:106920000225120642EA05420D6949692A430243DB
:106930000020C3F89C20D3F8A42022F47F42C3F89F
:10694000A420D3F8A42042EA0122C3F8A420207492
:1069500030BD0220FCE7000030B5037C0446012B6B
:106960005BD0036808689A688D6822F47F429A6059
:106970009A6842EA002248689A609A6F92B29A67CF
:106980009A6F42EA00429A67254A986F10409867CA
:10699000986F2843CD689867D86F1040D867D86F34
:1069A00028430D69D867D3F880001040C3F88000F1
:1069B000D3F8800028434D69C3F88000D3F88400E1
:1069C0001040C3F88400D3F884002843C3F884003F
:1069D000D3F8840020F08070C3F88400D3F88400DA
:1069E0008D692843CD69096AC3F88400D3F888000B
:1069F0001040C3F88800D3F888002843C3F8880003
:106A0000D3F88C0002400020C3F88C20D3F88C20EF
:106A10000A43C3F88C20207430BD0220FCE700BF7D
:106A20000000FFFF037C82B0012B1CD00268002312
:106A30000093516841F001015160516801F001017A
:106A4000009100990193D2F8041441F00801C2F8B2
:106A50000414D2F804240374184602F008020192C8
:106A6000019A02B070470220FBE7027C0346012A2C
:106A700009D001680020D1F8042442F00402C1F8D2
:106A80000424187470470220704737B5057C04460B
:106A9000012D09D001250574069D0095FFF76CFCBA
:106AA0000023237403B030BD0220FBE72DE9F84F2B
:106AB0001C46037C06460F46012B1546DDE90A9865
:106AC00052D001230374FFF761FA83463268536F93
:106AD00013F0010A19D0032C20464FF0000328BF01
:106AE000032083421DD1E01A4344C2F8709010BBCA
:106AF000013445EA8715230224029BB204F47F0483
:106B00001D432543D566307409E0FFF73FFAA0EB3B
:106B10000B00B0F57A7FD9D9032086F810A0BDE824
:106B2000F88F18F8031001334FEAC30C01FA0CF187
:106B300049EA0109D5E704284FF0000C8646614672
:106B400028BF4FF0040E13F801804FEAC10901314C
:106B500008FA09F88E454CEA080CF4D1A0EB0E00B7
:106B60007344C2F870C0C2E70220D8E72DE9F743AA
:106B70001E46037C05460C46012B1746DDF828907F
:106B8000DDF830806FD00123022E03740DD9C6F3D7
:106B9000072337220093F3B2FFF7EEFB28B100235F
:106BA00001202B7403B0BDE8F083B9F1060F0FD1BB
:106BB0000B9B2A681B0243EA841343F00603D36647
:106BC000FFF7E4F90446002E27DC00202874E9E7EB
:106BD000B9F1040F05D1A4012B6844F00404DC666C
:106BE000EEE7B9F1140F08D198F80020A4012B6842
:106BF00044EA022444F01404F1E7B9F1240FCED1A1
:106C000098F80120A4012B6844EA024498F8002077
:106C100044EA022444F02404E1E72A68536F13F0A5
:106C200010030DD1042E106F324628BF0422D90064
:106C300020FA01F1F95401339A42F8D11744B61AF7
:106C4000FFF7A4F9001BB0F57A7F03D900230320D6
:106C50002B74A7E72B685A6F5206B4D4D3F8C03010
:106C60009B069CD4AFE702209CE7027C0346012AE6
:106C70000FD00268D2F81C0420F0C060C2F81C04D7
:106C8000D2F81C0440EA41610020C2F81C141874B8
:106C900070470220704700002DE9F74F0023DFF80E
:106CA000C4914FF0B0440A6832FA03F502D103B040
:106CB000BDE8F08F012505FA03F818EA020200F09A
:106CC000BB804E6803274FEA430E06F0030507FA20
:106CD0000EFC6F1E6FEA0C0C012F34D8876807EA90
:106CE0000C0ACF6807FA0EF747EA0A078760476879
:106CF00027EA0808C6F300179F4047EA08074760DD
:106D0000C768022D07EA0C088F6807FA0EF747EAF2
:106D10000807C76019D14FEAD30803F0070A4FF0FC
:106D20000F0B00EB88084FEA8A0AD8F820700BFA9C
:106D30000AFB27EA0B0B0F6907FA0AF747EA0B076A
:106D4000C8F8207001E0032DDAD1076805FA0EF5C6
:106D500016F4403F07EA0C0745EA070505606BD0CB
:106D6000D9F8F45023F0030703F0030C4FF00F0E93
:106D700045F0020507F1B0474FEA8C0CC9F8F45012
:106D800007F58067D9F8F4500EFA0CFE05F00205FD
:106D90000195019DBD6825EA0E0E314DA8424DD0EA
:106DA00005F58065A8424BD005F58065A84249D01D
:106DB00005F58065A84247D005F58065A84245D015
:106DC00005F58065A84243D005F58065A84241D00D
:106DD00005F58065A8423FD005F58065A8423DD005
:106DE00005F58065A84214BF0A25092505FA0CF5AA
:106DF00016F4801F45EA0E05BD606FEA020725689C
:106E00000CBF3D40154316F4001F256065680CBF9C
:106E10003D40154316F4003F6560D4F884500CBF24
:106E20003D401543F603C4F88450D4F8805054BF55
:106E30003D401543C4F88050013334E70025D5E7C1
:106E40000125D3E70225D1E70325CFE70425CDE7C8
:106E50000525CBE70625C9E70725C7E70825C5E7C8
:106E600000000258004402582DE9F04F00224FF074
:106E7000010A4FF00F084FF0030B4FF0B04431FA06
:106E800002F301D1BDE8F08F0AFA02FC1CEA010608
:106E900070D022F0030502F0030705F1B045BF00F2
:106EA000D5F8083408FA07F905F5806509EA030EF4
:106EB0003A4B984260D003F5806398425ED003F568
:106EC000806398425CD003F5806398425AD003F502
:106ED0008063984258D003F58063984256D003F5FA
:106EE0008063984254D003F58063984252D003F5F2
:106EF0008063984250D003F58063984214BF0A2300
:106F00000923BB40734517D1D4F8803023EA060328
:106F1000C4F88030D4F8843023EA0603C4F88430FF
:106F2000636823EA06036360236823EA0603236099
:106F3000AB6823EA0903AB6053000568D6080BFA77
:106F400003F300EB86061D43056002F00705376A70
:106F5000AD0008FA05F527EA05073762C56825EA96
:106F60000305C560456825EA0C054560856825EA86
:106F700003038360013282E70023C2E70123C0E7F5
:106F80000223BEE70323BCE70423BAE70523B8E7DF
:106F90000623B6E70723B4E70823B2E70000025848
:106FA0000369194214BF0120002070470AB18161B2
:106FB00070470904FBE7436901EA030221EA030180
:106FC00041EA024181617047044B203053F82000B0
:106FD000034BC01A18BF0120704700BF006402585D
:106FE0000003008041F44071014B43F820107047CA
:106FF000006402587047000008B5054BD8681A684D
:1070000022EA00021A605860FFF7F4FF08BD00BFD3
:107010000065025803689A69910701D500229A62B7
:107020009A69D20703D49A6942F001029A617047C3
:1070300030B5039DC1F3090104682B43606843EA3E
:107040000243054A0B4342EA555223F0004320EA2B
:1070500002000343636030BDFF63FF0303682DE953
:10706000F0419C6905460F46164614F010046FD097
:1070700000241022A046DA612B689A69900661D438
:10708000B8F1000F35D044F0040401202E68B36934
:10709000D90505D54FF4807244F001040120F26156
:1070A0005A0505D54FF4806244F008040120F261CE
:1070B0009B054FD54FF4007344F00204F36128465A
:1070C000FFF7A8FF7368012023F0FF7323F48B33CD
:1070D00023F4FF7323F0010373606B6C23436B6431
:1070E000202385F84130002385F8423085F8403070
:1070F00032E07A1CC1D0FEF749FF801BB84201D8AC
:10710000002FB9D12B68596895F842209869D2B2FE
:1071100000040AD5490408D4202A06D05A6842F44B
:1071200080425A60FEF732FF06462B689B699B0639
:10713000A2D4FEF72BFF801B1928F6D920244FF08C
:10714000010899E7B8F1000F9DD12022DA619AE792
:1071500020469BE70028B2D1BDE8F08170B5044617
:107160000D46164623689B699B0701D500201FE04A
:10717000324629462046FFF771FFC0B96A1CF1D09C
:10718000FEF704FF801BA84201D8002DEAD1236836
:107190009B6913F00203E5D1626C84F8403042F041
:1071A00020026264202284F8412084F842300120C9
:1071B00070BD2DE9F041DDF8188004460F461646F3
:1071C0001D4623689B6937EA03030CBF0123002394
:1071D000B34201D0002025E0424629462046FFF771
:1071E0003DFFF0B96B1CECD0FEF7D0FEA0EB080021
:1071F000A84201D8002DE4D123689B6937EA030334
:107200000CBF01230023B342DBD1636C43F02003A6
:107210006364202384F84130002384F8423084F8EA
:1072200040300120BDE8F08170B504460D46164699
:1072300023689B699B0601D500201DE03246294644
:107240002046FFF70BFFB0B9FEF7A0FE801BA84257
:1072500001D8002DECD123689B6913F02003E7D1FE
:10726000626C84F8403042F020026264202284F88C
:10727000412084F84230012070BD704710B50446AB
:1072800000284ED090F8413003F0FF021BB980F87F
:107290004020FFF7F2FF242384F8413023681A6866
:1072A00022F001021A60626822F070621A619A6824
:1072B00022F400429A60D4E90221012906D142F465
:1072C00000429A605A6822F4006207E042F40442E5
:1072D00002299A60F6D15A6842F400625A6000208E
:1072E0005A6842F0007242F400425A60DA6822F4AE
:1072F0000042DA60D4E904210A43A16942EA01228A
:10730000DA60D4E907210A431A601A6842F00102E0
:107310001A602023606484F84130206384F84200BE
:1073200010BD0120FCE7704710B5044698B1026813
:10733000242380F84130136823F001031360FFF722
:10734000F2FF0020606484F8400084F8410020636C
:1073500084F8420010BD0120FCE700002DE9F74F42
:10736000994690F8413004460F46202B1646BDF84A
:1073700034A0DDF8388040F0C6800C9B13B1BAF120
:10738000000F06D14FF400736364012003B0BDE821
:10739000F08F90F84030012B00F0B5804FF0010BDA
:1073A00080F840B0FEF7F2FD1923054600905A46DA
:1073B0004FF400412046FFF7FCFE0028E5D12123D1
:1073C00060635FFA89F2394684F84130402384F8DB
:1073D00042300C9B6064204663624C4BA4F82AA0A8
:1073E00000934FF08073FFF723FE2A464146204664
:1073F000FFF7B4FE18BBB9F1010F236815D1F6B23F
:107400000022802120469E6243460095FFF7D1FE70
:10741000A8B9638D9BB2FF2B15D8628D4FF0007316
:1074200092B22285D2B2009012E0320A4146204642
:107430009A622A46FFF792FE08B92368DFE7002325
:1074400084F84030A1E7FF224FF08073228500903E
:1074500039462046FFF7ECFD2A4641462046FFF715
:107460007DFE002891D1636A226813F8011B9162A6
:107470006362638D228D013B013A9BB292B26385B8
:10748000638D22859BB2B3B1AAB9434680212046C1
:107490000095FFF78EFE00287FF477AF638D9BB2D7
:1074A000FF2B28D9FF224FF08073228500903946A8
:1074B0002046FFF7BDFD638D9BB2002BCCD12A4641
:1074C00041462046FFF7B0FE00287FF45EAF2368F8
:1074D0002021D9615A6822F0FF7222F48B3222F403
:1074E000FF7222F001025A6084F8411084F84000D3
:1074F00084F842004AE7628D4FF0007392B2228511
:10750000D2B20090D3E7022040E700BF0020008005
:107510002DE9F74F994690F8413004460F46202B4D
:107520001646BDF834A0DDF8388040F0C9800C9BC9
:1075300013B1BAF1000F06D14FF400736364012058
:1075400003B0BDE8F08F90F84030012B00F0B88018
:107550004FF0010B80F840B0FEF718FD19230090A2
:1075600005465A464FF400412046FFF722FE0346E7
:107570000028E4D122226063394684F84120402269
:1075800084F842200C9A6064204662624D4AA4F856
:107590002AA000925FFA89F2FFF74AFD2A46414687
:1075A0002046FFF7DBFD20BBB9F1010F236816D1A0
:1075B000F6B20022402120469E6243460095FFF726
:1075C000F8FDB0B9638D9BB2FF2B3F4B15D8628D90
:1075D00092B22285D2B200934FF0007312E0320AC9
:1075E000414620469A622A46FFF7B8FD08B923684B
:1075F000DEE7002384F84030A1E7FF2222850093D4
:107600004FF0807339462046FFF712FD43460022B3
:10761000042120460095FFF7CCFD00288FD1236878
:107620005A6A636A1A70636A228D0133013A63628F
:10763000638D92B2013B22859BB26385638D9BB2C1
:10764000B3B1AAB94346802120460095FFF7B1FDAA
:1076500000287FF474AF638D9BB2FF2B28D9FF22E3
:107660004FF080732285009039462046FFF7E0FCFA
:10767000638D9BB2002BC9D12A4641462046FFF7B5
:10768000D3FD00287FF45BAF23682021D9615A68BD
:1076900022F0FF7222F48B3222F4FF7222F00102F8
:1076A0005A6084F8411084F8400084F8420047E7AB
:1076B000628D4FF0007392B22285D2B20090D3E770
:1076C00002203DE7002000800024008090F8410067
:1076D0007047406C704710B590F841200346202A4F
:1076E000D4B21CD190F84020012A18D0242280F86E
:1076F00041200268106820F001001060106820F43A
:10770000805010601068014300201160116841F042
:107710000101116083F8414083F8400010BD022050
:10772000FCE710B590F841200346202AD4B21BD1C3
:1077300090F84020012A17D0242280F841200268C6
:10774000106820F001001060106820F4706040EABA
:10775000012100201160116841F00101116083F8DE
:10776000414083F8400010BD0220FCE7F0B5012441
:10777000077800254E193D444F19BE4212D1102CF6
:1077800008D1002401264C551D6023460D78C85CA5
:10779000D8B9F0BD075D01347E19B6F5807FE9D90F
:1077A0000120F6E706F8014BE7E742F823400133F2
:1077B000C85CDC19A842F8D01F2DF1D806FA05F0F4
:1077C000A042EDD964000135E1E7E71AF0E7F0B532
:1077D000ADF2145D0D46044601AB43AA02A9FFF7C2
:1077E000C5FF40B9019E13460A4604F10F010F364A
:1077F0003444A14202D10DF2145DF0BD11F8016FC5
:107800000B2E0AD805EB860753F804CBC7F80CC03B
:1078100012F8017B013FAF55EBE70120EBE7034690
:107820000846F0B51C6891B004F5F8639A4225D17A
:1078300004F5FB6401A9FFF7CAFFE8B901AA6FF0DC
:10784000F023A4F11806154623606360D17A083D41
:1078500095F84030023A090295F83C7001F47061E5
:107860001943137B1B0203F470633B4343EA014358
:1078700044F8043DB442E9D111B0F0BD04F5FC6315
:107880009A4202D104F5FF64D4E70120F4E72DE920
:10789000F0410468ADF6380D0E4604F5A0639A4237
:1078A00049D104F244646B460DF2344201A93046DA
:1078B000FFF75CFF00283AD1009B0D4606F10F0C44
:1078C00017460F334FF00A0EF11842AE614539D119
:1078D0006FF0F02342A9A4F5A27623600D46636001
:1078E000A36003F1D13303F12E23E36003F102130C
:1078F000236103F10213636103F10213A36191F8A1
:10790000A120083D95F830330239120295F82C7306
:1079100002F470621A4391F8A2301B0203F4706300
:107920003B4343EA024344F8043DB442E7D10DF639
:10793000380DBDE8F08104F5CC639A420FD104F212
:10794000A474B0E71CF8013F5BB1F02B15D01A0905
:1079500003F00F03013B0EFB0233A12B02D90120E0
:10796000E5E7A02306EB830257F8048BC2F8A48056
:1079700015F8012B013AF254A8E7A123F2E7436D71
:1079800023F440534365426D036802F00302022A68
:107990005A680CBF42F0080222F008025A601A68C6
:1079A00022F001021A601A6B22F07E021A631A6B2F
:1079B00042F400521A631A6B42F480421A639A6BC3
:1079C00042F060029A631A6842F001021A60426D46
:1079D00002F00C02082A04D11A6B42F06E021A63FC
:1079E0007047426D02F00C020C2AF9D11A6B42F07A
:1079F0006002F4E7F7B5066B0446826AB56AAA42EC
:107A000013D3406BE36A816A8B420ED3184F7764BD
:107A1000184F7765184E47654664184E866505B160
:107A200031B9236D43F004032365012003B0F0BD99
:107A3000B2FBF5F605FB1625521B0125A262B3FB2E
:107A4000F1F201FB123221689B1A4431E362009586
:107A5000E26901F010F80028E3D122680095403275
:107A6000A36AA169206B01F006F80028DED0D8E7F0
:107A7000B37F0008AF7E00087184000863840008AB
:107A8000F8B50546002800F0F28090F84D3003F07C
:107A9000FF021BB980F84C20F9F746FB2C68022343
:107AA000864A85F84D3004F55B71236B04F55770F9
:107AB00043F001032363236823F001032360236B56
:107AC00023F07E032363236B43F400532363236B70
:107AD00043F480432363A36B43F06003A363784BB9
:107AE000EB63784B2B640023C5E91133937B043A95
:107AF000D67C1B0443EA0663167C3343567C43EA78
:107B0000062341F804398142F0D16F4B04F56271CC
:107B10006E4A04F55E77C4F87833A3F10433104657
:107B20000E46C4F87433A3F10433C4F87033837B76
:107B3000043890F813C01B0443EA0C6390F810C09B
:107B400043EA0C0390F811C043EA0C2346F80439C9
:107B5000BE42ECD1D4F82C3404F585606FF30F03EA
:107B600043F47A4343F0F903C4F82C3492F8AE306E
:107B7000043A92F8B3601B0443EA066392F8B060DB
:107B8000334392F8B16043EA062340F80439814256
:107B9000ECD1D4F82C3404F59F614D4A04F58B6088
:107BA0009BB243F04073C4F82C34D4F83C341340F7
:107BB000C4F83C340123C4F838344FF00133C4F81E
:107BC0003434C4F83034D4F83C349BB243F080737E
:107BD000C4F83C34D4F84834134043F4306343F0E1
:107BE0000A03C4F848343B4BC4F84434A3F10433CB
:107BF000C4F84034D4F848349BB243F00073C4F85E
:107C00004834D4F858341340334A43F4EE4343F035
:107C10000203C4F85834314BC4F85434304BC4F820
:107C20005034304BC4F84C34D4F858349BB243F041
:107C30008073C4F8583492F8B030043A92F8B560C2
:107C40001B0443EA066392F8B260334392F8B360D0
:107C500043EA062341F804398142ECD104F5A062DD
:107C60001A492846FFF713FE18B101232B6501209E
:107C7000F8BD04F5CC6218492846FFF708FE002835
:107C8000F3D104F5F8620D492846FFF7C8FD002836
:107C9000EBD104F5FC6214492846FFF7C0FD00282B
:107CA000E3D1636843F480736360012328626862F0
:107CB00085F84D3028656865DAE700BFA43B020807
:107CC000A43902086439020808090A0BD63A0208E6
:107CD0000000FFFF06070809243A02080404000117
:107CE0000304070501020404883B02082DE9F04F54
:107CF00000286FD000296DD00468636803F0030387
:107D0000022B47D0636813F0030305D0636803F0C8
:107D10000303032B5ED1302362680B6023F0200342
:107D2000120C102B8A60E2684FEA1242CA603CD102
:107D300025696369C5F30315A2691B09012D4FEA83
:107D4000121229D1134313F00F0F0CBF012300238C
:107D50005B004B6000235034DFF87CC01D464FF0C1
:107D6000640E41F2883854F8059005EB0C070026A4
:107D700029FA06F2D2B2012A19D164330836013742
:107D8000202EF5D10435402DEDD19B0900200B614B
:107D9000BDE8F08F1023BFE7032D06D1134313F086
:107DA0000F0F0CBF01230023D3E70023D1E70EFB05
:107DB00002FB97F800A0C26B12F80AA0BBFBFAF214
:107DC000642A8BBFB8FBF2F2C2F1C8029B1803EB26
:107DD0005203D3E70120DBE7E439020838B5044653
:107DE00048B341B33BB390F84C50012D28D0012546
:107DF00080F84C5090F84D50012D1ED10425826220
:107E000080F84D50456D25F00F054565456D45F0F1
:107E10000E05C0E9061345650025049B0562C36293
:107E20004562FFF7ACFDFFF7E5FD28B1062384F8B6
:107E30004C5084F84D30012038BD002380F84C3080
:107E40000220F9E7436D03F00C030C2B0DD1CB0797
:107E500003D5436D43F480534365890703D5436DD0
:107E600043F40053436500207047436D03F00C0357
:107E7000082BF8D111F0010304D0436D43F4805373
:107E8000436506238A0705D5426D43F0280342F473
:107E90000052426501680A6B22EA03030B63E2E7C2
:107EA000816182627047C161C26270477047006C35
:107EB00008B503681A6822F001021A601A6B22F0F2
:107EC0007E021A63012380F84D30036D43F00403F2
:107ED0000365FAF731FC08BD826AF8B504460D4621
:107EE00022B90121FFF7AEFF002204E0036A9A42A3
:107EF000036A24D9D21A636D13F480531ED1EAB1F8
:107F0000B5EB920FA0694FEA9206216826D8276A3E
:107F10000133C619C75D9D42B27896F801C04FEA99
:107F20000242F67842EA0C2242EA070242EA06627C
:107F30000A64226A02F104022262E8D1F8BD9A4280
:107F4000D2D1016AFAF78AFBA36A042B84BF23F01B
:107F50000303A3620023A26A2362CCE7032A17D992
:107F6000276A0133C519C75D9E42AA7895F801C0FA
:107F70004FEA0242ED7842EA0C2242EA070242EA64
:107F800005620A64226A02F104022262E8D8D5E797
:107F90001D46266AEF000135865DAA4206FA07F6FD
:107FA00043EA0603266A06F101062662F1D10B6454
:107FB000C4E737B5046C2268136B23F07E031363A8
:107FC000636D23F4FF4323F073031B041B0C0C2B82
:107FD0001AD1236B9D6A036820465A69A36AC2F3CB
:107FE00010029B1A2362216AFAF738FBA36AAB429C
:107FF00027D35DB9236D204643F004032365062390
:1080000084F84D30FAF798FB03B030BDB3FBF5F2BE
:1080100005FB12329B1AA362636D2268DB040AD44B
:10802000A36A43B1012140320091A169206B00F0A5
:1080300022FD0028DED12268136B43F06003136336
:10804000E2E7002BE8D09A07E6D023F003030433DD
:10805000E1E7426AF8B502EB8102C36A0446934243
:108060002AD3002223680132E5695B6C9142606A81
:108070002B54656AE06928444FEA13254570656A08
:10808000E06928444FEA13454FEA13638570656A37
:10809000E0692844C370636A03F104036362E1D1B9
:1080A000636AE26A9A4206D1626AE1692046FAF797
:1080B000F3FA00236362F8BD426A9342FBD9426A35
:1080C00000209B1A9A089042E16905D1E76A636A29
:1080D0009F4219D1626AE9E7236801305B6C656AE7
:1080E0004B55656AE16929441D0A4D70656AE1696D
:1080F00029441D0C1B0E8D70656AE1692944CB7003
:10810000636A04336362DEE7656A00222368781BD2
:108110005E6C8242E16914D1626A2046FAF7BCFAC9
:10812000002363622B1DDB1B032BC4D8DA00616ABA
:10813000E069013326FA02F24254626A0132626255
:10814000F2E702F00303D4F824C00132DB0026FA80
:1081500003F301F80C30636A01336362D9E7436DBE
:1081600003F00303022B10B5044614D103685B6BC4
:108170005B0610D5011DFFF7B9FD002320466361A2
:10818000FAF736FA23681A6B22F040021A639A6BE8
:1081900042F040029A63636DD90407D423685A6B96
:1081A000920744D508212046FFF796FE636D990497
:1081B00007D423685A6B12073ED508212046FFF7E3
:1081C00048FF23685A6B02F03802202A3CD11A6813
:1081D00022F001021A60626D02F00C02082A03D13B
:1081E0001A6B22F07E021A639A6B42F060029A6365
:1081F000636A33B1626A2046E169FAF74DFA0023F7
:108200006362636D2046626D03F0030302F48242F1
:10821000022B62654FF0000284F84C204FF00102FF
:1082200084F84D200DD1FAF789FA012010BD5B6B5F
:108230005807BBD50121B6E75B6BDB06C1D5012131
:10824000BCE7FFF733FEF0E70020EFE770B5044628
:108250001026656D236815F4005522D15A6BD0069F
:108260001FD55B6CE169626A8B54616AE2690A44FA
:10827000190A5170616AE2690A44190C1B0E917067
:10828000616AE2690A44D370636A04336362E36A31
:10829000626A9A4205D1626A2046E169FAF7FCF9FE
:1082A0006562013ED5D12368626D596BC90601D55F
:1082B000920420D41A6822F001021A60636A33B172
:1082C000626A2046E169FAF7E7F900236362636DA9
:1082D0002046626D03F0030302F48242022B6265C2
:1082E0004FF0000284F84C204FF0010284F84D203A
:1082F00002D1FAF723FA70BDFFF7D8FDFBE7436D13
:1083000013F4405F37B504460D4614D0436D03F0B7
:108310000C030C2B46D1CB0720D5436D23F480539F
:108320004365006B816A41B9236D43F00403236503
:10833000062384F84D3001201DE0A36AB3FBF1F25F
:1083400001FB12329B1AA36243B122680121403221
:108350000091A16900F08FFB0028E5D1A80709D59D
:10836000636D23F400536365636D190405D52046DE
:10837000FFF76CFF002003B030BD606B816A0029FD
:10838000D2D0E36AB3FBF1F201FB123221689B1AEF
:1083900001224431E3620092E26900F06CFB0028A4
:1083A000E8D0C1E7436D03F00C03082BE2D111F0D4
:1083B000010304D0436D23F4805343650623AA07C9
:1083C00005D5626D43F0280322F4005262652168EE
:1083D0000A6B13430B63CDE738B5436B0446C26A9F
:1083E0001B685B69C3F31003D31A4362436A9A4262
:1083F00005D1426AC169FAF74FF900236362236825
:108400005D6B15F0100524D1636A2BB1626A2046BA
:10841000E169FAF741F9656222682046136823F0A2
:1084200001031360636D626D03F0030302F4824283
:10843000022B62654FF0000284F84C204FF00102DD
:1084400084F84D2002D1FAF779F938BDFFF72EFDF7
:10845000FBE7636D9B04F8D42046BDE83840FFF786
:10846000F5BE006C436D1B0401D5FFF7B5BF704727
:1084700013B5046C23681A6B22F07E021A63626DD6
:1084800022F4FF4222F073021204120C0C2A25D1AE
:108490005B6B9A0624D403682046E1695A69E36A53
:1084A000C2F310029B1A6362626AFAF7F5F8636D11
:1084B0009B0415D42168012344310093E36AE269E7
:1084C000606B00F0D8FA58B1236D204643F00403E6
:1084D0002365062384F84D30FAF72EF902B010BD5B
:1084E0002268136B43F060031363F7E710B590F84D
:1084F0004D300446033B012B50D8436D03F00C0371
:10850000082B03D1BDE81040FFF729BE436D03F0EF
:108510000C030C2B42D1436D03F00303022B14D147
:1085200003685B6B590610D5011DFFF7DFFB0023C5
:1085300020466361FAF75CF823681A6B22F0400268
:108540001A639A6B42F040029A6323685A6B920650
:1085500024D5626D206B42F4004262651A6822F0F5
:1085600001021A601A6B22F07E021A639A6B42F0C3
:1085700060029A6390F83D30022B01D100F0C4FAFA
:10858000606B90F83D30022B03D1BDE8104000F045
:10859000BBBA2046BDE81040FFF71EBF10BD00006B
:1085A000D201006884328318F0B5C7685D684C68F2
:1085B000C7F30B4705F470450E6827445D6006F16C
:1085C000010CC568A41BC5F30B45654445EA074586
:1085D0005D60C768CD68C7F30A072F449D6805F43E
:1085E00070459D608D68D0F80CC00135CCF30A0C45
:1085F0006544D1F810C045EA07458F69BCF1070F03
:108600009D601D6925F007051D61C3F810C091F834
:10861000305045EA076591F8317045EA072591F831
:10862000327045EA07459D615D6925F0FF055D6192
:108630004D695D61DD6925F4E06525F00705DD61C3
:10864000D1E9075745EA070588BF0127DD614D6A73
:108650009D629CBF0C4D15F80C70DD6A7C4305F0E3
:10866000E0250734DD628D6AC96A7D4344EA05442A
:10867000DC621C6B6FF30A041C631963835843F0BC
:1086800001038350F0BD00BFC03B020838B504466B
:1086900000284ED090F8A13003F0FF021BB980F8FB
:1086A000A020F8F7C7FD022384F8A13023689A6957
:1086B00022F070429A619969D4E901200243E0688E
:1086C0000243206902430A439A61D4E9051242EA4F
:1086D00001429A60D4E9071242EA0142DA60D4E921
:1086E000091242EA01421A61D4E90B1242EA01423C
:1086F0005A61DA6A94F8350002F07F4294F8361035
:10870000DA62DD6A94F834202A4342EA002200202B
:1087100042EA0142DA625A6B42F006025A639A69EF
:1087200042F001029A610123C4F8A40084F8A13048
:1087300038BD0120FCE7704770477047036870B58B
:108740009E6B04465D6B720714D5690712D55A6B90
:1087500022F004025A630422DA63D0F8A43043F012
:108760000103C0F8A430002380F8A12080F8A030D5
:10877000FFF7E1FFB20716D5AB0714D523682046F3
:108780005A6B22F002025A630222DA63D4F8A43050
:108790001343C4F8A430042384F8A130002384F8E0
:1087A000A030FFF7C8FFF00710D5E9070ED5236802
:1087B00020465A6B22F001025A630122DA63002339
:1087C00084F8A12084F8A030FFF7B6FF320711D556
:1087D0002B070FD5236820465A6B22F008025A63F4
:1087E0000822DA63012384F8A130002384F8A03042
:1087F000FFF7A3FF70BD2DE9F04190F8A0300646C9
:108800000F469446012B4FF002001FD034244FF046
:1088100001080D4686F8A10004FB026486F8A080DA
:1088200038340FCD0FC40FCD0FC40FCD0FC42B683C
:108830003046624639462360FFF7B2FE33680020B7
:10884000C3F8248086F8A18086F8A000BDE8F081F6
:10885000034630B590F8A00001284FF0020026D062
:1088600083F8A100342000FB0230D201806C8432F6
:10887000072896BF0E4C0124245C18684C43024420
:10888000D06A6FF31C40D0620A48456A45F0010582
:108890004562D56A45EA0444D462426A42F0010264
:1088A00042620122002083F8A12083F8A00030BD9D
:1088B000C03B02080010005030B5046811F05F4F53
:1088C000656963F310056561039D636905F1FF3513
:1088D000C3F3130343EA055363614FF01F0363605F
:1088E000E261A161A36A0CBF43F4803323F48033B7
:1088F00012F05F4FA362A36A0CBF43F4003323F46A
:108900000033A362C36D636230BD38B50446FDF722
:108910003DFB0546002C61D00023226884F83C30E2
:10892000022384F83D30D36823F00103D360236829
:10893000DA68D20748D4D4E903210A43DA60D4E9DB
:1089400005210A43E1690A43216A0A43616A0A432D
:10895000E16A0A43216B0A43A1680A43A16A01390B
:1089600042EA81426168B1F1804F1A6103D11A690C
:1089700042F040421A6100225A61626B002A04DA16
:108980005869524240F48020586192B21A62A26B38
:10899000002A25DA5869524240F400205861186ACA
:1089A00040EA0242B1F1804F1A624FF0000219D042
:1089B000C9B299625A620123A2660020626684F8F5
:1089C0003D30C4E917220AE0FDF7E0FA401B052814
:1089D000ADD94023A366032384F83D30012038BD80
:1089E000186ADDE79A62E5E7D8B102681F21D3680B
:1089F00023F00103D3600023D360136153619361BB
:108A0000D36113625362936213635363516083664D
:108A1000436680F83D3080F83C30C0E91733184693
:108A2000704701207047034630B500B390F83C0012
:108A300001281ED0012493F83D50A542E8B283F8E6
:108A40003C4012D11C6825696D0007D42163626324
:108A5000226939B922F0004200202261002283F805
:108A60003C2030BD42F00042F6E72046F6E7012008
:108A7000F7E70220F5E773B50446002842D090F8E6
:108A80003C50012D3CD0012580F83C5090F83D50E1
:108A9000012D4FF0000531D1022680F83D6085663A
:108AA0000568EE6826F00106EE60069E0096FFF768
:108AB00003FFEB6843F00603EB60C36C1BB1EB688C
:108AC00043F01003EB60236D1BB1EB6843F0080328
:108AD000EB60A36C1BB1EB6843F02003EB60EB6829
:108AE00043F00103EB606368B3F1804F03D1EB689F
:108AF00043F48033EB60002002B070BD80F83C503E
:108B00000220F9E70120F7E728B190F83D30022B69
:108B100003D080238366012070470268042380F815
:108B20003D300020D36823F00103D360704700007C
:108B3000002337B501934FF0A442584B044601215E
:108B40001D680368106803F12E42403AC2F3841294
:108B500001FA02F2024200F09E801A68D10729D57C
:108B6000DA68920726D5DA6822F00202DA609A689B
:108B7000A16E100654BF41F0010141F00201A1664F
:108B8000910503D5A16E41F00401A166D00503D57E
:108B9000A16E41F00801A166510503D5A16E41F017
:108BA0001001A166120503D5A26E42F02002A26652
:108BB00001225A601A68D00608D5DA68910605D5F0
:108BC00010225A60A36C0BB12046984723681A689C
:108BD000120708D5DA68D00605D508225A60E36C7A
:108BE0000BB12046984723681A68510708D5DA6800
:108BF000120705D504225A60236D0BB12046984711
:108C000023681A68900724D5DA68510721D5DA68F5
:108C100022F03E02DA6094F83D20042A4FF0000270
:108C20000CD1012384F83C2084F83D30A36D002B47
:108C300031D0204603B0BDE83040184702215960CA
:108C4000012384F83C2084F83D30636C0BB120464E
:108C50009847A36EFBB14FF41653B5FBF3F504230D
:108C600084F83D302368DA6822F00102DA60019A64
:108C70000132AA42019202D8DA68D207F7D4002260
:108C800084F83C20DB68DB074CBF0323012384F816
:108C90003D30636DCBE703B030BD00BF6C000024F6
:108CA00070B51C4D0446EB6803F00703062B06D095
:108CB000E86800F03F00001B18BF012070BDEB68A2
:108CC00023F03F030343EB60FDF760F906466B6852
:108CD0009A0408D5A4F11D03012B0CD92D3C012CBD
:108CE00009D90020EAE7FDF751F9801BB0F57A7F3A
:108CF000EDD90120E2E7FDF749F9064D0446EB689E
:108D0000DB03EED4FDF742F9001BB0F57A7FF6D90C
:108D1000EFE700BF004802582DE9F0474C6A34B134
:108D2000B2F1406F03D08B6A0568013B2B61D1F82B
:108D300018A0D1E907C6BAF1000F52D04F6944EA32
:108D40000A0A0568BF040B68D1F834E04AEA020A4F
:108D5000D1E90B984EB38C684AEA0600EC610C69C5
:108D6000BCF1000F13D043EA0C0343EA090343EAC2
:108D7000080343EA0E032343CC6823433B430343E6
:108D8000B2F1406F6B610ED04B68AB610BE043EA10
:108D9000090343EA080343EA0E0323433B43034327
:108DA0006B61C5F818C0BDE8F087BCF1000F0DD0AD
:108DB00043EA0C03C86843EA090343EA080343EAA9
:108DC0000E0303433B4343EA0A03D9E743EA09039B
:108DD00043EA080343EA0E0040EA070343EA0A03B2
:108DE000DEE716B38B68264305684F691643EB61CF
:108DF000BF040B694C6BD1E90B8EBCF1000F0BD09B
:108E000043EA0C03C86843EA080343EA0E0323431A
:108E100003433B433343B3E743EA080242EA0E020B
:108E200022433A4332436A61BBE7BCF1000F1AD0D8
:108E300044EA0C03CC6A0068B2F1406F43EA0203D3
:108E400043EA04030C6B43EA04034C6B43EA040358
:108E5000CC6843EA04034C6943EA84434361A2D0EB
:108E60004B6883619FE7002C9DD0CB6A0068234349
:108E700013430A6B13434A6B13434A6943EA824321
:108E80004361C0F818C08EE72DE9F041DDF8188085
:108E900004460E4615461F4622689368334214BFA7
:108EA00001230023AB4201D100200FE0B8F1FF3FC6
:108EB000F3D0FDF76BF8C01B404509D9042301200E
:108EC00084F84130636C43F001036364BDE8F081D2
:108ED000B8F1000FE0D1F1E737B50446FDF756F8D9
:108EE0000546002C3FD094F841302BB92046F8F7C6
:108EF000DFF941F28833A36421682046A3680A6839
:108F0000013B22F4F85242EA0322A36C0A600022D9
:108F1000009320212B46FFF7B7FF10BB2268E569BD
:108F2000E36811682B43256A21F07F412B43656874
:108F300021F0D00143EA05630B4313605568D4E97F
:108F400005310B43216943EA0143084929400B439A
:108F50005360136843F0010313600123606484F8D5
:108F6000413003B030BD0120FBE700BFFEF8E0FF59
:108F70002DE9F34704468A469046FDF707F894F832
:108F800040300746012B35D00123022684F84030BB
:108F900094F84130012B5FFA83F929D1002203466E
:108FA00020212046626484F84160CDF80080FFF7FC
:108FB0006BFF0546A8B9024651462046FFF7ACFEB6
:108FC000DAF824305BB93B464A4631462046CDF8B4
:108FD0000080FFF759FF054618B92368DE6084F862
:108FE0004190002384F84030284602B0BDE8F08765
:108FF0003546F6E70225F7E72DE9F34104468846B2
:109000001746FCF7C3FF94F8403006462568012B4D
:109010004CD0012384F8403094F84130012BD8B271
:1090200042D100236364B8F1000F38D0122384F8D2
:1090300041302B690133E3622B69C4F8248001338A
:10904000A3626B6923F040636B61E36A9BB93346AB
:109050000122022120460097FFF716FF10B923686E
:109060000222DA60012384F84130002384F8403082
:1090700002B0BDE8F081334601220421204600976A
:10908000FFF702FF0028EDD1636A1B7885F82030D6
:10909000636A01336362E36A013BE362D5E7636CB1
:1090A00043F008036364E0E70220DEE70220DFE725
:1090B0002DE9F341044617468846FCF767FF25680B
:1090C0000646AA6994F84030012B4FD0012384F85A
:1090D000403094F84130012BD8B245D1002363646D
:1090E000B8F1000F3BD0222384F841302B690133C3
:1090F000A3632B69C4F8308001336363696921F08D
:10910000406141F080616961AA61A36B9BB93346FC
:109110000122022120460097FFF7B6FE10B923680E
:109120000222DA60012384F84130002384F84030C1
:1091300002B0BDE8F08133460122062120460097A7
:10914000FFF7A2FE0028EDD195F82020236B1A70BE
:10915000236B01332363A36B013BA363D5E7636CEC
:1091600043F008036364E0E70220DEE70220DFE764
:109170002DE9F74304461F4689461546FCF706FFCE
:1091800094F840300646012B41D0012384F840304A
:1091900094F84130012B5FFA83F836D14223002244
:1091A0002021626484F84130034600972046FFF78F
:1091B0006BFE20BB226820462B68296993626B688E
:1091C0005362AB68D362136823F440030B434946F0
:1091D00043F4800313604FF00062EB68C9F8283055
:1091E000FFF79AFD33464246082120460097FFF7D5
:1091F0004BFE20B923680822DA6084F841800023FE
:1092000084F8403003B0BDE8F0830220F7E7022085
:10921000F8E7F7B5044616460F46FCF7B7FE94F894
:1092200040200346012A33D0012284F8402094F8DC
:109230004120012A2AD1002282212046626484F83A
:109240004110A16C00912021FFF71EFE0546B8B920
:10925000236872681868082A20F0080040EA0200B3
:10926000186007D132681A631022DA601A6842F473
:1092700080121A604FF0406239462046FFF74CFDDD
:10928000002384F84030284603B0F0BD0225F7E7FC
:109290000225F8E7F8B50446002874D00368D8071B
:1092A0005ED42368990700F1AD802368DA0627D5DC
:1092B0009C4A1369916A03F03803082B07D0182BD6
:1092C00040F0038101F00303012B40F0FE8013689E
:1092D000DB0502D5E369802B55D1FCF76FFE41F227
:1092E0000303216A98428F4B00F2E8805A682029D4
:1092F00022F0F8420CBF42F0804242EA81625A609A
:109300002368190700F1238123689A0600F144813C
:1093100023685D071ED5844D2B6843F480732B6052
:10932000FCF734FE06462B68DA0540F15A81A36843
:109330007C4D012B40F05C812B6F43F001032B67C8
:1093400041F28837FCF722FE764E0546336F9B07C5
:1093500040F17481616A002940F0778100202BE0A0
:10936000704A1369916A03F03803102B05D0182B4B
:109370000BD101F00303022B07D113689A0390D598
:109380006368002B8DD1012016E06368654DB3F54D
:10939000803F12D12B6843F480332B60FCF7F6FD3D
:1093A000604E054633689B033FF57BAFFCF7EEFD4F
:1093B000401B6428F6D90320F8BDA3B92B6823F419
:1093C00080332B602B6823F480232B60FCF7DEFDB9
:1093D00006462B689F037FF564AFFCF7D7FD801B23
:1093E0006428F6D9E7E7B3F5A02F2B6803D143F43F
:1093F00080232B60CEE723F480332B602B6823F48B
:109400008023CAE74749E2680B69886A13F038038A
:1094100003D0182B2AD1800728D10B685B0701D510
:10942000002AB0D03F4D2B6823F0190313432B6063
:10943000FCF7ACFD06462B685F0711D5FCF7BEFDB7
:1094400041F20303226998426B6822D823F47C33EB
:10945000402A0CBF43F4003343EA02336B6024E735
:10946000FCF794FD801B0228E5D9A4E72D4D2B685D
:10947000A2B123F0190313432B60FCF787FD0646C6
:109480002B685807DAD4FCF781FD801B0228F7D936
:1094900091E723F0FE4343EA0263DFE723F0010391
:1094A0002B60FCF773FD06462B6859077FF5FDAE70
:1094B000FCF76CFD801B0228F6D97CE7DA6822F005
:1094C0007C5242EA0162DA601AE7E369154D6BB338
:1094D0002B6843F080032B60FCF758FD06462B6891
:1094E000DF0511D5FCF76AFD41F20303226A9842B9
:1094F00010D86B68202A23F0F8430CBF43F0804358
:1095000043EA82636B60FBE6FCF740FD801B0228A8
:10951000E5D950E7EB6823F07C5343EA0263EB6044
:10952000EEE600BF00440258004802582B6823F0C2
:1095300080032B60FCF72AFD06462B68D8057FF5D3
:10954000DFAEFCF723FD801B0228F6D933E7636901
:10955000A34D83B16B6F43F001036B67FCF716FDFE
:1095600006466B6F9B073FF5CFAEFCF70FFD801BE8
:109570000228F6D91FE76B6F23F001036B67FCF736
:1095800005FD06466B6F9F077FF5BEAEFCF7FEFC40
:10959000801B0228F6D90EE7A369914D83B12B6891
:1095A00043F480532B60FCF7F1FC06462B689804CB
:1095B0003FF5AEAEFCF7EAFC801B0228F6D9FAE6CE
:1095C0002B6823F480532B60FCF7E0FC06462B68E5
:1095D00099047FF59DAEFCF7D9FC801B0228F6D9D3
:1095E000E9E6FCF7D3FC801B64287FF69CAEE2E63C
:1095F000B3B92B6F41F2883723F001032B672B6F30
:1096000023F004032B67FCF7C1FC06462B6F980779
:109610007FF5A0AEFCF7BAFC801BB842F6D9CAE6CB
:10962000052B2B6F03D143F004032B6784E623F053
:1096300001032B672B6F23F0040380E6FCF7A6FCE5
:10964000401BB8427FF682AEB5E6654D2B6903F04C
:109650003803182B78D02B68022923F080732B60F5
:1096600065D1FCF793FC06462B68990159D4AB6A87
:10967000A26A23F47C7323F003031343E26A43EAF0
:109680000213AB62636BA26B013B013A5B021204F3
:109690009BB202F4FE021343226B013AC2F30802AA
:1096A0001343E26B013A120602F0FE4213432B63AE
:1096B000EB6A23F00103EB626B6BA26C6FF3CF03D9
:1096C00043EAC2036B63EB6A226C23F00C0313437F
:1096D000EB62EB6A626C23F002031343EB62EB6A0A
:1096E00043F48033EB62EB6A43F40033EB62EB6AE2
:1096F00043F48023EB62EB6A43F00103EB622B68D7
:1097000043F080732B60FCF741FC354D04462B6819
:109710009A013FF523AEFCF739FC001B0228F6D96D
:1097200049E6FCF733FC801B02289DD943E6FCF791
:109730002DFC04462B689B017FF510AEFCF726FC40
:10974000001B0228F6D936E60129AA6A2B6B3FF4E2
:109750001AAE02F00301A06A81427FF414AEC2F394
:109760000512E16A8A427FF40EAE226BC3F3080150
:10977000013A91427FF407AE626BC3F34621013A8E
:1097800091427FF400AEA26BC3F30641013A9142CD
:109790007FF4F9ADE26BC3F30663013A93427FF4C1
:1097A000F2AD6B6BA26CC3F3CC039A423FF4D6AD1F
:1097B0000B4DEB6A23F00103EB62FCF7E7FB064677
:1097C000FCF7E4FBB042FBD06B6BA26C6FF3CF03F2
:1097D00043EAC2036B63EB6A43F00103EB62BDE54E
:1097E0000044025870B5234C88B00E461546D4F894
:1097F000E030F8B943F001034FF4807C03A9C4F8CA
:10980000E030D4F8E030079003F001030193019BAE
:109810000223CDE903C30323CDE905031648FDF771
:109820003BFA236923F0FE7343EA060129432161D1
:1098300008B070BD43F004034FF4007203210F48D9
:10984000C4F8E030D4F8E03003F004030293029B44
:109850000223CDE903230023CDE9053103A90793B2
:10986000FDF71AFA236923F07E4343EA060141EA31
:10987000C511DCE7004402580000025800080258F5
:10988000494B1A6902F03802102A30B500F088807E
:10989000182A0CD0002A40F085801A68434812F03C
:1098A000200F03D01B68C3F3C103D84030BD996AB1
:1098B0009D6ADC6A15F47C7FC5F305105A6BF5D000
:1098C000C2F3CC0204F0010401F0030107EE900A98
:1098D0006243B7EE006A0129B8EEE77A06EE902AF5
:1098E000FAEEE96A4ED002293ED000294AD11A6820
:1098F000920627D519682D4AC1F3C1011B6BCA40D6
:10990000C3F3080307EE902AF8EEE75AC5EE877A0C
:1099100007EE103AB8EEC77A37EE267A37EE067AB7
:1099200067EE877A204B1B6BC3F34623013307EEA8
:10993000103AF8EEC76A87EEA67AFCEEC77A17EE01
:10994000900AB3E71B6BC3F3080307EE903AF8EEF7
:10995000E77A77EEA67A77EE867A9FED156AC6EEFD
:10996000076A67EEA67ADDE71B6BC3F3080307EE11
:10997000903AF8EEE77A77EEA67A77EE867A9FED60
:109980000D6AECE71B6BC3F3080307EE903AF8EEA1
:10999000E77A77EEA67A77EE867A9FED076ADEE7BA
:1099A000064883E7064881E7004402580090D00348
:1099B0000024744C20BCBE4B0024744A40787D01C6
:1099C00000093D002DE9F0410D46044610B9012083
:1099D000BDE8F081884A136803F00F038B42C0F0A2
:1099E000938023685F0700F19B801E070BD5834996
:1099F0006069CA6902F07002904204D9CA6922F013
:109A000070020243CA61D8060BD57C49A069CA69B5
:109A100002F4E062904204D9CA6922F4E06202438F
:109A2000CA6199060BD57549E0690A6A02F07002AD
:109A3000904204D90A6A22F0700202430A629A072D
:109A40000BD56E49E0688A6902F00F02904204D992
:109A50008A6922F00F0202438A61DF076ED423680D
:109A60009E0700F1A18064490A6802F00F02AA4231
:109A700000F2A880580700F1B18019070BD55F49A3
:109A80006069CA6902F07002904204D2CA6922F089
:109A900070020243CA61DA060BD55849A069CA6947
:109AA00002F4E062904204D2CA6922F4E062024306
:109AB000CA619B060BD5514AE169136A03F0700332
:109AC000994204D2136A23F070030B431362FFF729
:109AD000D7FE4A494A4A8B69C3F30323D35C03F098
:109AE0001F03D8408B6903F00F03D35C454A03F092
:109AF0001F0320FA03F31360434B1860434BBDE888
:109B0000F0411868F7F77CBD136823F00F030B438F
:109B10001360136803F00F038B427FF458AF60E7C4
:109B2000364920698A6902F0700290427FF65DAF83
:109B30008A6922F0700202438A6156E72F4BA168BE
:109B40009A6922F470620A439A6161681A6802296C
:109B50001DD112F4003F3FF43AAF1A6941F2883840
:109B6000264F22F007020A431A61FCF70FFA064655
:109B70003B69626803F03803B3EBC20F3FF46FAF89
:109B8000FCF704FA801B4045F2D9032020E70329A3
:109B900002D112F0007FDEE7012902D112F4807FAA
:109BA000D9E712F0040FD6E71449E0688A6902F099
:109BB0000F029042BFF457AF8A6922F00F020243AE
:109BC0008A6150E70A6822F00F022A430A600A6895
:109BD00002F00F02AA427FF4FAAE4BE70749206970
:109BE0008A6902F070029042BFF447AF8A6922F09E
:109BF000700202438A6140E700200052004402588C
:109C000054390208680000246C0000247400002409
:109C100008B5FFF735FE0B4A0B4993699269C3F308
:109C2000032302F00F02CB5C03F01F0320FA03F3BF
:109C3000885C064A00F01F0023FA00F01060044A16
:109C4000136008BD0044025854390208680000241B
:109C50006C00002408B5FFF7DBFF054B054ADB6904
:109C6000C3F30213D35C03F01F03D84008BD00BF49
:109C7000004402585439020808B5FFF7C9FF054BE4
:109C8000054ADB69C3F30223D35C03F01F03D8400A
:109C900008BD00BF00440258543902083F23036046
:109CA000114B1A6902F0070242609A6902F470626D
:109CB00082609A6902F00F02C2609A6902F0700233
:109CC0000261DA6902F070024261DA6902F4E0626C
:109CD00082611B6A03F07003C361044B1B6803F0CD
:109CE0000F030B60704700BF004402580020005271
:109CF000F8B5394C06460D46A36A03F00303032B5F
:109D000067D0236823F080632360FCF73FF90746A0
:109D100023681A0149D4A36A326823F47C3343EAE6
:109D20000233A362B368F268013B013A5B0212049A
:109D30009BB202F4FE0213437268013AC2F30802B6
:109D400013433269013A120602F0FE421343A36341
:109D5000E36A726923F0C0031343E362E36AB26902
:109D600023F020031343E362E36A23F01003E3626A
:109D7000E36BF2696FF3CF0343EAC203E363E36A81
:109D800043F01003E362E36AB5B943F40023E362EE
:109D9000114C236843F080632360FCF7F7F8054615
:109DA00023681B010FD5002005E0FCF7EFF8C01B6E
:109DB0000228ADD90320F8BD012D0CBF43F4801358
:109DC00043F40013E3E7FCF7E1F8401B0228E7D96E
:109DD000F0E70120EFE700BF00440258F8B5394C26
:109DE00006460D46A36A03F00303032B67D02368DE
:109DF00023F080532360FCF7C9F8074623689A00D4
:109E000049D4A36A326823F07C7343EA0253A36205
:109E1000B368F268013B013A5B0212049BB202F4A0
:109E2000FE0213437268013AC2F308021343326917
:109E3000013A120602F0FE4213432364E36A726998
:109E400023F440631343E362E36AB26923F40073CB
:109E50001343E362E36A23F48073E362636CF269A1
:109E60006FF3CF0343EAC2036364E36A43F480738E
:109E7000E362E36AB5B943F48003E362114C2368FB
:109E800043F080532360FCF781F8054623689B006C
:109E90000FD5002005E0FCF779F8C01B0228ADD9EA
:109EA0000320F8BD012D0CBF43F4000343F0807381
:109EB000E3E7FCF76BF8401B0228E7D9F0E7012045
:109EC000EFE700BF004402582DE9F8430368054658
:109ED0001C011ED5C36EB3F5001F2AD00FD8D3B115
:109EE000B3F5801F1DD001262B68D8054FD5EB6D2B
:109EF000042B4BD8DFE803F0223D44272700B3F5BD
:109F0000401FF0D1864AE96E136D23F440130B43D2
:109F100013650026E8E7824AD36A43F40033D3622C
:109F2000F0E702210830FFF7E3FE06460028DBD108
:109F3000E8E702212830FFF751FFF6E7784AD36AB5
:109F400043F40033D36234461CBB754AE96D136D8C
:109F500023F007030B4313652B68990528D52B6E57
:109F6000802B43D017D8A3B3402B38D001263446DA
:109F70001EE0002105F10800FFF7BAFE0446E3E702
:109F8000002105F12800FFF729FFF7E701263446F5
:109F9000E2E72646E0E7C02B02D0B3F5807FE5D1AB
:109FA00054BB5F4A296E136D23F4E0730B431365B2
:109FB0002B685A0531D5D5F8AC30B3F5800F49D0B0
:109FC0001CD8002B39D0B3F5001F3CD001263446F5
:109FD00023E0534AD36A43F40033D362E0E700211D
:109FE00005F10800FFF784FE0446D9E7002105F1DA
:109FF0002800FFF7F3FEF7E72646D9E7B3F5C00FD1
:10A0000002D0B3F5000FE1D154BB454AD5F8AC10EE
:10A01000936D23F460030B4393652B681B0530D5C8
:10A02000D5F8B030B3F1007F45D01BD8B3B3B3F14E
:10A03000807F39D00126344623E0394AD36A43F47D
:10A040000033D362E0E7002105F10800FFF750FE7E
:10A050000446D9E7002105F12800FFF7BFFEF7E726
:10A060002646DAE7B3F1407F02D0B3F1806FE1D149
:10A070003CBB2B4AD5F8B010936D23F0E0630B4343
:10A0800093652B689F0128D5EB6C202B3ED01AD806
:10A09000DBB1102B34D0012634461EE0204AD36AAF
:10A0A00043F40033D362E3E7002105F10800FFF732
:10A0B0001FFE0446DCE7002105F12800FFF78EFEB5
:10A0C000F7E72646DDE7302BE5D134BB144AE96CCF
:10A0D000D36C23F030030B43D3642B68D80430D502
:10A0E0006B6EB3F5005F00F095801BD8002B00F07D
:10A0F0008480B3F5805F00F086800126344620E03E
:10A10000074AD36A43F40033D362DEE7022105F144
:10A110000800FFF7EDFD0446D7E72646DDE700BF60
:10A1200000440258B3F5405F02D0B3F5804FE4D14C
:10A13000002C75D1934A696E136D23F4E0430B43F1
:10A1400013652B6899040CD5AB6EB3F5003F00F096
:10A15000818067D8002B6DD0B3F5803F73D0012686
:10A1600034462B685A040ED5D5F8B430B3F1005FED
:10A1700000F0918076D8002B7CD0B3F1805F00F0A6
:10A180008380012634462B685B0115D52B6D4BB1BE
:10A19000B3F5807F40F08780012105F10800FFF7CB
:10A1A000A7FD0446002C40F08180764A296DD36CCF
:10A1B00023F480730B43D3642B681F0411D56B6F9A
:10A1C000B3F1805F74D0B3F1005F77D0002B7CD106
:10A1D000002C7DD16B4A696F136D23F040530B4304
:10A1E00013652B68D80140F18380AB6C032B00F220
:10A1F000C480DFE803F0746FBB74624AD36A43F42F
:10A200000033D36294E7002105F10800FFF770FDE9
:10A2100004468DE7002105F12800FFF7DFFDF7E791
:10A2200026468EE723F48032B2F5802F02D0B3F5B4
:10A23000403F94D1A4B9534AA96E136D23F4E0238F
:10A240000B4313658DE7012105F10800FFF750FD71
:10A250000446EFE7012105F12800FFF7BFFDF7E70E
:10A2600026467EE723F08052B2F1804F02D0B3F150
:10A27000405F86D1ACB9434AD5F8B410936D23F052
:10A28000E0430B4393657EE7012105F10800FFF7EA
:10A290002FFD0446EEE7012105F12800FFF79EFDA2
:10A2A000F7E726466FE70126344685E7264683E72B
:10A2B000344AD36A43F40033D36289E7012105F1BC
:10A2C0000800FFF715FD044682E70126344688E7BB
:10A2D000264686E72B4AD36A43F40033D362002C28
:10A2E0004ED1284AA96CD36C23F003030B43D364EB
:10A2F0002B68590254D5244F3B6843F480733B606C
:10A30000FBF744FE80463B68DA0541D5002C74D14A
:10A310001C4BD5F8B8001A6F424012F4407F0BD0A6
:10A320001A6F196F22F4407241F480311967196F66
:10A3300021F4803119671A67B0F5807F48D0D5F8CD
:10A34000B830104903F44072B2F5407F51D108692A
:10A350000E4A20F47C5002EA131202430A61C3F34E
:10A360000B03084A116F0B43136719E0022105F133
:10A370000800FFF7BDFC0446B1E701263446B7E705
:10A380002646B5E70044025800480258CFFFFF00B8
:10A39000FBF7FCFDA0EB08006428B4D90326344683
:10A3A0002B68D80709D5D5F88030102B3ED026D899
:10A3B0005BB3082B33D0012634462B6899074BD565
:10A3C000EB6F052B5ED8DFE803F03F39573F3F3F87
:10A3D000FBF7DCFDDFF8B880074641F28839D8F892
:10A3E00070309B07ABD4FBF7D1FDC01B4845F6D9B5
:10A3F000D4E70A6922F47C52B0E72646D0E723F07E
:10A400000802202A01D0182BD5D1ACB9204AD5F8A2
:10A410008010536D23F038030B435365CDE70121C2
:10A4200005F10800FFF764FC0446EEE7012105F1A1
:10A430002800FFF7D3FCF7E72646BEE7012105F128
:10A440000800FFF755FC0446FCB9114AE96F536D4B
:10A4500023F007030B4353652B685A072BD5D5F818
:10A460009830052B00F26E81DFE813F01A0014001B
:10A4700066011A001A001A00012105F12800FFF7F1
:10A48000ADFCE0E701263446E6E72646E4E700BFF8
:10A4900000440258012105F10800FFF729FC044699
:10A4A000002C40F05281AA4AD5F89810936D23F001
:10A4B00007030B4393652B689B0610D5D5F89430A2
:10A4C000B3F1005F00F0608100F24481002B00F0E6
:10A4D0004A81B3F1805F00F05081012634462B6839
:10A4E0005F0610D5D5F8A030B3F5006F00F06E818F
:10A4F00000F25281002B00F05881B3F5806F00F01C
:10A500005E81012634462B68180610D5D5F8A43094
:10A51000B3F5804F00F07C8100F26081002B00F0E9
:10A520006681B3F5005F00F06C81012634462B682C
:10A53000190714D5D5F88830B3F5805F07D102210B
:10A5400005F12800FFF74AFC002818BF0126804AC1
:10A55000D5F88810536D23F440530B4353652B6893
:10A56000DA0614D5D5F89C30B3F5807F07D10221E7
:10A5700005F12800FFF732FC002818BF0126744AB5
:10A58000D5F89C10936D23F440730B4393652B68AF
:10A590001B031BD5D5F8A810B1F5803F00F0408112
:10A5A000B1F5003F07D0002940F0408105F10800D7
:10A5B000FFF79EFB0446002C40F03B81644AD5F82F
:10A5C000A810936D23F440330B4393652B685F030E
:10A5D0000FD5D5F88C30B3F5001F00F03B81B3F5F3
:10A5E000401F00F02D81B3F5801F00F0248101266B
:10A5F00034462B68D80309D56B6D002B00F03381EE
:10A60000B3F5803F00F03D81012634462B68990068
:10A6100007D5022105F12800FFF7E0FB002818BF4D
:10A620000126D5E900319A0340F14381D5F8840031
:10A63000B0F5807F00F03F8100F22C81002800F00F
:10A640002F810124DF0206D54148AE6F026D22F052
:10A65000004232430265DE0007D53D48D5F8BC60B4
:10A66000026922F4804232430261980206D53848DA
:10A670002E6F026D22F08072324302655A0009D5B6
:10A68000334A106920F4004010611069D5F8C060A9
:10A6900030431061002B06DA2D48AE6DC26C22F0FB
:10A6A00040523243C2641F0207D5294AD5F89000B0
:10A6B000536D23F4400303435365CE0706D50021B1
:10A6C00005F10800FFF714FB074600B927466B6841
:10A6D0009C0706D5012105F10800FFF709FB064696
:10A6E00000B93E466B68580706D5022105F10800FF
:10A6F000FFF7FEFA044600B934466B68190706D521
:10A70000002105F12800FFF769FB064600B926463F
:10A710006B68DA0606D5012105F12800FFF75EFB1C
:10A72000044600B934466B689B0600F1CA80201EBF
:10A7300018BF0120BDE8F883012105F12800FFF7CB
:10A740004DFBACE601263446B5E62646B3E600BF2F
:10A750000044025823F08052B2F1804F03D0B3F18D
:10A76000405F7FF4BAAEACB95B4AD5F89410536D34
:10A7700023F0E0430B435365B1E6002105F10800E7
:10A78000FFF7B6FA0446EEE7022105F12800FFF7CD
:10A7900025FBF7E72646A2E623F48062B2F5805F48
:10A7A00003D0B3F5406F7FF4ACAEACB94A4AD5F8EC
:10A7B000A010936D23F4E0530B439365A3E60021AF
:10A7C00005F10800FFF794FA0446EEE7022105F1CF
:10A7D0002800FFF703FBF7E7264694E623F4005230
:10A7E000B2F5004F03D0B3F5C04F7FF49EAEACB9C5
:10A7F000394AD5F8A410936D23F460430B43936555
:10A8000095E6002105F10800FFF772FA0446EEE72D
:10A81000022105F12800FFF7E1FAF7E7264686E670
:10A82000022105F12800FFF7D9FAC3E601263446D4
:10A83000CCE62646CAE6284AD36A43F40033D362FC
:10A840007CB9254AD5F88C10536D23F440130B4383
:10A850005365CEE6012105F12800FFF7BFFA044653
:10A86000EEE72646C5E61C4AD36A43F40033D362BA
:10A8700074B9194A696DD36C23F480330B43D364E4
:10A88000C4E6022105F10800FFF732FA0446EFE7BB
:10A890002646BBE620F48072B2F5007F7FF4D1AE8D
:10A8A000002C7FF4CFAE0C4C626D22F44072024358
:10A8B00062653446C6E6084FFA6A42F40032FA622C
:10A8C000EEE7022105F12800FFF788FA00283FF49F
:10A8D0002EAF01202EE700BF0044025838B50D46C8
:10A8E0000446F0B190F82C3003F0FF021BB980F859
:10A8F0002D20F6F7A1FD0223211D206884F82C30BD
:10A9000000F0FDF962682946206800F02EFA064A38
:10A910000020136843F000431360012384F82C30B7
:10A9200038BD0120FCE700BF0040005210B50446CE
:10A93000F6F71CFED4E9000100F04DFA002084F87F
:10A940002C0084F82D0010BD70B590F82C30054611
:10A950000E46022BD8B210D000F0FB04012C10D10F
:10A960000223286885F82C3000F044FA3368022B63
:10A9700004D1052385F82C30002070BD85F82C40CB
:10A98000FAE70120F9E738B590F82C300446022B9D
:10A99000D8B20DD094F82C30012BDDB209D10223AE
:10A9A000206884F82C3000F037FA002084F82C500E
:10A9B00038BD0120FCE7704790F83D30012B2FD1C6
:10A9C0000223184A80F83D30036893421AD0B3F14D
:10A9D000804F17D0A2F57C42934213D002F58062DB
:10A9E00093420FD002F5806293420BD002F5784279
:10A9F000934207D0A2F56C42934203D002F5943201
:10AA0000934207D19968084A0A40062A06D0B2F54F
:10AA1000803F03D01A6842F001021A60002070479C
:10AA200001207047000001400700010090F83D3010
:10AA3000012B33D1022380F83D300368DA6842F0FD
:10AA40000102DA60164A93421AD0B3F1804F17D050
:10AA5000A2F57C42934213D002F5806293420FD05C
:10AA600002F5806293420BD002F57842934207D000
:10AA7000A2F56C42934203D002F59432934207D17F
:10AA80009968084A0A40062A06D0B2F5803F03D0EA
:10AA90001A6842F001021A600020704701207047D6
:10AAA0000000014007000100704770477047704781
:10AAB000036870B5DD6804461E69B2070DD5A907A5
:10AAC0000BD56FF002021A61012202779B699A0787
:10AAD00075D0FFF7EAFF00232377730710D56807C7
:10AAE0000ED523686FF0040220461A6102222277F5
:10AAF0009B6913F4407F68D0FFF7D7FF00232377CB
:10AB000031070FD52A070DD523686FF008022046BC
:10AB10001A6104222277DB699B075CD0FFF7C5FF2F
:10AB200000232377F10610D5EA060ED523686FF0CF
:10AB3000100220461A6108222277DB6913F4407F55
:10AB40004FD0FFF7B2FF00232377F30708D5E807BC
:10AB500006D523686FF0010220461A61F6F72AFA3B
:10AB600016F4025F08D0290606D523686FF4025256
:10AB700020461A6100F0C1F8F20508D52B0606D56B
:10AB800023686FF4807220461A6100F0B7F87006EF
:10AB900008D5690606D523686FF0400220461A6181
:10ABA000FFF785FFB20622D5AB0620D523686FF0EC
:10ABB000200220461A61BDE8704000F09DB8FFF702
:10ABC00073FF2046FFF772FF85E7FFF76DFF204612
:10ABD000FFF76CFF92E7FFF767FF2046FFF766FF7E
:10ABE0009EE7FFF761FF2046FFF760FFABE770BD10
:10ABF000274A0368904212D0B0F1804F0FD0A2F5DF
:10AC00007C4290420BD002F58062904207D002F560
:10AC10008062904203D002F57842904208D123F03E
:10AC200070034A68134323F44073CA6813430AE06D
:10AC3000184A9042F7D002F580629042F3D002F5B4
:10AC400080629042EFD04A6923F0800313438A6800
:10AC5000C2620A6882620E4A90420FD002F5806298
:10AC600090420BD002F57052904207D002F58062FC
:10AC7000904203D002F58062904201D10A690263DA
:10AC8000026842F0040202600122426103607047E0
:10AC9000000001400040014010B5044650B390F858
:10ACA0003D3003F0FF021BB980F83C20FFF783FE24
:10ACB00002232068211D84F83D30FFF799FF01230E
:10ACC000002084F8483084F83E3084F83F3084F81F
:10ACD000403084F8413084F8423084F8433084F8BE
:10ACE000443084F8453084F8463084F8473084F89E
:10ACF0003D3010BD0120FCE77047704770472DE9DB
:10AD0000F041D1E9012CD1E90738D1F824E043EA38
:10AD10000803D1E90376D1E90554096881B943EA0A
:10AD20000E03016813436FF30E0143EA0C033B4328
:10AD300033432B4323430B4303600020BDE8F081E2
:10AD4000016843EA0E0321F4F8410B43036042EA31
:10AD50000C0341683B4321F4FF42334322F07F025E
:10AD60002B43234313434360E7E7CB6803F1FF3CE6
:10AD70004B69F0B5013B4C688F680E691B058D6906
:10AD8000013C013F013E013D096824013F020139B8
:10AD900036042D0643EA0C335AB90B438268234329
:10ADA00002F070423B4333432B4313438360002044
:10ADB000F0BD826822F4700222F470421343836073
:10ADC00044EA0703C2680B4302F0704233432B434B
:10ADD0001343C360EBE7034600EB81024FF434708A
:10ADE00043F8210000206FF07041916018615861B4
:10ADF0009861704710B5D1E9003402692343CC68EB
:10AE00006FF3150243EA442313438A68013A43EA85
:10AE100042130361002010BD43696FF34D0343EA01
:10AE2000410343610020704708B54FF0E0231B69E0
:10AE300001F028FF012803D0BDE8084000F052BC13
:10AE400008BD0000EFF305832BB9064B186828B93D
:10AE500001221A6070476FF0050070474FF0FF3015
:10AE6000704700BF34C4002410B5EFF305845CB90B
:10AE7000084B1A68012A0AD1074AD47702221A60BD
:10AE800001F096FD204610BD6FF00500FBE74FF086
:10AE9000FF30F8E734C4002400ED00E0F0B51446BC
:10AEA00087B000220B460592EFF30582FAB9F0B1A4
:10AEB00054B3A56925B1691E372902D9002017E0CE
:10AEC00018256268D207F9D466699EB1B208216874
:10AED000D4E9027C87B1BCF1AB0F08D9246934B145
:10AEE0002EB10095CDE9014701F0A4FB059005982E
:10AEF00007B0F0BD8022EAE7BCF1000FF7D124696A
:10AF0000002CF4D10C4601E01825802205A992B24C
:10AF1000CDE90051214601F0C5FB01281CBF0023EB
:10AF20000593E4E708B5EFF3058222B908B101F013
:10AF3000FFFC002008BD6FF00500FBE7F8B50546F3
:10AF4000EFF3058717B100242046F8BD20B346680B
:10AF50003307F8D406F00106D0E9021399B14F2B5C
:10AF6000F1D9BEB1042000F0C4FE04460028EAD0A6
:10AF70002D6837462946204601F084F9002FE3D09A
:10AF800044F00104E0E7002BDDD12EB1042000F0F5
:10AF9000E4FEEAE70120E6E7012000F0DEFE0446D9
:10AFA0000028D0D0002DE5D00026E1E738B50346D3
:10AFB0000C4620F0010003F00102EFF3058595B97E
:10AFC000012B13D962B101F0EEF8012801D1002064
:10AFD00038BD002C14BF6FF001006FF00200F7E7DE
:10AFE00001F024F8F1E76FF00500F1E76FF00300DE
:10AFF000EEE7024620F0010008B502F00103EFF38E
:10B00000058179B9012A10D93BB100F087FE0128EA
:10B010000CBF00206FF0020008BD1A46194600F070
:10B02000B6FDF4E76FF00500F6E76FF00300F3E715
:10B03000F7B504460E461546EFF3058242B938B11E
:10B04000884205D355B1D5E902372BB14F2F22D80D
:10B050000024204603B0F0BD002FF9D1012C0CD004
:10B060002046314600F075FD04460028F0D085B931
:10B070002946204601F006F9EBE7032200210120D2
:10B0800000F01EFD0EE01A4600F041FD04460028C7
:10B09000DED02D68ECE70128F5D10321009111469F
:10B0A00000F0C0FC04460028D2D0002EDFD00023E0
:10B0B0001A46194600F06BFD0128D8D0204601F051
:10B0C0000BF9C5E713B50C4628B3EFF30583CBB1F5
:10B0D00009BB01AA019101F087F8012803D06FF0A4
:10B0E000020002B010BD019B0BB90020F9E74FF040
:10B0F000E0234FF08052C3F8042DBFF34F8FBFF30E
:10B100006F8FF2E700F092FF0128EED0002CE6D01E
:10B110006FF00100E5E76FF00300E2E707B518B351
:10B12000EFF30583CBB1002301A9019300F08FFE5B
:10B13000012804D06FF0020003B05DF804FB019B0E
:10B140004BB14FF0E0234FF08052C3F8042DBFF312
:10B150004F8FBFF36F8F0020EEE71A46194600F0BD
:10B1600016FD0128F7D0E5E76FF00300E4E7F7B537
:10B1700005460E461446EFF305871FB10025284605
:10B1800003B0F0BD0028F9D00029F7D0DAB1D2E938
:10B19000023283B14F2AF1D92269002AEED04D4301
:10B1A0006669AE42EAD3009700F03CFC05460028F1
:10B1B000E4D0246811E0002AE0D12369002BDDD11E
:10B1C0006369002BDAD128460022314600F078FC72
:10B1D00005460028D2D0002CEBD12146284601F0AC
:10B1E00051F8CCE773B51C46EFF30586DEB138B3F2
:10B1F00031B32BBB01AA019300F0CCFD012803D091
:10B200006FF0020002B070BD019B0BB90020F9E79E
:10B210004FF0E0234FF08052C3F8042DBFF34F8F5F
:10B22000BFF36F8FF2E758B151B13346224600F0B9
:10B23000AEFC0128EAD0002CE2D06FF00100E1E77B
:10B240006FF00300DEE737B51C46EFF30583DBB193
:10B2500030B329B324BB01AA019400F0C5FF012833
:10B2600003D06FF0020003B030BD019B0BB900208A
:10B27000F9E74FF0E0234FF08052C3F8042DBFF3FD
:10B280004F8FBFF36F8FF2E750B149B1224600F004
:10B290002FFE0128EBD0002CE3D06FF00100E2E795
:10B2A0006FF00300DFE70000034B0360034B0B600C
:10B2B00080231360704700BF88C3002488C1002426
:10B2C000034B0360034B0B604FF4807313607047B4
:10B2D000DCC00024DCBC0024104B10B51A461B68EF
:10B2E0008342FBD354681119884201BF416810465C
:10B2F00009195160446801198B420CD10849096849
:10B300008B4203D059682144416019689042016022
:10B3100018BF106010BD1946F8E700BF50C40024E4
:10B320004CC400242DE9F041044601F0E9F94049FC
:10B33000404D0B68F3B9404A002056073F4E1BBFF3
:10B3400007323F4B3F4B22F00702706018BF9B1A39
:10B3500032601344083B23F00703C3E90000981A46
:10B360000B60C2E90030384B1860384B18604FF062
:10B3700000432B602E68264255D1002C46D004F1A4
:10B38000080360071CBF23F007030833002B4AD0D3
:10B390002E4F3C689C4246D3284A156868689842FC
:10B3A00004D2D5F800C0BCF1000F15D10968A9423C
:10B3B00039D02968D2F800801160C21A102A12D937
:10B3C000E81841070BD04FF0500383F31188BFF307
:10B3D0006F8FBFF34F8FFEE72A466546DEE7426078
:10B3E0006B60FFF779FF6A6800231749A41A1643B8
:10B3F0000868174A84422B6013683C6003F101031C
:10B4000038BF0C6008F108046E60136001F01CFA8C
:10B4100063070AD04FF0500383F31188BFF36F8F97
:10B42000BFF34F8FFEE70024F0E72046BDE8F08130
:10B430004CC4002438C4002458C4002450C4002440
:10B44000F84A0224A086010044C4002448C4002411
:10B4500040C4002410B5044690B31A4A50F8043C86
:10B460001268134208D14FF0500383F31188BFF3E1
:10B470006F8FBFF34F8FFEE750F8081C41B14FF0BC
:10B48000500383F31188BFF36F8FBFF34F8FFEE735
:10B4900023EA020340F8043C01F032F90A4A54F866
:10B4A000043CA4F1080011680B441360FFF714FF7B
:10B4B000064A13680133BDE81040136001F0C4B9B7
:10B4C00010BD00BF38C4002448C400243CC400247C
:10B4D00000F108034FF0FF3243600361C0E902232B
:10B4E00000230360704700230361704743689A6834
:10B4F0004B608A60516099600368086101330360A2
:10B50000704730B50C68631C0AD103695A684A60F9
:10B5100091608B605960036808610133036030BD3E
:10B5200000F10802134652681568A542FAD9EDE702
:10B530000369D0E901128A6051605968814208BFED
:10B540005A60002202611A68013A1A60186870474E
:10B5500008480068006880F308884FF0000080F316
:10B56000148862B661B6BFF34F8FBFF36F8F00DFF1
:10B5700000BF000008ED00E0DFF80C00016841F4B6
:10B58000700101607047000088ED00E0002382B088
:10B5900001930D4B1B68013308D04FF0500383F328
:10B5A0001188BFF36F8FBFF34F8FFEE74FF050034B
:10B5B00083F31188BFF36F8FBFF34F8F019B002B75
:10B5C000FCD002B0704700BF780000244FF08073B9
:10B5D00021F0010140F8202C44380364034BC1637F
:10B5E00083636FF002030362704700BF8DB50008EC
:10B5F000074B19680868B0E8F04F80F30988BFF37B
:10B600006F8F4FF0000080F311887047AFF3008018
:10B61000385002244FF0500383F31188BFF36F8F2B
:10B62000BFF34F8F0A4A13680133012B13600ED109
:10B630004FF0E023D3F8043DDBB243B14FF05003A9
:10B6400083F31188BFF36F8FBFF34F8FFEE770470F
:10B6500078000024084A136843B94FF0500383F37D
:10B660001188BFF36F8FBFF34F8FFEE7013B13606D
:10B670000BB983F3118870477800002400000000A4
:10B68000EFF30980BFF36F8F154B1A681EF0100F90
:10B6900008BF20ED108A20E9F04F10602DE9090065
:10B6A0004FF0500080F31188BFF34F8FBFF36F8FBF
:10B6B00001F0D2F94FF0000080F3118809BC19683D
:10B6C0000868B0E8F04F1EF0100F08BFB0EC108A09
:10B6D00080F30988BFF36F8F704700BFAFF300801E
:10B6E0003850022408B54FF0500383F31188BFF39C
:10B6F0006F8FBFF34F8F01F011F828B14FF0E023A7
:10B700004FF08052C3F8042D002383F3118808BD45
:10B710004FF0E02200234FF47A7113619361044BE0
:10B720001B68B3FBF1F3013B5361072313617047BF
:10B730006C0000244FF0E02337B5D3F8001D384AE1
:10B74000914208D14FF0500383F31188BFF36F8FFC
:10B75000BFF34F8FFEE7D3F8002D324B9A4208D14A
:10B760004FF0500383F31188BFF36F8FBFF34F8FF8
:10B77000FEE72D4B1A78D2B20192FF221A701B7885
:10B780002A4ADBB28DF803309DF8033003F05003F2
:10B7900013700723264A13609DF8031013680906E7
:10B7A0000AD4032B11D04FF0500383F31188BFF359
:10B7B0006F8FBFF34F8FFEE7013B13609DF803309F
:10B7C0005B00DBB28DF80330E6E74FF440734FF0D7
:10B7D000E02400251360019B134ADBB21370D4F8F8
:10B7E000203D43F47003C4F8203DD4F8203D43F0DD
:10B7F0007043C4F8203DFFF78BFF0E4B1D60FFF731
:10B80000BBFED4F8343F43F04043C4F8343FFFF765
:10B810009FFE01F021F92846FFF7B8FE03B030BDC6
:10B8200071C20F4170C20F4100E400E0FC4A0224E3
:10B83000F84A022478000024EFF305830F2B0ED979
:10B84000114A9B5C114A12789A4208D94FF0500372
:10B8500083F31188BFF36F8FBFF34F8FFEE74FF075
:10B86000E0230B4AD3F80C3D126803F4E0639342E3
:10B8700008D94FF0500383F31188BFF36F8FBFF3E4
:10B880004F8FFEE7704700BFF0E300E0FC4A022460
:10B89000F84A022410B50446FFF7BCFEA46BFFF77C
:10B8A000D9FEB4FA84F0400910BD70B51646026C9A
:10B8B0000446856B42B906689EB9806801F030FA8B
:10B8C000A6600135A56370BD6EB9406815F027F913
:10B8D0006368226C1344A2689342636024BF2368A8
:10B8E00063600020EDE7C06815F019F9226CE36889
:10B8F00051429B1A22689342E3603EBFA3685B18E3
:10B90000E360022EEDD10DB1013DEAE72846D8E70C
:10B91000034608461A6C10B462B1DC689968144496
:10B920008C42DC605DF8044B24BF1968D960D9688B
:10B9300015F0F5B85DF8044B704770B50446FFF795
:10B9400069FE94F8455004F124066DB2002D01DD26
:10B95000636AB3B9FF2304F1100684F84530FFF79A
:10B9600079FEFFF757FE94F844506DB2002D01DDCB
:10B9700023697BB9FF2384F84430BDE87040FFF7AA
:10B9800069BE304601F0E8F808B101F06FF9013DF9
:10B990006DB2DBE7304601F0DFF808B101F066F97F
:10B9A000013D6DB2E2E738B50D46044640B94FF0AF
:10B9B000500383F31188BFF36F8FBFF34F8FFEE700
:10B9C000FFF728FE2268D4E90F3162604B43D0189C
:10B9D0005B1AA0601A440020FF23E260A06384F891
:10B9E000443084F84530A5B9236973B104F11000DF
:10B9F00001F0B2F848B14FF0E0234FF08052C3F8A5
:10BA0000042DBFF34F8FBFF36F8FFFF723FE01208D
:10BA100038BD04F11000FFF75BFD04F12400FFF7CF
:10BA200057FDF2E737B50D461C4640B94FF05003BD
:10BA300083F31188BFF36F8FBFF34F8FFEE743B9D6
:10BA40004FF0500383F31188BFF36F8FBFF34F8F15
:10BA5000FEE74AB191B94FF0500383F31188BFF369
:10BA60006F8FBFF34F8FFEE741B14FF0500383F369
:10BA70001188BFF36F8FBFF34F8FFEE75023019301
:10BA8000019B502B08D04FF0500383F31188BFF374
:10BA90006F8FBFF34F8FFEE70121002D08BF2246B5
:10BAA000019B84F846102260C4E90F052046FFF789
:10BAB0007AFF9DF81830204684F84C3003B030BD32
:10BAC000F8B50D461746064640B94FF0500383F3CC
:10BAD0001188BFF36F8FBFF34F8FFEE7484350309D
:10BAE000FFF720FC044670B1002380F8463065B1B2
:10BAF00000F15003012120462360C4E90F65FFF7E0
:10BB000052FF84F84C702046F8BD0346F2E713B5A7
:10BB100013460C4640B94FF0500383F31188BFF32E
:10BB20006F8FBFF34F8FFEE7884208D24FF050036C
:10BB300083F31188BFF36F8FBFF34F8FFEE70222AD
:10BB4000009200221146FFF76DFF00B1846302B03E
:10BB500010BD10B50C4640B94FF0500383F3118867
:10BB6000BFF36F8FBFF34F8FFEE7884208D24FF0CD
:10BB7000500383F31188BFF36F8FBFF34F8FFEE73E
:10BB800002220021FFF79CFF00B1846310BD2DE964
:10BB9000FF410F461E460446019240B94FF0500344
:10BBA00083F31188BFF36F8FBFF34F8FFEE751B957
:10BBB000036C43B14FF0500383F31188BFF36F8FD1
:10BBC000BFF34F8FFEE7022E0BD1E36B012B08D0A2
:10BBD0004FF0500383F31188BFF36F8FBFF34F8F84
:10BBE000FEE701F04FF8054620B300254FF00008AE
:10BBF000FFF710FDA26BE36B9A4227D2324639461B
:10BC00002046FFF752FE636A1BB104F1240000F0E6
:10BC1000A3FF48B14FF0E0234FF08052C3F8042D4A
:10BC2000BFF34F8FBFF36F8FFFF714FD012004B0F8
:10BC3000BDE8F081019B002BD8D04FF0500383F377
:10BC40001188BFF36F8FBFF34F8FFEE7022ED5D061
:10BC5000019B1BB9FFF7FEFC0020E8E715B902A81D
:10BC600000F0BCFFFFF7F6FC00F04AFDFFF7D2FC46
:10BC700094F84430FF2B01D184F8448094F8453087
:10BC8000FF2B01D184F84580FFF7E4FC01A902A84D
:10BC900000F0B0FF38BBFFF7BDFCA26BE36B9A422C
:10BCA0000ED1FFF7D7FC019904F1100000F01CFF42
:10BCB0002046FFF742FE00F0C7FD48B1012597E797
:10BCC000FFF7C8FC2046FFF738FE00F0BDFDF5E7A2
:10BCD0004FF0E0234FF08052C3F8042DBFF34F8F95
:10BCE000BFF36F8FEAE72046FFF727FE00F0ACFDB9
:10BCF000B2E700220B4613B5114600900120FFF772
:10BD000091FE044638B100231A4619468360036049
:10BD1000C360FFF73CFF204602B010BD38B50446B3
:10BD200040B94FF0500383F31188BFF36F8FBFF317
:10BD30004F8FFEE7856800F09FFF85420BD1E368D7
:10BD4000013BE3600BB1012038BD1A46194620467D
:10BD5000FFF71DFFF7E70020F6E770B50646502015
:10BD6000FFF7E0FA044698B100250121006080F851
:10BD70004650C0E90F15FFF716FE2B462A46294606
:10BD8000204684F84C60A5602560E560FFF7FFFE63
:10BD9000204670BD2DE9F843894617461E460446E5
:10BDA00040B94FF0500383F31188BFF36F8FBFF397
:10BDB0004F8FFEE751B9036C43B14FF0500383F34B
:10BDC0001188BFF36F8FBFF34F8FFEE7022E0BD1A9
:10BDD000E36B012B08D04FF0500383F31188BFF3BE
:10BDE0006F8FBFF34F8FFEE7FFF726FDEFF311884C
:10BDF0004FF0500383F31188BFF36F8FBFF34F8F62
:10BE0000A26BE36B9A4201D3022E1ED194F84550E7
:10BE10003246494620466DB2A36BFFF746FD6B1CC8
:10BE20000ED1636A3BB104F1240000F095FE10B11D
:10BE30000FB101233B60012088F31188BDE8F8832E
:10BE400001356DB284F84550F5E70020F4E770B590
:10BE50000D46044640B94FF0500383F31188BFF3F9
:10BE60006F8FBFF34F8FFEE7036C43B14FF050036A
:10BE700083F31188BFF36F8FBFF34F8FFEE7036823
:10BE800053B9836843B14FF0500383F31188BFF374
:10BE90006F8FBFF34F8FFEE7FFF7CEFCEFF31186F6
:10BEA0004FF0500383F31188BFF36F8FBFF34F8FB1
:10BEB000A26BE36B934219D994F845100132FF2924
:10BEC0004BB2A2630DD1636A3BB104F1240000F0D0
:10BED00043FE10B10DB101232B60012086F31188C0
:10BEE00070BD01335BB284F84530F6E70020F5E71A
:10BEF0002DE9FF410E460446019240B94FF0500330
:10BF000083F31188BFF36F8FBFF34F8FFEE751B9F3
:10BF1000036C43B14FF0500383F31188BFF36F8F6D
:10BF2000BFF34F8FFEE700F0ADFE054618B30025C6
:10BF30004FF00008FFF76EFBA76B47B3013F314698
:10BF40002046FFF7E5FCA763236973B104F11000F5
:10BF500000F002FE48B14FF0E0234FF08052C3F8EA
:10BF6000042DBFF34F8FBFF36F8FFFF773FB0120DB
:10BF700004B0BDE8F081019B002BD9D04FF05003F5
:10BF800083F31188BFF36F8FBFF34F8FFEE7019BE1
:10BF90001BB9FFF75FFB0020EAE715B902A800F024
:10BFA0001DFEFFF757FB00F0ABFBFFF733FB94F8E8
:10BFB0004430FF2B01D184F8448094F84530FF2BA6
:10BFC00001D184F84580FFF745FB01A902A800F0E4
:10BFD00011FE00BB2046FFF75DFCB0B1019904F1F2
:10BFE000240000F081FD2046FFF7A7FC00F02CFCA8
:10BFF00048B94FF0E0234FF08052C3F8042DBFF34F
:10C000004F8FBFF36F8F012594E72046FFF795FC14
:10C0100000F01AFCF7E72046FFF78FFC00F014FC55
:10C020002046FFF737FC0028EDD0B4E7F0B585B027
:10C030000446019140B94FF0500383F31188BFF3D8
:10C040006F8FBFF34F8FFEE7056C45B14FF0500384
:10C0500083F31188BFF36F8FBFF34F8FFEE700F0BC
:10C0600011FE064620B32E460027FFF7D3FAA36B36
:10C0700053B3013BA363236813B900F0E1FEA06052
:10C08000236973B104F1100000F066FD48B14FF070
:10C09000E0234FF08052C3F8042DBFF34F8FBFF35E
:10C0A0006F8FFFF7D7FA012005B0F0BD3546DBE70B
:10C0B000019B002BFAD04FF0500383F31188BFF39C
:10C0C0006F8FBFF34F8FFEE7019B53B9002D66D0F2
:10C0D0004FF0500383F31188BFF36F8FBFF34F8F7F
:10C0E000FEE716B902A800F079FDFFF7B3FA00F0F9
:10C0F00007FBFFF78FFA94F84430FF2B01D184F847
:10C10000447094F84530FF2B01D184F84570FFF757
:10C11000A1FA01A902A800F06DFD50BB2046FFF76F
:10C12000B9FB00B323683BB9FFF774FAA06800F0CD
:10C13000B9FD0546FFF78EFA019904F1240000F0DD
:10C14000D3FC2046FFF7F9FB00F07EFB48B94FF027
:10C15000E0234FF08052C3F8042DBFF34F8FBFF39D
:10C160006F8F012681E72046FFF7E7FB00F06CFBAD
:10C17000F7E72046FFF7E1FB00F066FB2046FFF7FC
:10C1800089FB0028EDD065B1FFF744FA616A19B167
:10C19000236B1968C1F13801A06800F003FEFFF7B6
:10C1A00059FA002080E770B50D46044640B94FF0BB
:10C1B000500383F31188BFF36F8FBFF34F8FFEE7F8
:10C1C000866800F059FD864204D1E36801200133FE
:10C1D000E36070BD29462046FFF728FF0028F8D00D
:10C1E000E3680133E360F4E72DE9F84389469046BC
:10C1F000044640B94FF0500383F31188BFF36F8FAB
:10C20000BFF34F8FFEE751B9036C43B14FF05003BA
:10C2100083F31188BFF36F8FBFF34F8FFEE7FFF7F4
:10C220000BFBEFF311874FF0500383F31188BFF33B
:10C230006F8FBFF34F8FA56B0DB394F844604946E1
:10C240002046013D76B2FFF763FBA563731C11D155
:10C25000236953B104F1100000F07EFC28B1B8F15D
:10C26000000F02D00123C8F80030012087F31188A5
:10C27000BDE8F883013676B284F84460F5E72846D5
:10C28000F4E700000023074A30B552F8335002EBC0
:10C29000C3041DB942F83310606030BD0133082B70
:10C2A000F3D1FAE7004B02240023094A10B552F8F3
:10C2B0003310DC00814206D1064A002142F83310D7
:10C2C0002244516010BD0133082BF0D1FAE700BFC2
:10C2D000044B0224004B022410B540B94FF0500328
:10C2E00083F31188BFF36F8FBFF34F8FFEE7FFF724
:10C2F000DBFF90F846301BB9BDE81040FFF7AAB845
:10C3000010BD70B504460D461646FFF783F994F844
:10C310004430FF2B02D1002384F8443094F8453098
:10C32000FF2B02D1002384F84530FFF793F9A36B6C
:10C330002BB93246294604F1240000F0EFFB2046D9
:10C34000BDE87040FFF7F9BA2DE9F0410446FFF768
:10C3500061F92F4B2F4E1A682F4F01321A60356842
:10C36000002D4AD134601B68012B1FD1B84601351E
:10C370004046FFF7ADF808F11408382DF7D1DFF883
:10C38000C080264D4046FFF7A3F82846FFF7A0F8E7
:10C390002348FFF79DF82348FFF79AF82248FFF754
:10C3A00097F8224BC3F80080214B1D60214A136887
:10C3B00001331360204A63641168E36A8B4200D939
:10C3C00013601420211D00FB0370FFF78FF8FFF7A7
:10C3D00041F91A4B1B6873B13368DA6AE36A9A420F
:10C3E00009D24FF0E0234FF08052C3F8042DBFF381
:10C3F0004F8FBFF36F8FBDE8F081104B1A68E36A6F
:10C40000002AD3D13268D26A9A42CFD83460CDE7BD
:10C41000644B022438500224D84B0224B04B02242F
:10C42000944B0224804B0224684B0224AC4B022420
:10C43000A84B0224484B02245C4B0224584B022494
:10C44000C44B0224F8B5154B0646154D0F461C6823
:10C4500028680430FFF76CF8731C07D137B12968DE
:10C4600010480431BDE8F840FFF740B8A4192B6824
:10C470005C6007D30C4B18682968BDE8F8400431AC
:10C48000FFF73FB8094B186829680431FFF739F8FE
:10C49000074B1A68A24200D91C60F8BD604B022409
:10C4A00038500224684B0224A84B0224AC4B0224CF
:10C4B000444B0224064A13681968064B19B94FF019
:10C4C000FF321A6070471268D268D2685268F8E783
:10C4D000AC4B0224444B022410B50446583014F0EF
:10C4E00039FA94F8A9303BB9206BFEF7B3FF204628
:10C4F000BDE81040FEF7AEBF012BF8D0022B08D0EC
:10C500004FF0500383F31188BFF36F8FBFF34F8F4A
:10C51000FEE710BD80B5144C144F154D236883B948
:10C52000144B1B68012B09D94FF0E0234FF08052C8
:10C53000C3F8042DBFF34F8FBFF36F8FF4F7DCF810
:10C54000EBE7FFF767F8FB68DE68301DFEF7F0FFEA
:10C550002B68013B2B602368013B2360FFF77AF8CF
:10C560003046FFF7B9FFD9E77C4B0224804B022409
:10C57000644B0224D84B02242DE9F047960007466D
:10C580000D46A52132469846043EDDE90994206B0C
:10C5900014F086F9236B1E4426F00706002D43D0C5
:10C5A0006B1E04F133020F3513F8011F02F8011F4F
:10C5B00009B1AB42F8D1002384F84330089D4FF015
:10C5C000000A201D372DC4F850A028BF3725E5628A
:10C5D000E564C5F13805FEF786FF04F11800FEF7A3
:10C5E00082FF4C225146C4F8A4A004F158002461F3
:10C5F000A5616462C4F854A084F8A8A014F050F9AE
:10C600000B4B3946304603F16802E365D0332266AE
:10C6100042466366FEF7DAFF2060B9F1000F01D0F1
:10C62000C9F80040BDE8F08784F83450C6E700BF81
:10C63000B85B022470B586B0DDE90B5445B94FF004
:10C64000500383F31188BFF36F8FBFF34F8FFEE763
:10C6500044B94FF0500383F31188BFF36F8FBFF3DA
:10C660004F8FFEE7AC260596059EAC2E08D04FF006
:10C67000500383F31188BFF36F8FBFF34F8FFEE733
:10C6800025630225059E84F8A95004AD0294019506
:10C690000A9D0095FFF770FF2046FFF755FE0498AE
:10C6A00006B070BD2DE9F043074685B0900088467E
:10C6B00016469946FEF736FE054620B94FF0FF3084
:10C6C00005B0BDE8F083AC20FEF72CFE044698B11F
:10C6D000002305633246414680F8A9300D9B029045
:10C6E000384601930C9B00934B46FFF745FF2046CD
:10C6F000FFF72AFE0120E3E72846FEF7ABFEDDE761
:10C70000024A136801331360704700BF404B022494
:10C71000014B1868704700BF604B02243F4B1B68F9
:10C720002DE9F74F002B72D13D4B1C6801341C6082
:10C73000BCB93C4B1A68126842B14FF0500383F306
:10C740001188BFF36F8FBFF34F8FFEE7364A19682A
:10C75000106818601160354A136801331360FFF7E1
:10C76000A9FE334D4FF0000B324E2B68324F9C42E6
:10C7700012D23A681421D26A4A43B258022A2F4A86
:10C78000126828BF4FF0010B002A18BF4FF0010BB1
:10C79000584603B0BDE8F08FDFF88890DFF8A4A01A
:10C7A000D9F8002012681AB94FF0FF322A60E0E78A
:10C7B000D9F80020D268D2F80C80D8F804108C4246
:10C7C00001D22960D5E708F1040318460193FEF76A
:10C7D000AFFED8F8281019B108F11800FEF7A8FE2E
:10C7E000D8F82C00DAF80010884201D9CAF8000005
:10C7F0001423019903FB0060FEF778FE3868D8F82F
:10C800002C10C26A914228BF4FF0010BC8E70C4AB6
:10C810004FF0000B136801331360B9E7404B02245B
:10C82000604B0224AC4B0224A84B02244C4B022444
:10C83000444B0224D84B022438500224504B02248B
:10C84000544B02245C4B02242DE9F041304C236808
:10C8500043B94FF0500383F31188BFF36F8FBFF3D9
:10C860004F8FFEE7FEF7D6FE2368013B2360246866
:10C870002CB10024FEF7EEFE2046BDE8F081254BEA
:10C880001B68002BF5D0244D244EDFF8A0801DE05E
:10C89000EB68DC68271D04F11800FEF749FE3846F6
:10C8A000FEF746FEE36A3268934200D933601420F3
:10C8B000394600FB0380FEF719FE194BE26A1B683C
:10C8C000DB6A9A4202D3174B01221A602B68002BB5
:10C8D000DED10CB1FFF7EEFD134D2C6844B1114EC3
:10C8E0000127FFF71BFF00B13760013CF9D12C6035
:10C8F0000C4B1B68002BBCD04FF0E0234FF0805254
:10C90000C3F8042DBFF34F8FBFF36F8F0124B1E73E
:10C91000404B0224644B0224944B02245C4B0224BF
:10C9200038500224504B0224544B0224D84B02248A
:10C9300008B550B94FF0E0234FF08052C3F8042DF2
:10C94000BFF34F8FBFF36F8F08BD0A4B196841B11A
:10C950004FF0500383F31188BFF36F8FBFF34F8FF6
:10C96000FEE7FFF7CDFEFFF76DFDFFF76DFF002837
:10C97000E0D0E9E7404B022438B50D46044608B93B
:10C98000044B1C68FEF746FE6565BDE83840FEF7BF
:10C9900061BE00BF38500224034608460BB9034B62
:10C9A0001B685B6D03B11847184670473850022466
:10C9B00010B588B0002407AA06A905A8CDE905444A
:10C9C000FEF772FC059B079A0293069B1B491C48C5
:10C9D000CDE900432346FFF72DFE60B300F08EFA49
:10C9E00001281DD14FF0500383F31188BFF36F8FDF
:10C9F000BFF34F8F134A1449136858330B604FF03D
:10CA0000FF31124B19602146114B1860114B1C600D
:10CA10001068FFF7C1FF08B0BDE81040FEF78ABEFE
:10CA2000013008D14FF0500383F31188BFF36F8FAB
:10CA3000BFF34F8FFEE708B010BD00BF7B31020887
:10CA400015C5000838500224E8000024444B022495
:10CA5000584B0224604B0224F8B51D4B1A681D4B3D
:10CA600012B101221A60F8BD1B4C01211B4E142784
:10CA70001A602068FFF790FF3268194907FB02F33C
:10CA8000CD58C818C5B1456808336D680B449D4240
:10CA9000456004BF6B684360142303FB02114B68BD
:10CAA0000021DB68236032602068FFF775FF236890
:10CAB0000C4A58331360D6E742B94FF0500383F362
:10CAC0001188BFF36F8FBFF34F8FFEE7013AD5E7B1
:10CAD000404B0224504B0224385002245C4B022469
:10CAE000D84B0224E800002410B50C4640B94FF0A2
:10CAF000500383F31188BFF36F8FBFF34F8FFEE7AF
:10CB0000054B19681831FEF7FCFC20460121BDE8F1
:10CB10001040FFF797BC00BF3850022438B50D46CF
:10CB2000144640B94FF0500383F31188BFF36F8F61
:10CB3000BFF34F8FFEE7074B19681831FEF7D6FC9D
:10CB4000002C21460CBF28464FF0FF30BDE838408E
:10CB5000FFF778BC3850022438B5C368DC6844B9A4
:10CB60004FF0500383F31188BFF36F8FBFF34F8FE4
:10CB7000FEE704F118052846FEF7DAFC114B1B68A6
:10CB8000D3B9251D2846FEF7D3FC0F4AE36A116886
:10CB90008B4200D9136014200C4A294600FB032065
:10CBA000FEF7A4FC0A4BE26A1B68DB6A9A4206D9CC
:10CBB0000120084B186038BD29460748F0E70020DF
:10CBC000F9E700BF404B02245C4B0224D84B0224FF
:10CBD00038500224504B0224944B0224034B1B6810
:10CBE0000360034B1B684360704700BF4C4B02243B
:10CBF000604B022470B50C46054640B94FF0500317
:10CC000083F31188BFF36F8FBFF34F8FFEE741B9F6
:10CC10004FF0500383F31188BFF36F8FBFF34F8F33
:10CC2000FEE7FEF7F7FC0F4B196823685A1C10D07B
:10CC30000D482E6800686A68864201D08A420FD982
:10CC4000881A83420AD95B1A284613442360FFF7E7
:10CC5000C5FF0024FEF7FEFC204670BD00232360C4
:10CC60000124F7E7604B02244C4B0224014B0122C4
:10CC70001A607047504B0224014B1868704700BF80
:10CC800038500224054B1B6833B1054B1868B0FAC5
:10CC900080F040094000704701207047584B022443
:10CCA000404B0224F8B5044638B31A4DC36A2A68CB
:10CCB000D26A934226D28269002A04DB2A68D26AA9
:10CCC000C2F1380282611422134E02FB03636269CF
:10CCD0009A4213D1271D3846FEF72AFC2B680F4ACB
:10CCE000DB6A1168E3628B4200D913601420394675
:10CCF00000FB0360FEF7FAFB0120F8BD2B68DB6A3E
:10CD0000E362F9E72B68C06CDB6A98422CBF002015
:10CD10000120F2E738500224D84B02245C4B022455
:10CD200038B508B9002038BD1B4B1C68844208D0B8
:10CD30004FF0500383F31188BFF36F8FBFF34F8F12
:10CD4000FEE7236D43B94FF0500383F31188BFF31F
:10CD50006F8FBFF34F8FFEE7E16A013BE26C236503
:10CD60009142DFD0002BDDD1251D2846FEF7E0FBE8
:10CD7000E36CC3F13802E362A261084A11688B4296
:10CD800000D91360064A1420294600FB0320FEF751
:10CD9000ADFB0120C7E700BF385002245C4B0224E2
:10CDA000D84B022470B50446002842D0026D42B927
:10CDB0004FF0500383F31188BFF36F8FBFF34F8F92
:10CDC000FEE7C36C994238BF1946C36A8B4230D024
:10CDD000012A2ED1174A1268824208D14FF050031F
:10CDE00083F31188BFF36F8FBFF34F8FFEE7826924
:10CDF000114D002A4FF01402C16202FB0353A8BF79
:10CE0000C1F138014269A8BF81619A4211D1061D62
:10CE10003046FEF78DFB094AE36A11688B4200D960
:10CE200013601420314600FB0350BDE87040FEF74C
:10CE30005DBB70BD38500224D84B02245C4B0224E9
:10CE4000044B1A681AB119680A6D01320A6518682C
:10CE5000704700BF38500224914208B5416000611C
:10CE60000AD8D21A83699A420DD2011D074B18685D
:10CE7000FEF747FB002008BD9A4201D2994202D238
:10CE8000011D034BF3E70120F5E700BF38510224F1
:10CE90003C510224F7B5114CFEF7BCFB2568BDB927
:10CEA0000F4F104E3846FEF713FB3046FEF710FBCF
:10CEB0000D4B0E4A10211F600A200D4B1E600D4BBA
:10CEC0000095FEF7AFFD206010B10B49FFF7DAF9CE
:10CED00003B0BDE8F040FEF7BDBB00BF34510224F3
:10CEE00054510224405102243C5102248C5002240B
:10CEF000385102243C5002248031020810B588B019
:10CF0000FFF7C8FF124B1B68B3B1002407AA06A99C
:10CF100005A8CDE90544FEF7D3F9059B079A0293CE
:10CF2000069B0C49019302230B4800932346FFF70D
:10CF300081FB0A4B186040B94FF0500383F311880E
:10CF4000BFF36F8FBFF34F8FFEE7012008B010BD16
:10CF5000345102248531020859D00008305102248E
:10CF60007FB5164604461A4640B94FF0500383F386
:10CF70001188BFF36F8FBFF34F8FFEE70C4D28680A
:10CF800078B105290294CDE900160CDCFFF77AFE92
:10CF900000230228694628680CBF089A1A46FEF743
:10CFA000F6FD04B070BD00236946FEF7F3FEF8E716
:10CFB000345102242DE9F347DFF898800646FFF745
:10CFC000A7FB0546D8F80030834209D91F4F3B68BC
:10CFD0001A686AB91E4A116813600123396000E0BB
:10CFE000002328463360C8F8005002B0BDE8F0873F
:10CFF000DB68DC68D3F8009004F1040A5046FEF7C1
:10D0000097FA236A2046984794F828305B07DED5C4
:10D01000A3694B44994506D2514638686360246140
:10D02000FEF76FFAD3E700234A46204619460093DD
:10D03000FFF796FF0028CAD14FF0500383F3118801
:10D04000BFF36F8FBFF34F8FFEE700BF3C51022449
:10D05000385102242C5102242DE9F0436E4D89B041
:10D060006E4E2B68D3F80080B8F1000F35D0DB6826
:10D070000024D3F80080FFF743FB04A8FFF79AFFD2
:10D08000049B8146002B69D1002C4CD1404550D3E4
:10D09000FFF7DAFB2B68DB68DF68381DFEF748FA1C
:10D0A00097F8283058071AD5B96943464A46384692
:10D0B0004144FFF7D1FEB0B12346424621463846EF
:10D0C0000094FFF74DFF70B94FF0500383F31188C0
:10D0D000BFF36F8FBFF34F8FFEE70124CBE723F041
:10D0E000010387F828303B6A38469847002204A994
:10D0F0003068FEF7FDFE0028B3D0049B0698002B95
:10D100002FDB069C6369002B32D103A8FFF752FF87
:10D11000049B0246092BE9D8DFE803F02E2E2E5798
:10D120005E762E2E575E3E4B1B681C68B4FA84F464
:10D1300064092246A8EB09013068FFF7E2F8FFF71F
:10D1400083FB0028D2D14FF0E0234FF08052C3F888
:10D15000042DBFF34F8FBFF36F8FC7E7FFF774FB4B
:10D16000C4E7059B07999847049B002BBEDBC8E7E3
:10D17000201DFEF7DDF9C8E794F828302046A169A4
:10D1800043F0010384F82830059B1944FFF764FE3F
:10D190000028ABD0236A2046984794F828305907D6
:10D1A000A4D5A26900230599204600930A44194694
:10D1B000FFF7D6FE002899D14FF0500383F3118872
:10D1C000BFF36F8FBFF34F8FFEE794F8283023F043
:10D1D000010384F8283089E794F8283043F00103EC
:10D1E00084F828300599A16141B94FF0500383F3C9
:10D1F0001188BFF36F8FBFF34F8FFEE703460144E3
:10D200002046FFF729FE71E794F828309A07DED40C
:10D210002046FEF71FF969E73C51022434510224ED
:10D22000385102248088704770B503680C4600218D
:10D2300005465B6A984706462B682846A41B1B6A6E
:10D24000A4B29847B4FBF0F070BD00238380704710
:10D2500010B50368044681885B6A9847A388013348
:10D26000A38010BD03685B6A18477047024A0260DA
:10D2700000228280704700BFD03B0208806A70475E
:10D28000836A00202BB120B95A1A9B695042504141
:10D29000F8E77047002348618B61836A13B98162A4
:10D2A000704713469A69002AFBD1996170470022A2
:10D2B000836A23B199698162C3E90522F8E770475F
:10D2C0000023836270470022028042808280C280F5
:10D2D000704770B50D461646846A3CB123682046F7
:10D2E000324629465B6D9847A469F6E770BD38B5AC
:10D2F0000D46846A34B12B68214628469B689847BE
:10D30000A469F7E738BD704710B504462C2112F028
:10D31000B2FC204610BD836A9BB18B4209D19A6949
:10D3200000215961826202B97047996170471346C2
:10D330003AB19A698A42FAD18A699A610023C1E9AD
:10D340000533704710B4836A04462BB9036811464D
:10D350005DF8044B1B6E184741B9936182625461BA
:10D360005DF8044B704703460028F9D0994298694C
:10D37000F9D190618A61F2E72DE9F0411F4690F8FA
:10D3800024300D46164603B13860846A14B394F80D
:10D390002530EBB1B4F904108D4219DB89B2238931
:10D3A0000B441BB29D4213DAB4F9062096420FDB00
:10D3B00092B2638913441BB29E4209DA2368B21AFF
:10D3C000691A2046D3F8248012B23B4609B2C047FE
:10D3D000A469DBE7BDE8F0812DE9F04F6D4CA1B009
:10D3E000064624682A9D94F84990002403932C80D3
:10D3F0002B9D2C801C60CDE90112FFF7BDFFB9F118
:10D40000030F40F3C18031460CA805F0C3FEBDF9FF
:10D4100030300693BDF932300793039BD3F800A058
:10D42000BAF1000F00F0B380514610A805F0B2FE2B
:10D430000220BDF94410019B069A91FBF0F19D1862
:10D44000BDF94030079A1944029B1344BDF94620A8
:10D450006D1ABDF9421092FBF0F20A449B1A5B432D
:10D4600005FB05354C4F10ACB9F10C0F0FCF0FC4B5
:10D470000FCF0FC40FCF0FC497E80F0084E80F0041
:10D480004FF00303D8BF09F1FF324FF00004CDF88D
:10D490000090CCBF984692FBF3F8631C10AA04F0EE
:10D4A00001044FF0000B0893009B02EB441493FB24
:10D4B000F8F304349BB20493049A54F8043C13FB2D
:10D4C00002F3019A9BB299180593B6F9043009B298
:10D4D00099424DDB328913441BB2994248DA049BCE
:10D4E000276817FB03F7029BBFB2FA18B6F906309C
:10D4F00012B29A423CDB708903441BB29A4237DA7B
:10D50000002330460B930BABFFF736FF0B9A7AB331
:10D5100052452DD011460EA8099205F03BFE4FF062
:10D52000020EBDF93C10069ABDF93800019BBDF909
:10D530003EC01344079A91FBFEF19CFBFEFC0144A4
:10D54000581A029BBDF93A101344099A8C44A3EB74
:10D550000C035B4300FB0033AB4208D20B991D4622
:10D56000039801602A99059808802B990F809246AC
:10D570000BF1010B0834BBF1040F9DD1009B089CFB
:10D580004B444445009388D121B0BDE8F08F4FF063
:10D59000FF3567E774510224A01402082DE9F04317
:10D5A000B1F900708C88B0F900903C44A4B20FFA35
:10D5B00084F8C1452FDA82884A4492B20FFA82FE7B
:10D5C000774528DAB1F90250CB88B0F902602B44D4
:10D5D0001BB29E421FDAC38833449BB20FFA83FC0E
:10D5E000654518DA4F45B8BF4F46B542B8BF354616
:10D5F000F045D8BF2246D21B82804A88C98807805E
:10D600000A44458092B211B28C45A8BF13465B1BF9
:10D61000C380BDE8F0830023038043808380C38000
:10D62000F7E7B0F90430002B06DDB0F9060000285A
:10D63000CCBF002001207047012070472DE9F04148
:10D64000002304468D6A038043808380C380002DBD
:10D6500040D0281DFFF7E5FF88B92046FFF7E1FF1E
:10D66000B5F90420B5F90630B5F908E0B5F90AC0F6
:10D6700038B122806380A4F804E0A4F806C0AD6944
:10D68000E5E7B4F90000B4F9021090420746B4F897
:10D6900004800E46A8BF174699427244B4F806E0CB
:10D6A000A8BF1E4640447144634400B2278012B2B2
:10D6B000668009B21BB29042ACBFC7EB0002C7EB59
:10D6C00002029942ACBFC6EB0103C6EB0303A28082
:10D6D000E380D4E72046BDE8F0812DE9F34190F8DE
:10D6E000253083B3846A74B3B1F90050B1F9026094
:10D6F000B1F90470B1F9068094F8253003B3684697
:10D70000211DADF80050ADF80260ADF80470ADF821
:10D710000680FFF743FF6846FFF783FF80B9BDF837
:10D7200000306946A28820469B1AE288ADF8003096
:10D73000BDF802309B1AADF8023023689B68984709
:10D74000A469002CD8D102B0BDE8F08173B590F87F
:10D7500025300D46164623B3846A14B394F8253059
:10D76000EBB128686B46696803C36846211DFFF763
:10D7700015FF6846FFF755FF88B9BDF800306946C8
:10D78000A28820469B1AE288ADF80030BDF802302E
:10D790009B1A3246ADF802302368DB6D9847A469C6
:10D7A000DBE702B070BD036813B5D3F8B4400023C3
:10D7B000CDE900336B46A04702B010BD012380F8CD
:10D7C0004B3080F86D307047012380F84B3080F883
:10D7D0006D307047436801225A72406803681B69C4
:10D7E0001847406803689B68184730B58BB00468D9
:10D7F0009DF8585009959DF8545008959DF8505043
:10D800000795BDF84C5006959DF8485005959DF834
:10D8100044500495BDF840500395BDF83C50029526
:10D82000BDF83850CDE900351346246C0022A047DE
:10D830000BB030BD044B1B7823B190F86E0080F024
:10D8400001007047012070477251022410B5044650
:10D85000406803689B68984794F86D3013B10123C2
:10D8600084F86E3010BD10B50446F5F7E1F8F4F712
:10D8700027F960680368DB689847E06803689B687D
:10D880009847236820469B6FBDE81040184700006A
:10D890007FB503680446624DD3F8C030984700282E
:10D8A00000F09E8094F84830022B02D00120F4F75B
:10D8B0006DF894F86A30002684F86B3094F879306B
:10D8C00084F86A6084F84B6033B123682046D3F84B
:10D8D000D430984784F8796094F84A300126626819
:10D8E00083F001032E70537204F000FA03685B6B3F
:10D8F000984794F86B300BB984F86B6004F0F6F934
:10D9000003685B699847E06D03681B69984794F862
:10D910006B3094F86C20013BDBB284F86B300AB1B9
:10D92000002BEBD13F4A94F96810137801335BB2B6
:10D930009942137010DC0023E06802A9137003AA57
:10D940000368DB6898472368002859D0D3F8CC30A7
:10D950002046DDE902129847002360698DF8073000
:10D9600058B103680DF10701DB68984728B1E06DF5
:10D970009DF807100368DB68984704F11C0011F05C
:10D980007DFB94F870300BB3206903681B699847DE
:10D99000636F064603B96067636F234AF31A9342C5
:10D9A00014D9206903689B699847636F6422F31A4E
:10D9B000B3FBF2F3B0FBF3F0002826DC84F8692017
:10D9C000206900210368DB69984766672368204661
:10D9D000D3F8E030984704F089F903689B6B9847C7
:10D9E00023682046D3F8C430984794F84830022B77
:10D9F00002D00120F3F7FAFF00232B7004B070BDB2
:10DA0000D3F8D03020469847A6E76328CBBF002341
:10DA1000C0F1640084F8693084F86900D0E700BF81
:10DA2000785102247951022400E1F50510B504462D
:10DA3000F5F72EF8002263689A7210BDC1651C309C
:10DA400011F01ABB30B587B0044604A8CDE9041222
:10DA500003F034FF049B06A903A8ADF80C30059B26
:10DA600021F80A3D03F07CFF94F86F1004F11C00CC
:10DA7000BDF80C20BDF80E3089B1B4F864500093A5
:10DA80001346B4F860102A4611F006FB28B1BDF920
:10DA90000C302366BDF90E30636607B030BD11F05F
:10DAA0003BFB012384F86F30F1E710B5002B46D023
:10DAB00081EA0200C40708D50B44013A8B423ED9E3
:10DAC00012F8010F01F8010BF8E7D00742BF12F876
:10DAD000010B03F1FF3301F8010B012B11D981EA8E
:10DAE00002041046A40722D023F001040C448C4207
:10DAF000024604D91288023021F8022BF7E703F01E
:10DB0000010323F0030008448842144604D9246822
:10DB1000043241F8044BF7E703F00303013A0B44E6
:10DB20008B420CD912F8010F01F8010BF8E79007AE
:10DB3000E7D032F8020B023B21F8020BE1E70120AB
:10DB400010BD10B590F86F30044653B1B0F8643092
:10DB50000121B0F860201C3011F0DEFA002384F8B7
:10DB60006F3010BD70B50368044615461B6B9847AF
:10DB70002368294620465B6BBDE8704018470000CB
:10DB80002DE9F04385B004460020994604AD0F46C8
:10DB9000904645F8040DA06906680195BDF830501F
:10DBA00000953568A847104D0646A5F80090F6F791
:10DBB0006BF80368DB6A984728B101280BD0304620
:10DBC00005B0BDE8F0832B8808FB0372039BA3EB31
:10DBD0004203E363F3E72A88039B08FB027202EB2C
:10DBE00042029A1AE263EAE76E510224F8B5154B35
:10DBF0000F4690F87D4006461B88C56B93FBF4F4F6
:10DC0000F6F742F80368DB6A984701280BD003D384
:10DC1000022810D0F563F8BD0B4B7C4319884C43A8
:10DC2000A5EB4405F6E7084B7C4319884C4304EB0D
:10DC300044042D1BEEE7044B7C4319884C43A5EBB1
:10DC40008405E7E7705102246E510224F0B58BB0D1
:10DC5000174604460E461D46F6F716F80368DB6ABB
:10DC600098479DF85430079031462268CDE9080363
:10DC70000C4B20461B8806939DF8503005939DF869
:10DC80004C300493BDF848300393BDF84430029300
:10DC9000BDF84030CDE900533B46156C0022A84743
:10DCA0000BB0F0BD6E5102242DE9F0439846036895
:10DCB0008BB017461D6C0E46134B0446B3F800900C
:10DCC000F5F7E2FF0368DB6A98479DF858300022B9
:10DCD0003146CDE9080302232046CDE9069301230E
:10DCE00005939DF854300493BDF850300393BDF86C
:10DCF0004C300293BDF84830CDE900833B46A8473D
:10DD00000BB0BDE8F08300BF6E5102242DE9F04353
:10DD10009846036887B00E46DD6D17460F4B0446E4
:10DD2000B3F80090F5F7B0FF0368DB6A98479DF8F9
:10DD300044303A463146CDF80C90CDE904039DF8C5
:10DD4000403020460293BDF83C300193BDF8383096
:10DD500000934346A84707B0BDE8F0836E51022404
:10DD60002DE9F04F04468FB010460D4691461E46F1
:10DD700007F0C0F8002800F09D8023682046DFF8F7
:10DD800098B10DF13808DB6A984723682046DFF820
:10DD90008CA11B6B9847BBF800305C4F0193BAF81D
:10DDA000003028F81C9D404602933B880393584B53
:10DDB0001A880593049207F0EDF93880404607F081
:10DDC0001DFA059B80B21880524B1B78002B74D132
:10DDD0003B88AAF80000ABF800304846D4E90F872A
:10DDE00007F088F80022C4E90F0011462846B5F96B
:10DDF0000490B5F906A0FFF7B5FE012395F825B00C
:10DE000085F82530B6F90430002B5CDDB6F9063014
:10DE1000002B58DD2A460AAB52F8040F516803C3A1
:10DE200031460AA8FFF7BAFB384B0021B3F90020AE
:10DE3000374BADF834200AAAB3F900300C91ADF895
:10DE4000363008AB92E8030083E8030018460CA9BB
:10DE5000FFF7A4FBE36C002B3CD1002084F85800B2
:10DE600000266B6908A92A68284605936E619268A6
:10DE70009047059B524649466B61284684F8586096
:10DE800085F825B0FFF76EFE019A234B20461A80D5
:10DE9000029A224B1A80039A1C4B1A801C4B049A3C
:10DEA0001A802368C4E90F87DB6A984723682046F5
:10DEB0001B6B98470FB0BDE8F08F3B88ABF80000B4
:10DEC000AAF8003089E72A460AAB52F8040F5168D5
:10DED00003C3A9E707A807F049FA0646E06C036800
:10DEE000DB6A98478642B8D1F5F7CEFE036806464E
:10DEF00007A85B6B059307F039FA059B014630468E
:10DF0000984780F00100C0B2A8E700BF6851022422
:10DF10006A5102246C5102246E5102247051022471
:10DF2000074B10B51B7804463BB103685B6B984701
:10DF3000E36B834201D1206C10BDE06BFCE700BFB6
:10DF4000725102242DE9F0411D468AB04FF48063DE
:10DF50009046BDF84C600024074606FB05850494F6
:10DF60008DF82040CDE90131BDF84030ADF81830D2
:10DF7000BDF84430ADF81A30BDF84830ADF81C306B
:10DF8000FFF7CEFF00EB45057868ADF81E6001A9EC
:10DF900005958DF822408DF821408DF823408DF8AD
:10DFA000244003685B6898470AB0BDE8F0812DE91A
:10DFB000F0438BB0002491461D46BDF850604FF4ED
:10DFC000006388460746049406FB0595CDE90134B5
:10DFD000FFF7A6FFBDF8483000EB45057868ADF8BF
:10DFE000183001A9BDF84C300595ADF81A30ADF8E0
:10DFF0001C40ADF81E60CDF81080ADF820408DF8C3
:10E0000022408DF823408DF8244003685B689847D0
:10E010000BB0BDE8F08300002DE9F0418AB09846CE
:10E02000002306469DF85C509DF850000B2D9DF88E
:10E0300054C0BDF858709DF86040049337D18023D8
:10E040008DF8200030460392CDE90131BDF844300F
:10E05000ADF81830BDF84830ADF81A30BDF84C3086
:10E06000ADF81C30FFF75CFF0B2CBDF84020ADF87D
:10E070001E7094BF194B00218DF8215098BF195D77
:10E0800002FB07838DF82240C91001FB03009DF8B5
:10E09000643001A905908DF82330002370688DF855
:10E0A000243003685B6898470AB0BDE8F081022D10
:10E0B00009D1FF2805D1BCF1000F14BF4023202354
:10E0C000BEE74023BCE7FF2805D1BCF1000F14BF19
:10E0D00004230123B4E70423B2E700BF8C3C020809
:10E0E0002DE9F04F8BB01D46002488469DF85890CE
:10E0F00093469DF860600746B9F1FF0FBDF85CA03C
:10E10000049414BF0823022305FB0AB5CDE90134AA
:10E11000FFF706FF0B2E9DF8642001A998BF134B53
:10E12000ADF81EA098BF9C5DBDF85030E410CDF84E
:10E130001080ADF81830BDF8543004FB0504786841
:10E14000ADF81A3000230594ADF81C308DF82090FE
:10E150008DF823208DF824308DF821608DF8226011
:10E1600003685B6898470BB0BDE8F08F8C3C0208F1
:10E170002DE9F0411E460A4B0F4690461D88F5F7E3
:10E1800083FD0368DB6A98470B2896BF054B002484
:10E190001C5C08FB0570E41004FB0060BDE8F08126
:10E1A0006E5102248C3C0208F0B58BB01F46044629
:10E1B0001646BDF854300025CDE90131BDF8403098
:10E1C0000495ADF81830BDF84430ADF81A30BDF8FC
:10E1D0004830ADF81C309DF850308DF82030FFF7F6
:10E1E0009FFE3A46314603462046FFF7C1FF0E4BDD
:10E1F00005901B88ADF81E30F5F746FD0368DB6A15
:10E200009847139B8DF8220001A98DF821000493F3
:10E2100060689DF858308DF824508DF823300368DD
:10E220005B6898470BB0F0BD6E510224F0B58DB01D
:10E23000012504466B46039583E806000023BDF8DC
:10E240000060BDF80270069303685B6B98473A461E
:10E25000314603462046FFF78BFF636C049007931B
:10E26000BDF80430ADF82030BDF80630ADF82230EE
:10E270000E4B1B88ADF82430ADF82630F5F704FDC1
:10E280000368DB6A9847FF238DF8290003A98DF8FE
:10E290002A0060688DF828308DF82B508DF82C50AE
:10E2A00003685B689847606C0DB0F0BD6E51022446
:10E2B0002DE9F0418CB01E46002304466D460693BE
:10E2C000036885E806000125BDF80070BDF80280EE
:10E2D00003955B6B98474246394603462046FFF755
:10E2E00047FFBDF804300490ADF82030BDF806308B
:10E2F0000796ADF82230104B1B88ADF82430129BE6
:10E30000ADF82630F5F7C0FC0368DB6A9847FF23B9
:10E310008DF8290003A98DF82A0060688DF828304F
:10E320008DF82B508DF82C5003685B689847304669
:10E330000CB0BDE8F08100BF6E510224F0B585B08D
:10E34000054602AC84E80600BDF80860BDF80A7016
:10E35000FFF7E6FD314603463A462846FFF708FF39
:10E36000054A2B68128800921E6F0346284694E8DF
:10E370000600B04705B0F0BD6E51022470B590F8AC
:10E380006E3004469BB10220F3F760FB0023204669
:10E3900084F86E3084F86D302368D3F8C850FFF7E6
:10E3A000BFFD014620462B46BDE87040184770BDB2
:10E3B00070B505460C46032049B1F3F7E7FA286922
:10E3C00068B1036801215B69BDE870401847F3F745
:10E3D0000DFB286918B1036821465B69F4E770BD3D
:10E3E00038B590F87B3004460D468B4206D0036862
:10E3F00029B9D3F8D830984784F87B5038BDD3F882
:10E40000DC30F8E70C4B10B51B78044653B990F894
:10E4100048303BB9406800F019F918B16268537A86
:10E42000002BFCD0F4F72CFB20460021FFF7D8FF8F
:10E430002046FFF775FD10BD7251022470B50446E9
:10E44000036819B9DB6ABDE870401847002290F8EC
:10E450007B6080F87B20DB6A984763680121054672
:10E460002046997284F87B60FFF7BAFF284670BD9A
:10E47000D0E90320131A584258417047D0E90323CA
:10E480009B1A002BDCBF82689B18012BCCBF00209D
:10E490000120704702694368242000FB0230704766
:10E4A00003681B691847012370B50372044640686E
:10E4B00003689B69984703680546402B0CD010D829
:10E4C000042B1DD004D8012B06D0022B2CD070BDFC
:10E4D000082B1DD0202BFAD123682046DB6B9847F0
:10E4E00013E0B3F5007FF7D004D8802BF4D0B3F558
:10E4F000807FF0E7B3F5806FEED0B3F5006FE5E70E
:10E500002368017F20469B6B984723681B6B06E0BE
:10E510002368017F20469B6B984723685B6B2946E5
:10E520002046BDE87040184723682046DB6B9847BB
:10E53000F3E7704770477047D0E9033210B5D21A3D
:10E54000002ADCBF84681219012A16DD42682424DF
:10E5500004FB032301F1200251F8044B914243F8DC
:10E56000044BF9D10A781A70C3688268BFF35B8FD5
:10E5700001339A42D8BF9B1AC36010BD03698268F9
:10E58000BFF35B8F01339A42D8BF9B1A0361704778
:10E5900070B504460E46606803685B6898470028BB
:10E5A000F9D10D4D28680368D3F880309847F4F707
:10E5B00075FA28680121FFF713FF60683146036888
:10E5C0009B68984723682046DB6A98472868036859
:10E5D000BDE87040DB6F18477451022408B5F4F7AA
:10E5E0004FFABDE80840F4F753BA10B504461421B9
:10E5F00011F041FB204610BD70B504464068036829
:10E600001B689847054630B9237A23B160680368D0
:10E610005B6998472572606803681B68984728B94A
:10E62000236820465B6ABDE870401847BDE870402B
:10E63000F4F73CBA10B582600022034CC0E9032213
:10E64000C0E9004110BD00BFA03C0208406803685B
:10E650001B6818470023C38403854385838580692D
:10E6600010B103681B691847704780ED0C0A7047AA
:10E6700038B50B0E04460D4683770368DB6B98476D
:10E68000036829469B689847236820461B6C984777
:10E69000A06138BD4177704730B50D4600F13404B4
:10E6A0000FCD0FC40FCD0FC42B68236030BD38B51C
:10E6B0000446031D08680025496803C3136804F174
:10E6C0003400C4F826305368A561C4F82A3005F038
:10E6D00053F8FF2384F825506377A3774FF07E53D8
:10E6E0002363012384F8243038BD000070EE417AA2
:10E6F0002DE9F043F5EE407A05462DED0A8BF1EE5B
:10E7000010FA87B0F0EE409A0268B0EE60AA9DF869
:10E710006060B0EE419A199FF0EE618AB0EE42CA95
:10E72000F0EE62CA12D170EEE17AF5EE407AF1EEC7
:10E7300010FA0BD101F18041926A013953F821108E
:10E7400007B0BDEC0A8BBDE8F0431047FF23284615
:10E7500005F13408DFF8C492AB77936B9847B5F9AD
:10E760000830B0EE690A0446C380F0EE4A0A40461B
:10E7700005F0B1F8B0EE40BA8DED000AB0EE490AEE
:10E78000F0EE60BACDED010A4046F0EE680A05F001
:10E79000A2F8B4EE40BAB0EE408A8DED020AF0EE77
:10E7A00060AACDED030AF1EE10FAF4EE60BA0CBFE8
:10E7B00001230023F1EE10FAB4EE40BA63740CBFEB
:10E7C00001230023F1EE10FAA37431D0F4EE60BA05
:10E7D000F1EE10FA2CD039EE699A404678EECA8AEA
:10E7E000F0EE4A0A89EE0C7AC8EEAC7AB0EE690A0D
:10E7F000ECEE870AA7EECC0A05F06DF899F8003028
:10E80000CDED050A70EEEB0A012B08BFF1EE607A40
:10E810008DED040A30EE4B0A04BFF0EE400AB0EE74
:10E82000670AB5EE400AF1EE10FA35D10123A37460
:10E8300099F80020637C012A40F0A380002B73D05C
:10E840003AEEEB7ADFED736AF4EEEABAC6EE877A57
:10E85000F1EE10FAC4ED087AFDEEEA7A17EE903A7E
:10E86000FDEEEB7A1AB217EE903A48BF62811BB206
:10E8700056BF228123816381B4F90820B4F90A309C
:10E880009B1A07EE903A0023F8EEE77A63740123AF
:10E89000C4ED077AA3743FE080EE807AB5EE407A4B
:10E8A00084ED057AF1EE10FA02D101236374BFE71B
:10E8B000012B38EE4B8A7AEEEBAA0BBFB4F9062097
:10E8C000F0EE6B7A07EE902AEBEE477A02BFF8EE95
:10E8D000E77A77EECB7AEBEEC77A012BC4ED067AB6
:10E8E00002BFF1EE487AB0EE6A8AF0EE67AACAEE8D
:10E8F000877A9FED497A38EE678AC7EE087A84ED09
:10E90000078AB5EEC08AF1EE10FAC4ED087A03D595
:10E91000B1EE488A84ED078AE7602674AC6107B0DF
:10E92000BDEC0A8BBDE8F083A37C002BF4D0B4F9D6
:10E930000630DFED386A00EE103AB8EEC00A30EE6D
:10E94000488A30EE4B0A38EE407AB4EEC08AC6EE02
:10E95000877AF1EE10FAC4ED087AFDEEC87A17EE68
:10E96000903AFDEEC07A1AB217EE903AC8BF6281B3
:10E970001BB2D6BF228123816381012363740023EC
:10E9800088E7E3B13AEEEB7ADFED226AF4EEEABA19
:10E99000C6EE877AF1EE10FAC4ED087AFDEEEA7A57
:10E9A00017EE903AFDEEEB7A1AB217EE903A48BFA6
:10E9B00062811BB256BF228123816381ACE7A37CB5
:10E9C000002BA9D038EE4B7ADFED126AB4EEC8BA4C
:10E9D000C6EE877AF1EE10FAC4ED087AFDEEC87A39
:10E9E00017EE903AFDEECB7A1AB217EE903A48BF86
:10E9F00062811BB256BF228123816381B4F9082052
:10EA0000B4F90A309B1A07EE903AF8EEE77AC4EDB3
:10EA1000077A81E7FEFF7F44000080446C510224A6
:10EA200010B52DED028BF0EE628A00210446B0EEA7
:10EA3000428A10F0B1FEF0EE687A236820469B68A7
:10EA4000FEEEED7A17EE902AF0EE487ABDEC028BDE
:10EA5000FEEEED7ABDE8104017EE901A184710B59B
:10EA60002DED028BF0EE638A00210446B0EE438A5E
:10EA700010F054FFF0EE687A236820469B68FEEEA3
:10EA8000ED7A17EE902AF0EE487ABDEC028BFEEE9E
:10EA9000ED7ABDE8104017EE901A184713B50446FA
:10EAA000406F04F018FFF0EE607A2046FEEEED7A3B
:10EAB00017EE902AF0EE407AFEEEED7A17EE901AFD
:10EAC00002B0BDE8104010F0C1BD13B50446406F60
:10EAD00004F001FFF0EE607A2046FEEEED7A17EECC
:10EAE000902AF0EE407AFEEEED7A17EE901A02B020
:10EAF000BDE8104010F0F7BDF0B50024079F4FF0BF
:10EB0000010E2646DDE9050C634463452DD013F85C
:10EB1000015D062DF9D80EFA05F515F0660F0DD139
:10EB200015F0100F17D12D07EFD501381EB907EBDF
:10EB300080052D680D606CB90126E6E726B907EB64
:10EB4000800353F8083C0B6024B907EB800050F8B1
:10EB5000043C1360F0BD01381CB907EB8004246845
:10EB60001460002EF6D10124CFE70EB900230B600C
:10EB7000002CEFD10023ECE738B52DED0A8BF0EE39
:10EB800040BA0446B0EE60CA0D46F0EE41AAB0EEBF
:10EB900061BAB0EE429AF0EE629AB6EE00AA7BEE4F
:10EBA000298A3AEE898A68EE8A8A28EE0A8A3CEE39
:10EBB000680A7BEEC87A20EE000AA7EEA70A11F0D9
:10EBC00085F8B5EE400AF1EE10FA2ED179EE6A7AA8
:10EBD00039EECB7AB0EE6A8AF0EE4B8AA7EE8A8ADB
:10EBE000E7EE0A8AA7EE0A8AE7EECA8A022D2FDC30
:10EBF0000135F0EE4B1AB0EE6A1A20462946F0EEC7
:10EC0000682AB0EE482AF0EE4C0AB0EE6B0AFFF725
:10EC1000B3FFF0EE680AB0EE480A2046FFF755FF52
:10EC2000B0EE68BAF0EE48AAB9E738EE6B8AD4EDD8
:10EC30001F7A78EECC8A28EE277A68EEA77A87EEDC
:10EC4000008AC7EE808A3BEE888A7CEE288ACDE770
:10EC5000F0EE680A2046B0EE480AFFF736FFBDEC3A
:10EC60000A8B38BD10B52DED0A8B90F88430044620
:10EC7000B0EE40CA022BB0EE609AF0EE419AF0EE90
:10EC8000618AB0EE42BAF0EE62BAB0EE43AAF0EE9C
:10EC900063AAB0EE448AF0EE64CA2CD1F0EE620AA8
:10ECA000B0EE420AFFF711FF79EECB9A7AEEECCA8A
:10ECB00078EEEB8A3AEE488A69EEAC9A28EE888ABA
:10ECC000F4EEC89AF1EE10FA0FDB0121F0EE6A2A99
:10ECD000B0EE4A2A2046F0EE6B1AB0EE4B1AF0EE78
:10ECE000490AB0EE4C0AFFF747FFF0EE6A0A2046E9
:10ECF000B0EE4A0A35E0012B38D131EEE24A33EE6C
:10ED0000486A71EE427A73EEE46A26EE447AA7EE20
:10ED1000A67AB5EE407AF1EE10FA27D028EE638A93
:10ED200061EEC28AA4EE838AE1EE228A68EE677AF7
:10ED300028EE448AE6EE287AA6EEA88A87EE870AAD
:10ED4000D0ED207AC8EE070A3CEE40CA39EE609A50
:10ED500029EE099AACEE0C9AF4EEC97AF1EE10FAAB
:10ED600004DBFFF7B2FEBDEC0A8B10BDF0EE6B0AC0
:10ED70002046B0EE4B0AFFF7A8FEB6E710B52DED22
:10ED80000C8B90F885300446B0EE409AF0EE609A15
:10ED9000F0EE41AAB0EE61BA33B9FFF796FEF0EE9D
:10EDA0004B0AB0EE6A0A15E0F6EE007A022B71EE1D
:10EDB000408A31EEE08A68EEA78A28EE278A0FD1D2
:10EDC00070EEE80A30EE080AFFF77FFE7BEE680A75
:10EDD0003AEE880A2046FFF778FEBDEC0C8B10BD9A
:10EDE000FFF773FEF0EE690AB0EE490ADFED4B7AE9
:10EDF000B1EE68AADFED4ABAE8EE270A2046A8EE8F
:10EE0000A70A9FED48CADFED48CA9FED48DAEAEE4F
:10EE10002B0AA8EE2B0AFFF758FEF0EE690AB0EEB7
:10EE2000490ADFED437A2046E8EE270AA8EEA70A52
:10EE3000EAEE0C0AA8EE0C0AFFF747FEF0EE690AAC
:10EE4000B0EE490ADFED3B7A2046E8EE270AA8EE4D
:10EE5000A70AEAEE2C0AA8EE2C0AFFF736FEF0EE1F
:10EE6000690AB0EE490ADFED347A2046E8EE270A57
:10EE7000A8EEA70AEAEE0D0AA8EE0D0AFFF725FE96
:10EE800079EE880A39EE280A204670EEE80A30EE5C
:10EE9000080AFFF71AFEF0EE690AB0EE490ADFED44
:10EEA000277A2046E8EE270AA8EEA70AEAEE0D0A1E
:10EEB000A8EE0D0AFFF709FEF0EE690AB0EE490A66
:10EEC000DFED1F7A2046E8EE270AA8EEA70AEAEE51
:10EED0002C0AA8EE2C0AFFF7F8FDF0EE690AB0EE56
:10EEE000490ADFED187A2046E8EE270AA8EEA70ABD
:10EEF000EAEE0C0AA8EE0C0AFFF7E7FDF0EE690A4D
:10EF0000B0EE490ADFED107A2046E8EE270AA8EEB7
:10EF1000A70AEAEE2B0AA8EE2B0A3EE70AD7233D02
:10EF2000295C8F3E9A99193FCDCC4C3F8FC2753FDB
:10EF3000CDCC4C3ECDCCCC3EEC51383F0AD7A33F94
:10EF4000CDCCCC3F6666E63F48E1FA3F70B52DED8B
:10EF5000068B90ED238AF0EE40AA90ED229A0446AB
:10EF600030EEC88A30EE499AB0EE60AA28EE080A60
:10EF7000A9EE090A10F0AAFEB5EEC00AF1EE10FAE9
:10EF800036DDD4ED1F7A0026D4ED230AC0EE276AC1
:10EF900094F8785094ED220A84F87960C8EE268AB5
:10EFA00089EE268A70EE289A78EEAA8A30EEC89A00
:10EFB0003AEE488AFDB1C4ED249AF0EE490A84ED98
:10EFC000259AB0EE690AC4ED268A204684ED278A88
:10EFD000FFF764FD84F87860C4ED289A84ED299ADF
:10EFE000C4ED2A8A84ED2B8AC4ED22AA84ED23AADB
:10EFF000BDEC068B70BD94F87A3094ED2A2AD4EDDE
:10F000002B2A6BB1F0EE491A2046B0EE691AF0EEE9
:10F01000620AB0EE420AFFF7B1FE84F87A50DBE7ED
:10F02000F0EE484AD4ED291AB0EE684A94ED281A59
:10F03000F0EE493A2046B0EE693AFFF713FECBE70F
:10F0400007EE902A07EE101AF8EEE70ADFED047AD1
:10F05000B8EEC70A60EEA70A20EE270AFFF776BFD0
:10F060000000003D38B52DED028B90F87950044634
:10F070001DB3D0ED1F7A90ED238A90ED220A78EE31
:10F08000678A38EE278AF0EE680AFFF707FD94EDED
:10F09000221AF0EE481A2046B0EE410AF0EE680A55
:10F0A000FFF76CFE94ED221AF0EE681A2046F0EE9F
:10F0B000480AB0EE410AFFF761FE2846BDEC028B1C
:10F0C00038BD10B52DED028B0446B0EE408AF0EE4F
:10F0D000608AFFF7C7FFD0B92046D4ED274A94EDE8
:10F0E000264AF0EE680AD4ED253AB0EE480A94EDCF
:10F0F000243AD4ED2B2A94ED2A2AD4ED291A94ED42
:10F10000281AFFF7AFFD0120BDEC028B10BD0020D7
:10F11000FAE7D0ED251A90ED241AD0ED2B0A90EDE8
:10F120002A0AFFF72BBE00002DE9F04F89B01C46DC
:10F13000824615469DF850300DF12008159E049327
:10F1400000230591069348F8043D049BDDE91297DE
:10F1500086F87A30059B9D426DD9013D19F805303E
:10F16000062BF7D801A252F823F000BF8BF100085C
:10F1700055F1000889F10008ADF10008ADF1000873
:10F18000B1F10008F1F10008023C504600942B4612
:10F19000424606A9CDE90197FFF7AEFCDDED070A6F
:10F1A0009DED060A3046FFF7D1FED3E7013CECE7C0
:10F1B000A4F1040B023C50462B4607EB8404CDF827
:10F1C00000B0424606A9CDE90197FFF795FCDDEDB9
:10F1D000072A9DED062A304654ED011A14ED021A55
:10F1E000D4ED010A94ED000AFFF71AFC5C46B1E782
:10F1F000A4F1060B023C50462B4607EB8404CDF8E5
:10F2000000B0424606A9CDE90197FFF775FCDDED98
:10F21000073A9DED063A304654ED032A14ED042AD0
:10F2200054ED011A14ED021AD4ED010A94ED000A0E
:10F23000FFF715FCDAE7049B13B13046FFF769FFCF
:10F2400009B0BDE8F08F00BFF0EE607A03689B68FC
:10F25000FEEEED7A17EE902AF0EE407AFEEEED7AB1
:10F2600017EE901A18470000044B10B5044640F8FA
:10F27000143B00F079FE204610BD00BFF4410208A7
:10F280002DE9F04F2DED048BD0ED0C7AB5B005468D
:10F290008B46F5EEC07A06921E460024F1EE10FA77
:10F2A00040F24F81FF23021D9FEDA79A4FF0000807
:10F2B000009308AF816908A8439BF0EE499A10F0CB
:10F2C00079F8D5ED0C7AA14BB6EE007AF5EEC07A5E
:10F2D0000122089305F13403D5ED086AB0EE498A9E
:10F2E000F1EE10FA25934FF000038DF899206A7F14
:10F2F000F0EE498A48BFF1EE677A8DF898308DF8C4
:10F300009A30C1468DF864304FF0010A67EE877A73
:10F31000AB7F2A945A4395F8240026EEA77ACDEDC8
:10F32000277A531C2B942C9427EE267A03EB122376
:10F330002D942E94C3F3072367EE277A2F943094ED
:10F34000319432943394444695F82510CDED287AC3
:10F350008DF8A4008DF8A5108DF8A630069B4B45BE
:10F3600000F0CC8009F1010305931BF80930062B4E
:10F3700039D8DFE803F0043B606F7C81A000C14511
:10F380002BD9F0EE490A3846B0EE690AFFF7DEFDE8
:10F390003846FFF767FE8146F8B9F0EE490A38466D
:10F3A000B0EE690AFFF78DFE28462346059A4146CE
:10F3B000CDED2A9A8DED2B9A8DF898A08DF899A015
:10F3C000CDE90297CDE900B6FFF7AEFEF0EE490AAF
:10F3D000B0EE690A3846FFF774FEB0EE498ADDF8F0
:10F3E0001480F0EE698ADDF81490B7E7C1450DD9B5
:10F3F0003846FFF737FE48B923464A464146284675
:10F40000CDE902A7CDE900B6FFF78EFE06EB840337
:10F410008DF898A08DF899A00234D3ED008AC846E3
:10F4200093ED018ACDED2A8AF0EE689A8DED2B8A54
:10F43000B0EE489AD7E706EB840338460234D3EDA2
:10F44000008A93ED018AB0EE680AF0EE480AFFF7F1
:10F450007DFDC8E706EB8403D3ED008AF0EE480A91
:10F460003846B0EE680A0134FFF770FDBBE706EBE3
:10F47000840393ED008AF1E7A300F0EE480AB0EEB2
:10F48000680A384603F1080203F10C0933440434D6
:10F490003244B144D3ED011A92ED002AD9ED002A8D
:10F4A00093ED001A0792FFF7BBFA079A99ED008ACD
:10F4B000D2ED008A97E7A300F0EE480AB0EE680AA2
:10F4C000384603F1100203F1140933440634324480
:10F4D000B144D3ED032A92ED003AD9ED003A93ED11
:10F4E000022AD3ED011A93ED001A0792FFF7B7FA3B
:10F4F000079A99ED008AD2ED008A74E7069B08AF5F
:10F5000043450FD93846FFF7ADFD58B9012303979E
:10F51000CDF800B04146069A2846CDE9016323465E
:10F52000FFF702FE9DF8A61038460FF0D7FF0446FD
:10F530003846FFF799FE204635B0BDEC048BBDE898
:10F54000F08F0124F7E700BF00000000C43C020870
:10F5500010B50446FFF788FEB021204610F08BFB63
:10F56000204610BD2DE9F0479846FF2307468946FF
:10F570009246021D07F134050024CA442DED068B86
:10F58000AAB09FED818A0093F0EE488A81690DA8A8
:10F59000399B0FF00FFF3B7FDFED7B0A28465A1E99
:10F5A000B0EE600A534253418DF8783004F093F97D
:10F5B000B0EE409AF0EE609ACA4500F0CD8019F89E
:10F5C000013B062BF8D8DFE803F004082A3F535824
:10F5D0008A000DA80FF060FFEEE708EB84032846D1
:10F5E00093ED018AD3ED008AF0EE480AB0EE680A86
:10F5F00004F071F90DA8F0EE607AB0EE409AF0EEEA
:10F60000609AFEEEED7A17EE902AF0EE407AFEEE6A
:10F61000ED7A17EE901A10F019F80234CCE708EBE7
:10F6200084032846D3ED008A93ED018AB0EE680A80
:10F63000F0EE480A04F04FF90DA8B0EE409AF0EE53
:10F64000609AFFF701FEE8E708EB8403D3ED008A38
:10F65000F0EE480A2846B0EE680A013404F03BF99F
:10F660000DA8F0EE609AB0EE409AFFF7EDFDA3E72B
:10F6700008EB840393ED008AEAE7A31C28460434D0
:10F6800008EB830353ED010A13ED020AD3ED008A60
:10F6900093ED018A04F01FF98DED090AB0EE680AB6
:10F6A000CDED0A0AF0EE480A284604F014F9DDED23
:10F6B0000A1AF0EE602A9DED091AB0EE402A0DA854
:10F6C000B0EE40AAF0EE60AAB0EE490AF0EE690A88
:10F6D000FFF7A6F9F0EE6A9AB0EE4A9A6CE7261D9B
:10F6E0002846063408EB860656ED030A16ED040A92
:10F6F000D6ED008A96ED018A04F0EDF88DED070A4B
:10F70000284616ED020ACDED080A56ED010A04F06E
:10F71000E2F88DED090ACDED0A0AB0EE680AF0EEC6
:10F72000480A284604F0D7F8DDED0A2AB0EE403A40
:10F730009DED092AF0EE603ADDED081AB0EE40AA20
:10F740009DED071AF0EE60AA0DA8F0EE690AB0EE82
:10F75000490AFFF784F9BDE77B7F0DA8B97F5943BC
:10F760004B1C03EB1121C1F307210FF0B7FE074B30
:10F77000044612A80D9300F0F7FB20462AB0BDEC1A
:10F78000068BBDE8F08700BF00000000F4410208CE
:10F7900010B4047F1CB15DF8044BFFF7E3BE5DF8C5
:10F7A000044BFFF76DBD00002DE9F04F9146024676
:10F7B00085B0054652F8260F88469A4602AB516836
:10F7C00002AFDDF838B003C3BDF90C30002B08DD03
:10F7D000BDF90E40002C04DD2E4A127822B1012A18
:10F7E0002DD005B0BDE8F08FBDF80A301C44A4B29E
:10F7F00026B2BDF90A30B342F3DA53464A464146CF
:10F800002846CDE900B7FFF7C3FF40B9BDF90E3078
:10F81000012B04D001335B10ADF80E30EDE7BDF8DD
:10F820000E20BDF80A3013449BB21A44ADF80A30DA
:10F8300012B29642DDDAE31AADF80E30D9E7BDF820
:10F8400008401C44A4B226B2BDF90830B342C8DA5D
:10F8500053464A4641462846CDE900B7FFF798FF90
:10F8600040B9BDF90C30012B04D001335B10ADF869
:10F870000C30EDE7BDF80C20BDF8083013449BB206
:10F880001A44ADF8083012B29642DDDAE31AADF848
:10F890000C30D9E76C5102240B0CC16081740374E5
:10F8A0000B0A43747047A0F10800F5E708B5054B53
:10F8B00018680368D3F8AC309847431E5842584143
:10F8C00008BD00BF7451022470470838704702EB2E
:10F8D000420210B48C189DF80C30C268BDF90810B3
:10F8E00020465DF8044BF3F73FBBF3F719BB10B5A7
:10F8F0000446142110F0BFF9204610BDA0F1080005
:10F90000F5E7000002EB42022DE9F0471144427C8A
:10F91000BDF92040BDF924609DF82850002A00F070
:10F920008480B0F9082090ED087AA242C36820DBF9
:10F93000B5EEC07A40F6FC72F1EE10FAC8BF0022B4
:10F940009A5806EB4606037C5FFA82FCC2F307274F
:10F95000C2F307440E446BB3FF2D2BD1B14280F0AC
:10F96000048281F800C0033101F8027C01F8014CE7
:10F97000F4E7B0F90A70A74208DCB5EEC07A40F6A9
:10F98000FC72F1EE10FAD8BF0022D9E7A21AB5EE48
:10F99000C07A07EE902AF1EE10FAF8EEE77A67EEF9
:10F9A000877AFDEEE77A17EE902AD8BF02F2FF328F
:10F9B0009200C5E7120E55436A1C02EB25252D1255
:10F9C000E843ADB21CFB05FCC0B217FB05F714FB06
:10F9D00005F51FFA8CFCBFB2ADB28E4201F10303F4
:10F9E00040F2C38113F8032C02FB00C292B2511CF7
:10F9F00001EB1222121203F8032C13F8022C02FB63
:10FA0000007292B2511C01EB1222121203F8022C66
:10FA100013F8012C02FB005292B2511C01EB12228E
:10FA20001946121203F8012CD7E7827C002A47D02E
:10FA3000B0F9082007EE102AB8EEC77A07EE903A20
:10FA40001A46F8EEE76AF4EEC76AF1EE10FA00F231
:10FA50008E80F7EE007A40F6FC72C76877EE277A60
:10FA600077EEE67A06EE906AF8EEE66AF4EEE67A6B
:10FA7000F1EE10FA4ABFFDEEE77A344617EE904AEF
:10FA8000D0ED087AF5EEC07A04EB440E8E44F1EE28
:10FA900010FAC8BF0022BF58027C5FFA87F9C7F38B
:10FAA0000728C7F3074C1AB3FF2D21D171455DD24A
:10FAB00081F80090033101F8028C01F801CCF5E7E0
:10FAC00007EE904A90ED067AD0ED056AF8EEE77AF7
:10FAD00077EEC77A87EEA67AD0ED087AF5EEC07A8F
:10FAE000F1EE10FA44BFD0ED077A37EE677AA5E75A
:10FAF0003F0E6F437A1C02EB272212126FEA020AB2
:10FB000092B219FB02F95FFA8AFA18FB02F81CFBA1
:10FB100002FC1FFA89F91FFA88F81FFA8CFC8E453F
:10FB200001F1030222D912F8031C01FB0A9189B2E8
:10FB30004F1C07EB1121091202F8031C12F8021CDA
:10FB400001FB0A8189B24F1C07EB1121091202F84F
:10FB5000021C12F8011C01FB0AC189B24F1C07EB01
:10FB60001121091202F8011C1146D8E71A19334471
:10FB70001BB2934240F3F980D0ED077A06EE902A4B
:10FB800077EE277AF8EEE66AF4EEE67AF1EE10FA0E
:10FB900040F3B08006EE103A36EEC77ADFED745AC5
:10FBA000B8EEC66AF4EEC67A90ED086AF1EE10FA85
:10FBB000B5EEC06AD6BFFDEEE77A9C4617EE90CA56
:10FBC000F1EE10FADFED6B7AACEB020277FEA57A6C
:10FBD000E6EE077A02EB42028C18027CD2B1FF2DCE
:10FBE00018D1A14261D2BDEEE77AC668033117EEA3
:10FBF000107A06EB870216F8276001F8036C567836
:10FC000001F8026C927801F8012C90ED087A77EEF9
:10FC1000877AE6E7C2688C4201F1030E45D9BDEE52
:10FC2000E77A17EE109A02EB890898F8037007FB41
:10FC300005F6771C07EB16273F12B9B2FF43FEB259
:10FC400012F829701EF8039C19FB06F907FB0197AF
:10FC5000BFB207F1010909EB17271EF8029C19FB37
:10FC600006F93F120EF8037C98F8017007FB019724
:10FC7000BFB207F1010909EB17273F120EF8027C0A
:10FC80001EF8017C98F8028017FB06F608FB016657
:10FC9000B6B2711C01EB1626714636120EF8016CD5
:10FCA00090ED087A77EE877AB5E763455DDDD0EDB4
:10FCB000087AA3EB0C03C46840F6FC72F5EEC07A38
:10FCC00003EB4303007C0B44F1EE10FAD8BF002293
:10FCD000A258D4B2C2F3072CC2F3074760B1FF2D7C
:10FCE0000AD1994241D20C70033101F802CC01F8DB
:10FCF000017CF6E79446DAE7120E6A43551C05EBE1
:10FD000022252D12EE43ADB214FB05F4F6B21CFB16
:10FD100005F017FB05F5A4B280B2ADB28B4201F13C
:10FD2000030222D912F8031C01FB064189B24F1CC1
:10FD300007EB1121091202F8031C12F8021C01FB47
:10FD4000060189B24F1C07EB1121091202F8021CAF
:10FD500012F8011C01FB065189B24F1C07EB11215F
:10FD6000091202F8011C1146D8E7BDE8F08700BF70
:10FD7000FEFF7F44000000007047704710B5044646
:10FD800024210FF078FF204610BD00007FB50368E6
:10FD90000D46044601469B6E02A89847286869688C
:10FDA0006B4603C368461946FDF7F8FBA06A88B1A5
:10FDB0000368211DDB68984760B1BDF90430002B52
:10FDC00008DDBDF90650002D04DD2B4A12781AB16A
:10FDD000012A29D004B070BDBDF802301D44ADB277
:10FDE0002EB2BDF90230B342F4DA236869462046E8
:10FDF000DB6E984740B9BDF90630012B04D00133C2
:10FE00005B10ADF80630F0E7BDF80620BDF8023013
:10FE100013449BB21A44ADF8023012B29642E0DAB3
:10FE2000EB1AADF80630DCE7BDF800501D44ADB26A
:10FE30002EB2BDF90030B342CCDA236869462046C1
:10FE4000DB6E984740B9BDF90430012B04D0013373
:10FE50005B10ADF80430F0E7BDF80420BDF80030C9
:10FE600013449BB21A44ADF8003012B29642E0DA65
:10FE7000EB1AADF80430DCE76C5102241FB50368BF
:10FE80000446014668469B6E98470021B4F9082055
:10FE90006846B4F90A30029102A9ADF80C20ADF819
:10FEA0000E30FDF77BFB2368694620461B699847A7
:10FEB00004B010BD0121002280F825100A4982807B
:10FEC0000160FF21C280028142818281C28102825F
:10FED0004282C2610284428480F8242080F8261085
:10FEE0008262C0E9052270477C3D020800238380BE
:10FEF000C3800380438091F82630FF2B01BF0B891C
:10FF000083804B89C380704737B504466B460868C9
:10FF1000496803C3236869462046DB6A9847084B53
:10FF20001B6893F858200AB1D86C00B99868036828
:10FF30006946A26A1D6A94F82630A84703B030BD0E
:10FF400074510224704710B504462C210FF093FE23
:10FF5000204610BD90F826202AB190F8252012B135
:10FF600003685B6918477047704710B50446302135
:10FF70000FF081FE204610BD10B5044600F072FE61
:10FF8000E06000F075FEE368C008002247F6FF71EC
:10FF900023610138A2606060198059809A80DA80FC
:10FFA000636A23F0010343F00203636210BD0000A3
:10FFB0000A4B10B50360002304464362C0E90133D5
:10FFC000C0E90333C0E90533C0E907336FF00043EC
:10FFD000C0E90A33FFF7D0FF204610BD5C3E02089F
:10FFE0002DE9F04F93B056111C9C0593531104F06A
:10FFF0001F050393631104956511069302F01F0317
:020000040801F1
:10000000AE4240F0F480049C059AA3424FEA621E7F
:10001000026925D1B2F900309E4503D1B2F9023010
:100020009E4235D0D18893880B4310D0B2F902306C
:10003000002B0CDBC16A8B4209DAD0E901138B4239
:1000400003F1010338BF0832836038BF02610369DE
:10005000039AA3F800E05A8000229A80DA8017E021
:10006000059C4E1101F01F0CB2F8048004F01F042F
:100070007645B2F806A00294049CA4EB03040AD1CE
:10008000029BA0449C44A2F8048004FB0CA4D480EE
:1000900013B0BDE8F08F059D691A51BFCCF1200562
:1000A00004FB0CF4494200255DBF6C4320254FF052
:1000B00001094FF0FF390195019F4E4494FBF1F582
:1000C00001FB1544BC44002CBCBF05F1FF3564188E
:1000D000A84405FB0CACA2F80480A2F806C0D0F836
:1000E00010C0BCF80680BCF8042058EA020211D007
:1000F000BCF90280B8F1000F0CDBC26A904509DA46
:10010000D0E9012890453CBF0CF10802026108F1DA
:1001100001028260D0F810C00027BDF90C20B6455E
:10012000ACF800602B44ACF80220ACF80470ACF8DA
:1001300006704BD0049F641A4FF0000AFF1A3D442A
:100140006D0195FBF1F801FB1855002DBCBF08F1BE
:10015000FF386D1808F101070397D0F810C0641933
:100160004E4454BF039F4746BCF804B058BF641ABE
:100170003B44BB44ACF804B0BCF806B00BEB471BE7
:10018000ACF806B0D0F810C0BCF806B0BCF80470EB
:100190005BEA070711D0BCF902B0BBF1000F0CDB22
:1001A000C76ABB4509DAD0E9017BBB453CBF0CF10E
:1001B000080707610BF1010787600769B6453E80B4
:1001C0007A80A7F804A0A7F806A0C6D1049AD31A8B
:1001D00002699188D68819449180029901F1200C16
:1001E0000199ACEB010C03FB0C63D38050E7059D38
:1001F000A21AA5EB01050292089540F12881039A05
:10020000002AFFF645AF029A4FF0FF3452420B949A
:1002100000240292069A42EAE27206922A465A4361
:100220000194029C029D92FBF4F405FB1422002A27
:100230000792BCBF521904F1FF340569B8BF079299
:1002400004EB0109019A4FEA69169A4240F01181C4
:10025000B5F900309E4204D1B5F90230039A9A42B2
:100260001BD0EA88AB88134310D0B5F90220002ACE
:100270000CDBC36A9A4209DAD0E901329A4202F1F0
:10028000010238BF0835826038BF05610369039AEF
:100290001E805A8000229A80DA800B9B039A0169A3
:1002A0001A44B1F90030B34203D1B1F902309A4295
:1002B0001AD0CC888B88234310D0B1F90240002C8F
:1002C0000CDBC36A9C4209DAD0E901349C4204F198
:1002D000010438BF0831846038BF0161036900211F
:1002E0001E805A809980D980069B934200F08280BC
:1002F000089B02995B01029C93FBF1F104FB113313
:100300000391002B089304DA4B1E0393089B2344AC
:100310000893079B4F46029900265B1A0793019B9F
:10032000C3F120030E930E99019B5B1A0A93DDE93A
:1003300007315B1858BF0299079357BF5B1A03999F
:100340000793039B58BF591C002A89444FEA691A36
:100350002EDBC36A93422BDD019C0569A0460E9CEF
:10036000B5F904C0A045B5F906E040F04C81B5F9F7
:100370000010514503D1B5F90210914218D05CEA42
:100380000E010FD0B5F9021000290BDB8B4209DDFD
:10039000D0E90131994201F1010138BF083581608E
:1003A00038BF05610369A3F800A05A809E80DE80F3
:1003B0000B9B01691A44CC888B88234310D0B1F978
:1003C0000240002C0CDBC36A9C4209DAD0E90134FC
:1003D0009C4204F1010438BF0831846038BF0161D8
:1003E00003694F46A3F800A05A809E80DE80069BDA
:1003F00093429CD1019B0769C3F12006059B4FEAFC
:10040000631E049B9E4240F0C781B7F900309E45B1
:1004100004D1B7F902309A423FF43AAEF988BB886A
:100420000B4310D0B7F90230002B0CDBC16A8B42B2
:1004300009DAD0E901138B4203F1010338BF083711
:10044000836038BF07610369A3F800E003E6C26A6E
:10045000039CA242FFF61CAE069CA242089CBCBFB5
:1004600001320692C3F12002624301240B9420243E
:10047000D6E64FEA611809F01F0201F01F01B5F836
:1004800004E00C92B045019AB5F806A0A2EB030275
:1004900008D10C9B96441944A5F804E002FB01A185
:1004A000E980FAE6002CC0F2A7800127C1F1200CF8
:1004B0000A97202702FB0CF20997099F92FBF4FC94
:1004C00004FB1C223944002ABCBF0CF1FF3C12196A
:1004D0000CFB01A1E644E9800A99A5F804E008EBC9
:1004E00001050169B1F80680B1F804E058EA0E0789
:1004F00010D0B1F902E0BEF1000F0BDBC76ABE45B8
:1005000008DAD0E9017EBE453CBF083101610EF139
:100510000101816001694FF0000EBDF90C80AE420F
:100520000D806344A1F80280A1F804E0A1F806E080
:1005300053D00199121BC91A6144490191FBF4FE81
:1005400004FB1E110029BCBF0EF1FF3E09190EF17C
:1005500001070D97D0F810A052180A9F54BFDDF87C
:1005600034C0F446BAF804B058BF121B63443D448B
:10057000E344AAF804B0BAF806B00BEB4C1BAAF897
:1005800006B0D0F810C0BCF806B0BCF804A05BEA16
:100590000A0714D0BCF902A0BAF1000F0FDBC76A3A
:1005A000BA450CDAD0E9017ABA450AF1010A38BF36
:1005B0000CF1080CC0F808A038BFC0F810C0D0F883
:1005C00010C04FF00007AE42ACF80050ACF802800B
:1005D000ACF80470ACF80670BCD10469019A0C99AF
:1005E000D31AA28820311A44A280099A891AE28873
:1005F00003FB0123E38050E64FF0FF374A43644298
:100600000A97002758E74FEA671809F01F0307F019
:100610001F071FFA8CFCD0450F931FFA8EFE0AD1DC
:100620000A9B9C440F9B1F440A9BA5F804C003FB34
:1006300007E7EF80BCE60029C0F2A6800A9CC7F15C
:100640002003634301240D9420240C9493FBF1F4C4
:1006500001FB143B0C9BBBF1000F1F440D9BBCBF67
:1006600004F1FF348B4404FB07E7A444EF80A5F8B2
:1006700004C008EB0305D0F810C0BCF806E0BCF8D5
:1006800004705EEA070311D0BCF902E0BEF1000F6E
:100690000CDBC76ABE4509DAD0E9017EBE453CBF26
:1006A0000CF1080707610EF101078760076913B2B3
:1006B000554510937B800E9B3D80BE8004EB030C60
:1006C000FE8050D0019BA3EB0C07ABEB01033C4435
:1006D0000993640194FBF1F801FB1844002CBCBFA2
:1006E00008F1FF38641808F101071197099BD0F849
:1006F00010E01B19BEF804B054BF119F4746099380
:1007000058BF5B1ABB44BC4458BF0993AEF804B051
:10071000BEF806B00BEB471B0D9FAEF806B03D448C
:10072000D0F810E0BEF806B0BEF804705BEA07032C
:1007300011D0BEF902B0BBF1000F0CDBC76ABB459C
:1007400009DAD0E9017BBB453CBF0EF10807076120
:100750000BF10107876007695545109B3D807B8041
:10076000BE80FE80C2D1019B0F9FA3EB0C0C0369DE
:1007700020379988614499800C997F1AD9880CFB9D
:10078000071CA3F806C013E64FF0FF340A9B49424A
:100790000D9400247B4358E705994FEA691B09F043
:1007A0001F0CB7F8048001F01F01F345B7F806A04D
:1007B00002910499A1EB060408D1029BA0449C4439
:1007C000A7F8048004FB0CA4FC8061E40599B1EB5C
:1007D000090151BFCCF1200504FB0CF4494200256E
:1007E0005DBF6C4320254FF001094FF0FF390195A3
:1007F000019B94FBF1F501FB15449C440BEB0903B1
:10080000002CBCBF05F1FF356418A84405FB0CACF7
:10081000A7F80480A7F806C0D0F810C0BCF806807E
:10082000BCF8047058EA070711D0BCF90280B8F18F
:10083000000F0CDBC76AB84509DAD0E90178B84582
:100840003CBF0CF10807076108F1010787600769E1
:100850004FF0000C12B29E453B802E447A80A7F8E0
:1008600004C0A7F806C04BD0049F641A4FF0000ADA
:10087000BF1B3D446D0195FBF1F801FB1855654523
:10088000BCBF08F1FF386D1808F101070397D0F8D5
:1008900010C064194B4454BF039F4746BCF804B0D2
:1008A00058BF641A3E44BB44ACF804B0BCF806B070
:1008B0000BEB471BACF806B0D0F810C0BCF806B084
:1008C000BCF804705BEA070711D0BCF902B0BBF1B9
:1008D000000F0CDBC76ABB4509DAD0E9017BBB45D9
:1008E0003CBF0CF1080707610BF10107876007693E
:1008F0009E453B807A80A7F804A0A7F806A0C6D141
:10090000049B9E1B03699A8832449A80029A02F1E2
:10091000200C019AACEB020CDA8806FB0C26DE8078
:10092000FFF7B6BB436A9B07F7B50E46154611D5D0
:10093000D0E9051286EA010785EA02033B4309D0A4
:1009400033460095FFF74CFB436A43F00103C0E9CF
:100950000565436203B0F0BDF8B5436A1546044629
:100960000E469A0701D4FFF707FB636ADB0704D53D
:100970002046D4E90712FFF7D5FF236970116911EA
:10098000B3F90020904203D1B3F9022091421AD06A
:10099000DF889A883A4310D0B3F90220002A0CDB92
:1009A000E76ABA4209DAD4E90172BA4202F10102F5
:1009B00038BF0833A26038BF236123690022188042
:1009C00059809A80DA8066612562C4E90656F8BDCE
:1009D0002DE9F047D0B000EBC1016C4627460D1A57
:1009E00000F10803482D40F3D5802D11B0F906C061
:1009F000B0F9009000EBC502B0F90280B0F904E054
:100A0000166806605668466020F83590A2F80280A5
:100A1000A2F804E0A2F806C0A1F1080231F9065CD0
:100A2000B0F90AC0654506DB19D1B0F9086031F9A3
:100A3000085CAE4213DD0E46B0F90890B0F90C80A8
:100A400056F8085DB0F90EE01D6075685D6021F82C
:100A5000089C21F806CC21F8048C21F802ECB0F9AE
:100A60000260B0F90A50AE4206DB16D1B0F900C000
:100A7000B0F90850AC4510DA1D68B0F90080B0F943
:100A800004E0B0F906C005605D68A0F80880456024
:100A90004681A0F80CE0A0F80EC031F9065CB0F970
:100AA00002C0654506DB19D131F9086CB0F9005078
:100AB000AE4213DA0E46B0F90090B0F9048056F851
:100AC000085DB0F906E005607568456021F8089C8E
:100AD00021F806CC21F8048C21F802EC0833B0F997
:100AE00002C0B3F902E0E645F8DB05D1B3F90060D6
:100AF000B0F90050AE42F1DB1546083AB2F9026097
:100B0000B445F9DB05D1B0F90080B2F90060B04519
:100B1000F2DB9342A5F1080616D8D6F800C0B3F967
:100B200000A0B3F90490B3F90680C3F800C0D6F86A
:100B300004C0C3F804C025F808AC25F806EC25F875
:100B4000049C25F8028CC9E7D6F800E0B0F900A0B3
:100B5000B0F90490B0F90680C0F800E0D6F804E0DF
:100B6000161AC0F804E025F808AC25F806CC25F8DC
:100B7000049C25F8028CCD1AED10B5EBE60FB5BF3D
:100B8000C4E90002C4E900310A46034608341846A5
:100B9000114624E7994227D9A3F11002B2F912C0F5
:100BA000B2F90A50AC4506DB1CD1B2F91060B2F9BB
:100BB0000850AE4216DA1546B2F91090B2F9148018
:100BC000083A55F8086FB2F91EE09661A8426E68BF
:100BD000A2F81090D661A2F812C0A2F81480A2F870
:100BE00016E0DBD10833D5E7BC4203D954E9020152
:100BF000083CF4E650B0BDE8F08710B5436A0446FF
:100C0000DA0707D5D0E90712FFF78CFE436A23F015
:100C100001034362636A9B0721D52369D9889A88B7
:100C20000A4310D0B3F90220002A0CDBE16A8A42A1
:100C300009DAD4E90112914202F1010288BF0833B6
:100C4000A26088BF2361A16829B16368994202D874
:100C5000E068FFF7BDFE636A23F002036362E068A9
:100C600010BD0000014B1868704700BF7C51022482
:100C7000014B1868704700BF8051022410B503680B
:100C80000C46DB6A9847031B5842584110BD0000D0
:100C9000014B1960704700BF845102242DE9F04FC9
:100CA000964697B0054614460E461F460DF11C0C9D
:100CB000BDF888809DF88C90BDF890A0BEE80F002C
:100CC000ACE80F00DEF8003004F1140ECCF8003070
:100CD0000DF1300CBEE80F00ACE80F00DEF800307C
:100CE00004F1280ECCF800300DF1440CBEE80F00E2
:100CF000ACE80F00DEF800303146219A2846CCF8E7
:100D000000302B680192209ACDF80880009207AA43
:100D1000CDE9039AD3F83CB03B46D847A6460DF13F
:100D20001C0CBEE80F00ACE80F00DEF8003004F148
:100D3000280E3C34CCF800300DF1300CBEE80F002A
:100D4000ACE80F00DEF80030CCF800300DF1440CB8
:100D50000FCCACE80F00236831462846CCF80030B1
:100D60002B68CDE9039A219ACDF808800192209A48
:100D7000009207AADC6B3B46A04717B0BDE8F08F96
:100D80002DE9F04F8DB08846D3F800C01699BDF814
:100D900070400F6892ED094AA7EB0C07D2ED0B4AA1
:100DA000D3ED076ABC421899DDF864A0A8BF3C46A1
:100DB000B1F90090BAF9001007EE904A09EB0C0E59
:100DC000D3ED0A1AB8EEE75AD2ED0D7A93ED0D2A5B
:100DD000714525EE044A65EE244A25EE275AF7EEC2
:100DE000007A71EEA40A32EE051A87EEA67A36EE84
:100DF000840A61EE871A22EE072A40F38C80A1EB69
:100E00000E0696FBF4F507EE105A002D04FB15664E
:100E1000B8EEC77AA7EE040AE7EE240AA7EE051A91
:100E200012DD70EE446A70EEE41A31EE452AF5EEFA
:100E3000406AF1EE10FA14BF87EEA67AB0EE677A38
:100E400061EE871A22EE072A05FB04F2BF1A9444CA
:100E5000BAF80420114409EB0C0209B23A448A4260
:100E6000C4BFA1EB0902A2EB0C07002F50DD97FBDA
:100E7000F4F104FB11720AB901392246C7EE803A37
:100E800040689DF86CB0B644D0F800A00029CCBFF3
:100E9000A14691460B90179804FB05E5F0EE426AD7
:100EA000CDF824B00890B0EE617A18985B69FEEE38
:100EB000C86AB0F902B0BEEEC87A0B985B440793DB
:100EC00016EE903ACDE9058560EEA32A21EE233A8D
:100ED00072EEE17AFEEEC87A17EE907A73EE427AFD
:100EE00097FBF4F7FEEEC87A17EE90CA9CFBF4FC71
:100EF0000CFB0633029317EE103ACDE9037C07FB97
:100F00000637A9EB0603CDE90047DAF80840A04709
:100F10000DB0BDE8F08F00252E4699E72DE9F04F82
:100F2000DBB01D461446BDF898310F9129460A934F
:100F30009DF89C3109900B93BDF8A031DDF894B178
:100F4000109303685F6CDDE90A23B847099B58607A
:100F5000002800F0A1832B68F2EE047A94ED027A67
:100F600014936B68B4EEE77A1593C14B1978D5E901
:100F70000223002916BF194611461346F1EE10FA56
:100F80001691CDE9173240F2878394ED077AB4EEDB
:100F9000E77AF1EE10FA40F27F8394ED0C7AB4EE2A
:100FA000E77AF1EE10FA40F277832268B14B9A4269
:100FB000C0F27283B04963698A4200F36D8303F51E
:100FC0001C33AE48FF33834200F26683A36AAC4D04
:100FD00003F51C33FF33AB4200F25E83626802F517
:100FE0001C33FF33834200F25783A16901F51C33A0
:100FF000FF33834200F25083E36A03F51C30FF3075
:10100000A84200F249838A4280F210819A4200F39A
:101010001981994280F21D8102250127A946B8460F
:101020004FF0000A214649A803F030FD22465346FE
:1010300049A9CDF8009019A803F058FE224653465E
:1010400049A9CDF8008029A803F050FE4346224666
:1010500049A9CDF8009039A803F048FEAF4212AF7D
:10106000B7BF0023012329AD19ACB1BF0E9319AD51
:101070000E9329AC0F9B93E8030087E8030028B97F
:10108000804B18680368DB6A98473860649BBBF83C
:101090000600B3F902302F9A0C930C9963690B4444
:1010A000BBF90210084400B283420D9080F2DD804B
:1010B0008B4208DA002A06DDCB1A9A42C0F2E4809D
:1010C000002B00F3E28067690DF150080C9B3B4454
:1010D0001F460D9BDF1B9742A8BF1746002F40F30A
:1010E0006681649B2968B3F90020BBF90030114484
:1010F000206899421ADDBBF8041002440B441BB26D
:101100009A4213DC109A12A9099B09981B6806924F
:101110000B9A009505920A9ACDE903B2649ACDE93B
:10112000018249AAD3F848902346C84794ED0A7A29
:10113000D4ED0B7AD4ED0E6A37EE277AD4ED0D7A22
:10114000A16877EEA67A94ED086AD4ED076A84ED7B
:101150000A7A76EE866AC4ED0D7AD4E90023C4EDEE
:10116000076A1A446369013322606361A369013B22
:10117000A36123690B44E1688B42236115DB94ED85
:10118000096A01325B1A76EE266A22602361C4ED99
:10119000076AD4ED0C6A36EE877A84ED0A7A94ED0C
:1011A0000F7A77EE277AC4ED0D7A95ED0A7AD5EDB0
:1011B0000B7AD5ED0E6A37EE277AD5ED0D7AA96850
:1011C00077EEA67A95ED086AD5ED076A85ED0A7A7D
:1011D00076EE866AC5ED0D7AD5E90023C5ED076A7E
:1011E0001A446B6901332A606B61AB69013BAB61E7
:1011F0002B690B44E9688B422B6115DB95ED096A7D
:1012000001325B1A76EE266A2A602B61C5ED076A09
:10121000D5ED0C6A36EE877A85ED0A7A95ED0F7A70
:1012200077EE277AC5ED0D7A013F57E7994213DC37
:101230009A4214DA022503274FF00008A9464FF01E
:10124000010AEFE601250027A946B8464FF0020A39
:10125000E8E601250227E1E600250127F4E7022759
:1012600003254FF00009B846E9E7134628E700BF19
:101270006C510224018FFDFF00710200FFE10400A8
:10128000FEE104007451022413462B999E462E9FC2
:101290009C4611914FF00009DDED344A9DED337A03
:1012A0009DED374ADDED367ADDED313ADDED306A20
:1012B0009DED325ADDED355A9DED386ADDE9290A9A
:1012C000DDE92C81BCF1000F47D103EB070CD71AE5
:1012D000B9F1000F09D029908DED337ACDED367A32
:1012E000CDED306A2D91CDE92EC71B994FF0000846
:1012F000DDED244A1191DDED236A9DED274A9DED38
:10130000267ADDED213ADDED207A9DED225ADDEDE4
:10131000255A9DED286ADDE9190ADDE91EC7DDE9D8
:101320001C91BEF1000F31D0119E504476EEA46A9C
:10133000314437EE047A77EEA37A494508DB77EE3D
:10134000857A013076EEA56AA1EB090137EE067ABF
:101350000EF1FF3E4FF00108E3E7119E504437EED7
:10136000247A314477EE847A76EEA36A414508DB2D
:1013700076EE856A013037EE257AA1EB080177EE2B
:10138000867A0CF1FF3C4FF001099BE79C44FF1A61
:10139000B8F1000F09D01990CDED236A8DED267AB2
:1013A000CDED207A1D91CDE91EC7D21A8BE60E9B9A
:1013B0003F9A002B00F0D18019AD39AC649BBBF88B
:1013C0000600B3F902300C930C9963690B44BBF926
:1013D0000210084400B283420D9080F2C1808B421B
:1013E00008DA002A06DDCB1A9A42C0F2BB80002B35
:1013F00000F3B98067690DF150080C9B3B441F4610
:101400000D9BDF1B9742A8BF1746002F40F33C817E
:10141000649B2968B3F90020BBF9003011442068AF
:1014200099421ADDBBF8041002440B441BB29A42E5
:1014300013DC109A12A9099B09981B6806920B9A53
:10144000009505920A9ACDE903B2649ACDE901822A
:1014500049AAD3F848902346C84794ED0A7AD4EDB8
:101460000B7AD4ED0E6A37EE277AD4ED0D7AA168A7
:1014700077EEA67A94ED086AD4ED076A84ED0A7ACD
:1014800076EE866AC4ED0D7AD4E90023C4ED076ACE
:101490001A446369013322606361A369013BA3615C
:1014A00023690B44E1688B42236115DB94ED096AE3
:1014B00001325B1A76EE266A22602361C4ED076A68
:1014C000D4ED0C6A36EE877A84ED0A7A94ED0F7AC1
:1014D00077EE277AC4ED0D7A95ED0A7AD5ED0B7A81
:1014E000D5ED0E6A37EE277AD5ED0D7AA96877EE3D
:1014F000A67A95ED086AD5ED076A85ED0A7A76EE4B
:10150000866AC5ED0D7AD5E90023C5ED076A1A4450
:101510006B6901332A606B61AB69013BAB612B697D
:101520000B44E9688B422B6115DB95ED096A0132AA
:101530005B1A76EE266A2A602B61C5ED076AD5ED47
:101540000C6A36EE877A85ED0A7A95ED0F7A77EE9A
:10155000277AC5ED0D7A013F57E739AD19AC2DE774
:10156000134644E713463B9E9E46DDF8F8C01F46EF
:101570009DED437A4FF00009DDED444ADDED467AFA
:101580009DED474ADDED406ADDED413A3D99DDF8DC
:10159000F0809DED425ADDED455A9DED486A0E966C
:1015A000DDE9390A002F46D19C44D71AB9F1000F62
:1015B00009D039903D91CDED406A8DED437ACDED66
:1015C000467ACDE93EC71B994FF00008DDED244A6D
:1015D0000E91DDED236A9DED274A9DED267ADDED26
:1015E000213ADDED207A9DED225ADDED255A9DED63
:1015F000286ADDE9190ADDE91EC7DDE91C91BEF1A3
:10160000000F30D00E9E504476EEA46A314437EE7F
:10161000047A77EEA37A494508DB77EE857A0130C4
:1016200076EEA56AA1EB090137EE067A0EF1FF3ED0
:101630004FF00108E3E70E9E504437EE247A314420
:1016400077EE847A76EEA36A414508DB76EE856A0A
:10165000013037EE257AA1EB080177EE867A013F5B
:101660004FF001099EE79C44FF1AB8F1000F09D022
:101670001990CDED236A8DED267ACDED207A1D915E
:10168000CDE91EC7D21AB5E60F9B1B6823B9044BE0
:10169000186803681B6B98475BB0BDE8F08F00BF0C
:1016A00074510224032B18D8DFE803F002060D134F
:1016B000B0F900205018704703888088184400B2A1
:1016C000801A0138704703888088184400B2401A95
:1016D000F7E7B0F900001044704700207047032B73
:1016E00017D8DFE803F002060910B0F9021050180D
:1016F0007047B0F90220FAE74388C088184400B266
:10170000801A013870474388C088184400B2401AD4
:10171000F7E7002070470000014B00221A60704775
:10172000845102240346C8B1020C1204A2B9030476
:10173000102013F07F4F04BF1B02083013F0704FCE
:1017400004BF1B01043013F0404F04BF9B00023064
:10175000002B04DB013070470020EAE720207047AF
:101760002DE9F04F87B00D46164698460146DDE953
:10177000104720B11AB11F2D01D81F2B04D900200A
:10178000386007B0BDE8F08F7DB943B102462B4603
:1017900041463046CDE90047FFF7E2FFF1E74FF061
:1017A000FF336FF000403B60EBE732FA05FA06D1F9
:1017B0004643B6FBF4F004FB10663E60E1E701220D
:1017C00000FA05FBAA40BBFBF4F9013A0AFB09F356
:1017D00004FB19B9164003933046FFF7A3FF2B46CD
:1017E0000A4601463046CDE90047FFF7B9FF0646F5
:1017F000484605EB0801FFF795FF05AB4A46CDE9E2
:10180000004303465046FFF7ABFF3968059A039B38
:101810001144B1FBF4F2D31804FB12141E443C60D3
:101820003044AEE72DE9F04385B0B0F100091D4624
:1018300017460C9CBBBFC9F100094FF0FF360126CB
:101840002368BCBF5B422360002A04DA2368574246
:1018500076425B422360002D3846BABF6D424FF09E
:10186000FF384FF00108FFF75DFF03AB3A46CDE9C3
:10187000005303464846FFF773FF2368039A464523
:101880001A4492FBF5F3184405FB132318BF40429A
:10189000721C236005D1002BC3F100020BDB226018
:1018A00006E0012E04D1002B02DA2B44013823601C
:1018B00005B0BDE8F0830138521BF0E72DE9FF4188
:1018C0001C4C05460768A3692BB94068C5E9007040
:1018D00004B0BDE8F0814FF00208A26804AE2068B1
:1018E00093FBF8F10A44E16946F8042D3A46009664
:1018F000FFF798FFA36907466A68216A0096606847
:10190000FFF790FFA36962690744616A0096E06887
:1019100093FBF8F8424403922A68FFF783FF80465E
:101920000096A3696A68A16A2069FFF77BFF4044BB
:10193000CCE700BF88510224074B1B78012B09D14B
:10194000B1F90030B0F900200380044B1B88013B43
:101950009B1A0B80704700BF6C510224685102240F
:10196000074B10B51B78012B08D1064B0C881B8840
:10197000B0F90020013B1B1B03800A8010BD00BF93
:101980006C510224685102240A4B10B51B78012BBC
:101990000ED1B0F906104388B0F90040CA18064BC2
:1019A00044801B889B1A0380B0F904308180C38077
:1019B00010BD00BF6C51022468510224084B1B78F3
:1019C000012B0CD10388B0F90410428802805A1808
:1019D000044B1B889B1A4380C388C1808380704757
:1019E0006C51022468510224074B10B51B78012B5F
:1019F00008D1B1F90030B0F9004003809388013B71
:101A00001B1B0B8010BD00BF6C5102240A4B0A4601
:101A100010B51B78012B0DD1818803880B4401463A
:101A2000013B21F8023BFFF7DFFFB0F90430C28829
:101A3000C380828010BD00BF6C510224064B002180
:101A4000B3F90020054BC0F83011B3F90030A0F80D
:101A50003421A0F836317047685102246A510224BB
:101A6000034B186810B103689B691847704700BFA3
:101A7000B851022470470000094B07B5B3F90020A4
:101A80000021084B00916946B3F90030ADF80420FD
:101A9000ADF8063003689B6C984703B05DF804FB13
:101AA000685102246A510224094B82B00021B3F923
:101AB0000020084BADF8042002AAB3F900300091D1
:101AC000ADF80630036812E906001B6C02B0184737
:101AD000685102246A510224034B186810B103684C
:101AE000DB691847704700BFB8510224034B1868E0
:101AF00010B103681B6A1847704700BFB851022431
:101B00000023A0F8EC307047034B186810B103684D
:101B10009B6A1847704700BFB8510224704710B540
:101B200004464FF49E710EF0A6F8204610BD10B585
:101B3000B1F900408A88B0F90030224412B29342D1
:101B400015DA828813441BB29C4210DAB1F90230D4
:101B5000C988B0F90220194409B28A4207DAC0885C
:101B6000104400B28342ACBF0020012010BD002011
:101B7000FCE7B0F90030002B10B504DA8488234468
:101B8000838000230380B0F90040B0F90430091BC2
:101B90008B42B0F90230C8BF8180002B04DAC188C3
:101BA0000B44C38000234380B0F90210B0F9063023
:101BB000521A9342C8BFC28010BD0000104B10B52E
:101BC0000C46B3F900200F4B2046B3F90010FFF785
:101BD000D0FF0D4B186890B1036821469B68984769
:101BE0000A4B186818B1036821469B689847084B50
:101BF000214618680368BDE81040DB69184710BD2E
:101C00006A51022468510224B8510224B4510224BA
:101C100074510224F8B5064608460F46FBF701FD4D
:101C2000E8B9B7F90050B6F90040A54217DBB7F99B
:101C30000220B6F902309A4211DBB9880D44B1880E
:101C40000C442DB224B2A54209DCF8881044F28875
:101C5000134400B21BB29842CCBF00200120F8BD53
:101C6000F8B5044608460D46FBF7DBFC78B920467C
:101C7000FBF7D7FCB5F9006050B12680B5F902300A
:101C80006380B5F90430A380B5F90630E380F8BD70
:101C9000B4F90010B5F90220B142B4F90230B5F838
:101CA00004C00F46ED88A8BF3746934218466644E5
:101CB000B4F804C0A8BF10462A44E588614436B28F
:101CC00027802B4409B212B260801BB28E42ACBF97
:101CD000C7EB0601C7EB01019A42ACBFC0EB0202A1
:101CE000C0EB0302A180E280D1E70000014B18683D
:101CF000704700BFC8510224002310B5A0F8A430DB
:101D00000446B0F88030A0F8A630B4F8A430B4F897
:101D1000A6209A420ED9E21892F8842022B154F8F3
:101D2000230003681B6D9847B4F8A4300133A4F86E
:101D3000A430EAE710BD002300F18402A43020F8AB
:101D4000243C02F8013B8242FBD1704770B50B4C3A
:101D500005460E46206810B103685B699847281D48
:101D6000FFF7E9FF266033683046DB6898472B6849
:101D700028465B6CBDE87040184700BFB85102248C
:101D80000023B0F880C0B0F8A4101A46F0B51C4685
:101D90001D469C451ADDC61896F884606EB19A42BD
:101DA00008D050F823701FFA82FE40F82E70871872
:101DB00087F8846001320133EBE79942B0F8A660FE
:101DC000A8BF01359E42C8BF0134F4E7B0F8A63081
:101DD000491B1B1BA0F8A410A0F8A630B0F8803057
:101DE000934203DD013BA0F88030F7E7F0BD00002F
:101DF00070B5164D0446286840B1037A33B984F8AB
:101E0000383103689B68BDE87040184794F8383152
:101E10000F4E73B968B1037A5BB1306810B10368D3
:101E20001B69984728680368DB689847012384F892
:101E3000383104342046FFF75FFF2046FFF7A0FF4C
:101E4000306810B103685B6ADDE770BDBC510224E5
:101E5000B8510224034600F1400100221A800833E1
:101E600023F8062C23F8042C23F8022C8B42F5D1FE
:101E7000A0F8402070470000F8B51D4B0646044608
:101E8000002546F8043BA822002130460EF008FD4C
:101E9000A4F8845004F1AC00164FFFF7DBFF04F107
:101EA000EE00FFF7D7FFA4F83051A4F83251A4F8A0
:101EB0003451A4F8365184F838510F490F480DF0C9
:101EC00069F80F4B58B11D8000230E4A304613604D
:101ED0000D4A3B601360FFF72EFF2046F8BD4FF41C
:101EE000806202201A80386001F042FFECE700BFF8
:101EF0006C3E0208B8510224CDB5E8B5C2A507F47E
:101F00007C000024C8510224BC510224B0F84030A7
:101F1000013B9BB28B42A0F8403010B508D900EBD2
:101F2000C30300EBC1041A6840F831205A686260AC
:101F300010BD00002DE9F04F8FB0924B83460AACE4
:101F400084E80600B3F9002020468F4BB3F9001057
:101F5000FFF70FFE2046FBF764FB002870D18B4B88
:101F60001B6893F84830022B6AD00394BBF8EC400E
:101F70000BF1AC030BEBC4050193A4355CB129460E
:101F80000398FFF747FE013C18B1A1B20198FFF793
:101F9000BDFF083DF2E7BBF8ECA00AF1FF33CDF836
:101FA00010A002934FEACA0303F1A40406935C4411
:101FB00000252646CDF814A02F46059B002B73D094
:101FC00003993046FFF7B3FD50B3BDF928E0B6F9E9
:101FD00000C0BDF92A80E645B6F9029033DBBDF8B2
:101FE0002C20B3887244634412B21BB29A422ADC9A
:101FF0001FFA89F2F388C845BDF82E1013441FFA62
:1020000088FC9BB20FFA83FE0FDBA3EB0C03C91A0B
:1020100009B20029ADF82E1012DDADF82AE0054610
:10202000059B083E013B0593C7E7614409B2714532
:1020300038DCA2EB0C0212B2ADF82E20002AEEDC46
:102040000FB0BDE8F08FC8452CDBF3889944BDF88C
:102050002E3098440FFA89F90FFA88F8C14521DB30
:102060001FFA8CF2B388E645BDF82C1013441FFA12
:102070008EF89BB20FFA83F90ADBA3EB0803C91AA7
:1020800009B20029ADF82C10DADDADF82890C6E7CA
:10209000414409B2494505DCA2EB080212B2ADF891
:1020A0002C20CBE70746BBE7002D81D1002F00F0A5
:1020B000DF81BDF92860BDF92A70B3B2BDF82EA04A
:1020C0000593059ABDF82C301344BAB292449BB2E2
:1020D0001FFA8AFA0FFA83F80FFA8AF9CDE9072373
:1020E000049B002B54D003992046FFF720FDDDE927
:1020F0000723C0B1B4F900E0B4F90210764522DC40
:10210000B4F804C0F4440FFA8CFCE0451BDB8F42AA
:102110001FFA81FCE1880DDCAAEB0C0CA4F80290FC
:10212000A1EB0C01E18028460499083C05460139E1
:102130000491D3E7614409B24945F5DCA2EB0C0CEC
:10214000A4F806C0EFE78F42EEDCB4F806C06144A5
:1021500009B28945E8DB76451FFA8EFCA18807DCC9
:10216000A3EB0C0CA4F80080A1EB0C01A180DAE732
:10217000614409B28845D7DB0599A1EB0C0CA4F8A2
:1021800004C0D0E76A510224685102247451022429
:10219000002D00F06D81069B5B441C46029B0133C1
:1021A00000F0668104F1A40503982946FFF732FD8B
:1021B00020B1BDF808100198FFF7A8FE0399284642
:1021C000FFF7B5FC002800F09C80B4F9A490B4F9A6
:1021D000A8301FFA89F1BDF92800099301EB030C1F
:1021E00083B24845BDF92AE01FFA8CFABDF82CC02D
:1021F000B4F9A62003EB0C05ADB20595BDF914505A
:102200000495BBF8EC5040F399805B1A96450FFAA1
:102210008AF09BB21EB22EDD029F1FFA8EFE92B292
:10222000BDF82E400BEBC708049FAEEB0201A6449D
:102230003F1AB8F8B20089B202440FFA8EFE0DB20E
:1022400012B26F43AEEB02027243974209DBB8F859
:10225000AC20A8F8B2509C44ADF82820ADF82CC0B2
:1022600084E62144B8F8AE30A8F8B060ADF82E107E
:10227000ADF82A307AE6049FB84227DA02993F1A6D
:10228000BDF82E500BEBC10405EB0E011FFA81F8CF
:10229000B4F8B21011440FFA88F9A2EB0E02A1EBC8
:1022A0000801724389B20FFA81F808FB07F7BA42B6
:1022B00006DCA4F8AE90A4F8B280B4F8AC20CAE76B
:1022C0002944A4F8B060ADF82E104FE60598062D0D
:1022D000AAEB000080B20FFA80FE17D8049BB4F975
:1022E000AA10A4F8A4306B1CA4F8A8E0ABF8EC305A
:1022F000019B019803EBC50320F835905A809E801E
:10230000D980029B083C013B029347E7029AB645FD
:102310004FEAC2020DDB9C445A44ADF828901FFAE4
:102320008CFCA2F8B0E0ADF82CC08C44A2F8ACC094
:102330001CE65A448444A2F8B0608FE71FFA8EF17D
:10234000BDF82E6093B2964501EB060806931FFA7E
:1023500088F8069F0FFA88F30793B4F8AA303B4435
:102360009BB2089324DA0599A3EB0803A2EB0E02B3
:10237000A9EB0000AAEB01049BB2A4B219B225B2EA
:1023800048436A438242029A4FEAC2025A4406DC38
:10239000079BA444A2F8B210A2F8AE305EE70499FD
:1023A000A2F8B050A2F8AC103344ADF82E30DDE501
:1023B000069F049BC91B0FFA8AF789B29F420FFA46
:1023C00081FE23DD059AA9EB0000BDF92030AAEBC0
:1023D0000202079D0EFB00F092B2A5EB030A029BDE
:1023E00014B2DB0004FB0AFA5B44504503DBA3F89C
:1023F000B2E0944432E7049A3144A3F8B040A3F821
:10240000AC20B3F8AE30ADF82A305CE7089B062D5F
:10241000A3EB08039BB218B213D8079BA4F8AA0039
:10242000A4F8A6306B1C0199ABF8EC30019B21F8A5
:10243000359003EBC5035A80099AA3F806E09A8009
:102440005FE7029C70454FEAC4040DDB3144069BF4
:102450005C44ADF82A2089B2A4F8B200ADF82E1081
:102460001944A4F8AE1081E55C44A4F8B2E09BE7FF
:10247000BBF8EC404FF6FF76651E0BEBC404ADB223
:10248000B54244D0BDF92A20B4F9A600BDF9281000
:102490008242B4F9A4701FD1BDF92EC0B4F9AA309C
:1024A0009C4519D1B4F8A830BDF82C20D81900B239
:1024B000884209D1ADF828701344ADF82C30294674
:1024C0000198FFF723FD03E0114409B2B942F3D0AC
:1024D000013D083CADB2D3E7B942F9D1BDF92C10AA
:1024E000B4F9A8309942F3D1B4F8AA30BDF82E104F
:1024F0001F183FB2BA4205D1ADF82A000B44ADF81F
:102500002E30DCE70A4412B29042E1D1F6E7BBF884
:10251000EC60072E4FEAC60412D8751CBDF92800DE
:10252000BDF92A10ABF8EC50019DBDF92C202C44CC
:10253000BDF92E3025F836006180A280E3807FE56A
:102540000BF1AC03013E5C446FF0004A4FF0FF37E3
:1025500000250593B4F9A830721E02939146B4F990
:10256000AA30049304F1A403B9F1FF3F18680DF1F8
:10257000300C079216BF0599DDF80CE001EBC90E8F
:102580000693BEF80610BEF8048018FB01F85968DF
:10259000ACE8030071460CA8FFF762FBBDF83610EB
:1025A000BDF834004FF0080C049B029A10FB01F0B8
:1025B00002FB0388A0EB080190FBFCF0884220DCC2
:1025C0005145DDE9063203DAD9B18A464F46354630
:1025D00009F1FF3919F1020FC6D116460132A4F1F3
:1025E0000804B7D1019BACB2ED0058197B1C0BD18C
:1025F00001460398FFF734FB21460198FFF786FC5C
:10260000B4E44F463546EDE7019BFF005D44D91920
:102610005F44FFF725FB039B03CB039BC7F8AC008C
:10262000C7F8B01055F8AC0F696803C3E4E700BF02
:102630002DE9F04F00F59876A1B004463046FAF740
:10264000F0FF054648B9236820461B6C96E8060053
:102650009847C4F83051C4F83451B4F8EC30002B2A
:1026600049D1B24B1B6893F84870BB1E5F425F4173
:10267000AF4B1B68002B40D0AE4D2846FAF7D1FF78
:102680000646002839D12846FFF77EF923682968D5
:1026900020461B6C6A6898472E806E80AE80EE8064
:1026A0000FAFA54E3846FFF7D5FB3588B4F8ECC020
:1026B00004F1AC002B46634524D2BDF87C100729F9
:1026C00016D800EBC30230F93390B2F902A0B2F988
:1026D0000480B2F906E04A1CADF87C2007EBC10289
:1026E00027F83190A2F802A0A2F80480A2F806E030
:1026F00001339BB2DFE70127BAE7002FD0D121B029
:10270000BDE8F08FB4F82E31AB420CD904EBC50311
:10271000226801352046176CD3F8EE10ADB2D3F81D
:10272000F220B847EEE7814D286890F84830012B39
:1027300040F03D81814A33881278B4F8EC00012AD8
:1027400014D004EBC3024FF00009AE32834202F111
:10275000080280F2838032F8041C013332F8087CCE
:10276000394409B28945B8BF8946EFE7744F3A88C2
:102770009346834208DA04EBC3010133B1F9AC108C
:102780008B45A8BF8B46F4E70F2A4FF00003DFF814
:10279000B4918CBF4FEAD2084FF00108ADF82C205D
:1027A000ADF82E30ADF83030ADF83230BDF92C3008
:1027B00028685B4540F3C8800368B7F800A0D3F8E9
:1027C000A8309847BDF92CC0AAEB00002B68ACEBF1
:1027D000080E80B293F87C1093F86A20704505DDEE
:1027E000584503DD01B992B3584606E00029FBD1F4
:1027F000002AF9D15845B8BF5846B9F9003000222F
:10280000ADF82C00ACEB0000B6F800A0ADF82E201F
:10281000ADF83000ADF83230B4F8EC305345C5DDDA
:1028200004EBCA020DAB52F8AC0F516803C30DA8FC
:102830000BA9FAF7B3FE0DA8FAF7F3FE20B9236847
:102840000DA920469B6C98470AF1010AE4E71A6833
:1028500001211846D2F8A4209047A7E7394BDFF8AA
:10286000E0801F8800230F2F8CBFFF080127CDE9D0
:102870000B33BDF83230BDF82E20286813441BB24C
:102880004B4561DA0368D3F8A8309847BDF82EE0CD
:10289000BDF832302A68734492F87CC01BB292F8BB
:1028A0006A1003EB070E70450DDA48450BDABCF1F0
:1028B000000F38D1002936D1136801211046D3F812
:1028C000A4309847D5E7BCF1000F2CD159BB48453F
:1028D000A8BF4846B8F900200021C01AB6F800A0E9
:1028E000ADF82C10ADF82E30ADF83020ADF8320038
:1028F000B4F8EC305345BCDD04EBCA020DAB52F822
:10290000AC0F516803C30DA80BA9FAF747FE0DA839
:10291000FAF787FE20B923680DA920469B6C9847DB
:102920000AF1010AE4E74846D4E700BF74510224E3
:10293000B4510224C05102247C0000246C510224B2
:10294000685102246A510224286803685B6A984728
:10295000A44B1B78002B3FF4D2AE0023BDF87C6063
:102960000FA804F1EE05A4F82E319F4B1B88B3424B
:10297000BFF4C5AEB4F82E11072915D800EBC30279
:1029800030F93380B2F902E0B2F904C0B2F906704E
:102990004A1CA4F82E2105EBC10225F83180A2F8CB
:1029A00002E0A2F804C0D78001339BB2DFE7022B1C
:1029B00040F0CE80B0F8803090F87DB00893B0F849
:1029C0007E300BF1FF370793BFB203680FFA87F829
:1029D000D3F8A8309847854B824600201B88029385
:1029E000834B1E88834B1B78012B1EBF029B0296D4
:1029F0001E46EEF7CBFF96FBFBFB0BFB08F8C24530
:102A00000CDA28680A210368D3F89C3098472868B4
:102A10000368D3F8A83098478246F0E700204FF0CB
:102A20000008EEF7E3FF1FFA8BF3454617FB03F7A9
:102A30000493BBB2704F059373090693B54287D0D8
:102A400038680368D3F8A83098478245814607D98B
:102A5000B8F1000F07D038680368D3F8B83076E7CC
:102A6000B8F1000F03D04D45F5D34FF00108049A9B
:102A700095FBFBF30393013313FB02F399B2B8F117
:102A8000000F4DD009EB0B03B342A8BF33469BB2F6
:102A900007988B4294BFC5EB0302C5EB010282424B
:102AA000A8BF024608981FFA82FA824505D215FA95
:102AB00082F0864201D099423FD201200992EEF77E
:102AC00065FF3868BDF90C100368D3F89830984753
:102AD000484B099A00201B78BDF9081012B2012B4F
:102AE00022D1731BADF83600ADF83820A3EB0A03F2
:102AF000ADF83A10ADF8343023680DA9204655449E
:102B00009B6C98473868039BADB25942036809B281
:102B1000D3F8983098470120EEF768FFCA468DE752
:102B2000059BA9EB0303B2E7ADF83400ADF83650CE
:102B3000ADF83810ADF83A20DEE7386803689B6AD4
:102B40009847386806990368D3F89C309847E5E7BA
:102B5000032B40F03381274B04F1AC0AB0F982908B
:102B60001B78012B00F095803288B4F8EC1001320C
:102B700092B200293FF4ECAEB4F8B2509446B4F8E7
:102B8000AE304FF000081D442DB21FFA8CF34FEA0F
:102B9000C807994240F2BC80274404EBCC0EB7F939
:102BA000AE30BEF9AE00834240F39E80BEF8B25014
:102BB000E04605442DB29D42A8BF1D460CF1010C14
:102BC000E3E70AD16245B7F9B200BEF9B210B8BF67
:102BD00062468842B8BF984684E08A42B8BF0A4637
:102BE00080E000BF725102247C0000246A5102245C
:102BF000685102246C51022474510224E1190DAB76
:102C000051F8AC0F496803C3BDF938300DA8BDF8C1
:102C100034104B450B44B8BFBDF934209B1AADF8B6
:102C20003420ADF83830FEF7C9FE0DA8FAF7F9FCEC
:102C300078BBBDF93AC027442868CC45BDF8383088
:102C4000D0F800E0D8BF1FFA8CFCBDF83620C8BF12
:102C50001FFA89FCBDF83410CDF800C0DEF894B03E
:102C6000D8478346ADF83A000DA8FEF78DFE2368DD
:102C700020460DA99B6C9847B7F8B000A0EB0B005D
:102C800000B2A7F8B00020B91FFA88F15046FFF74C
:102C90003DF9B4F8ECB0BBF1000F3FF459AE338806
:102CA0004FF00008B4F9AC2001339BB299B24FEA5F
:102CB000C8078B45A2D9274404EBC30EB7F8B01060
:102CC000B7F8AC00BEF9ACC00844BEF8B01061441F
:102CD00000B209B28842BFF674AF84456246984696
:102CE000B8BF02460133E1E70ED1BEF9B000BEF82D
:102CF000B2E0B7F9B07073441BB29D42A8BF1D4645
:102D00008742B8BFE04659E78542A8BF054655E768
:102D10000AEB07002744B7F9B2B0CB45BCBFB7F800
:102D2000AE505D44CDE90221B8BF2DB2FAF779FC6F
:102D3000DDE9022100287FF41CAFB7F9AE201FFAAD
:102D40008BFBADF83A00AD1A2948B7F9AC104D45E8
:102D5000B7F9B0300068A8BF4D46ADF83410ADF8F3
:102D6000362089B2ADF83830ADB2D0F800C092B29A
:102D70005D4594BF0095CDF800B09BB2DCF894504F
:102D8000A8472368ADF83A000DA99B6C20469847E8
:102D9000BDF83A10B7F8B230B7F8AE205B1A0A4463
:102DA0001BB2A7F8AE20A7F8B230002B7FF4DCAE40
:102DB0001FFA88F15046FFF7A9F8D5E63588B4F830
:102DC000EC30AB427FF6C4AD04EBC5020DAB52F85C
:102DD000AC0F516803C30DA8FAF723FC20B9236890
:102DE0000DA920469B6C98470135ADB2E7E700BFBF
:102DF00074510224034B00221A805A809A80DA8090
:102E0000704700BFC05102242DE9F04F9DB0064627
:102E100014468A4603A81D4601F024F9336830465B
:102E200042F20B0BDB6C98473368074630461B6D4C
:102E300098472A460025214600903B462C46A94645
:102E4000A84603A801F061F9002302934FF6FF633F
:102E50009C4202D05C4518BF254602AB3246514623
:102E600003A801F075FC044608B10A280AD1C1453F
:102E700038BFC1464FF00008002CE5D148461DB0D0
:102E8000BDE8F08F029A002ADED0577B29463368CE
:102E90007F0094885B6C07F48070977A0743304614
:102EA0009847384480441FFA88F8E5E708B5036876
:102EB000DB68984728B1437B807A5B0003F480731A
:102EC000184308BD0EB4F0B59EB0054623AB05A867
:102ED00053F8044B039301F0C5F82B682846DB6CCC
:102EE00098472B68064628461B6D9847334621466F
:102EF0001EAE00240090039A05A801F006F946F8DA
:102F0000684D2A463346214605A801F021FC00B34E
:102F10000A281AD0049FC7B1787B3B7AC100EA889F
:102F200001F48071194343064FEA001048BFA1F530
:102F3000007300F4807048BF19B2FB790343134457
:102F40005B1A1BB29C42B8BF1C4633462A4600217E
:102F5000DAE7A0B21EB0BDE8F04003B07047437A94
:102F60008088184480B2704703681B6B18470EB402
:102F700070B59DB0044621AB03A853F8045B0293DF
:102F800001F070F823682046DB6C984723680646FA
:102F900020461B6D01249847334600902946029A2B
:102FA00003A801F0B2F803A801F052FCA3B238B1B3
:102FB0000A2803A804BF01331CB201F049FCF5E75D
:102FC00018461DB0BDE8704003B070470EB4F0B5B0
:102FD0009EB0044623AB05A853F8045B039301F0AD
:102FE00041F823682046DB6C984723680646204654
:102FF0001B6D9847334629460090039A05A801F0B7
:1030000084F81EAD002147F6FF76224605A845F854
:10301000681D2B4601F09CFBD8B10A2812D00498F9
:1030200080B1477BE288FB0003F48071037A0B4395
:10303000790644BFA3F500731BB2D31A1BB29E429C
:10304000A8BF1E462B462246002105A801F080FBA2
:10305000E2E730461EB0BDE8F04003B0704713B55C
:1030600003680024B0F90810B0F90A20ADF8041084
:1030700069461B690094ADF80620984702B010BD60
:1030800038B50B680C460546DB6898472368204630
:103090002946DB6A9847284638BD10B40A888488D8
:1030A00022440A804A88C48822444A80406920B168
:1030B00003685DF8044BDB6A18475DF8044B704702
:1030C00070B582880C460B88054613440B804B88EC
:1030D000C28813444B80011D2046FAF75FFAB4F909
:1030E0000430002B0BDDB4F90630002B07DD6869D6
:1030F00028B1036821469B6ABDE87040184770BD3F
:1031000070B582880C460B88054613440B804B88AB
:10311000C28813444B80011D2046FAF73FFAB4F9E8
:103120000430002B19DDB4F90630002B15DD686979
:1031300028B1036821461B69BDE870401847074B5A
:103140001B6804339D4208D1FEF7D0FD0368216857
:1031500062681B6CBDE87040184770BDB85102240E
:1031600070B5044616460D4601B992B12368204653
:103170009B699847E288A18820463244294412B2CC
:1031800009B2FAF7EFFC236820469B69BDE870405E
:10319000184770BD10B5002304460846B1F9081061
:1031A0002380B0F90A2063800368A1802146E28071
:1031B000DB6A9847204610BD704710B504461C21B5
:1031C0000CF059FD204610BD044A02600022C0E9FF
:1031D0000122C0E90322C0E905227047C03E02086F
:1031E0002DE9F04F044687B0458BB2F800C0059139
:1031F000681CE168039280B201EB85011CF00105B7
:10320000B3F9002002957DD007EE902A60834FF03D
:10321000000EF8EEE76A06EE10EAC1ED006AB3F9B7
:103220000220618B07EE102AE268481CB8EEC77ACC
:1032300002EB8102608382ED007A218B0125A26876
:103240000433481CF6EE005A0093AA4620832E460B
:103250005554002207EE902A134611460192B4F805
:103260001880059808F10107D4F808B0A842BFB249
:103270000BEB080940F3DB804CFA06F909F0010971
:103280005FFA89F30493009BB3F90010B3F902309D
:10329000B9F1000F7DD005EE101A2783F8EEC54A6C
:1032A00005EE103AB8EEC55ABAF1000F50D04FF003
:1032B00002000BF80800B4F81A80E76808F1010969
:1032C00007EB8807A4F81A90C7ED004AB4F81A80F3
:1032D000E76808F1010907EB8807A4F81A9087ED61
:1032E000005A0136102E06D1019E03980136019630
:1032F00030F816C0002600980135DDF810A0043023
:103300000090ACE706EE102AB3F90420B3F902E00E
:10331000F6EE007A16EE105A2A4406EE902AB3F919
:10332000062060837244F8EEE66A07EE102A66EE25
:10333000A76AB8EEC77AC1ED006A618B27EE277ADB
:10334000E268481C02EB8102608382ED007A74E738
:103350004FF00500B8EEE74A0BF80800B4F81A8001
:10336000E76808F1010907EB8807A4F81A9087EDD0
:10337000004A04EE102AB4F81A80E768B8EEC44A8E
:1033800008F1010907EB8807A4F81A9087ED004AB5
:1033900091E7BAF1000F46D14FF005002783B8EE50
:1033A000E75A0BF8080017EE900AB4F81A80E7689D
:1033B000084408F1010907EB880707EE900AA4F812
:1033C0001A9087ED005A05EE102AB4F81A80F8EE2C
:1033D000E77AE768B8EEC55A08F101091A4407EB25
:1033E000880767EEA57AA4F81A9087ED005AB4F81A
:1033F0001A80E76808F1010907EB8807A4F81A901A
:10340000C7ED007A07EE902AB4F81A80F8EEE77A52
:10341000E76808F1010907EB880767EEA57AA4F8C9
:103420001A90C7ED007A1A4607EE901A59E7BAF1DA
:10343000000F45D005EE901AF8EEE55AF4EE665A04
:10344000F1EE10FA08D105EE903AF8EEE55AF4EEF6
:10345000475AF1EE10FA33D0029B2783B3B102230F
:1034600089F80030628BE368511C03EB82036183AF
:10347000C3ED006A628BE368511C03EB8203618336
:1034800083ED007A009807B0BDE8F08F052389F836
:103490000030628BB8EEC66AE36807EE90EA511C12
:1034A00003EB8203F8EEE77A618383ED006A628BB7
:1034B000E368511C03EB82036183C3ED007AD1E71B
:1034C00005EE902A05230299B8EEE75A2783F8EE15
:1034D000E55A89F8003081B1628BE368511C03EB37
:1034E0008203618383ED005A628BE368511C03EB16
:1034F00082036183C3ED005AB4E7658B17EE900A2F
:10350000E16872446E1C01EB8501668381ED005A0F
:10351000658BE1686E1C01EB85016683C1ED005A85
:10352000F6EE005A658BE1686E1C01EB850116EE24
:10353000105A6683284407EE900AF8EEE77A67EEA1
:10354000A57AC1ED007A07EE902A618BF8EEE77A52
:10355000E5684E1C05EB810167EEA57A6683C1ED37
:10356000007A228BA168551C25838B5491E70000BB
:103570002DE9F04704468EB0994688461546169EBA
:103580009DF864A01A9FF0F73DF96060B9F1000F53
:1035900000F0E880002800F0E58005A800F0F9F8C8
:1035A000336830469B6D984705A8F0EE400A00F05E
:1035B000F4F86068BAF1030F3BD8DFE80AF00210B4
:1035C000719F03682A4641469B689847DDED1B7A48
:1035D000F8EEE70A07EE907AB8EEE70A26E0B5F9CA
:1035E0000620B8F8043069889B1AADF8102003AAA9
:1035F0005B1A4146ADF80C302B88ADF80E30AB8825
:10360000ADF8123003689B6898479FED580A05A8EB
:1036100000F0E8F8B8F904301B9A07EE907A9B1A8C
:10362000F8EEE70A00EE103AB8EEC00A05A800F07E
:1036300027F9606805A9002509F1020603685B6B9C
:10364000984760681799036841F07F419B6A9847E3
:1036500060689DF860100368DB6A98476068012124
:103660000368DB689847B9F8007004F11003A5619E
:1036700004F1080204F1140104F10C00F0F79CFDC0
:10368000AF4260DD3188B21C2046013501F10F03E5
:10369000C3F3071302EB4303FFF7A2FD0646EFE770
:1036A000B5F90420B8F8043029889B1AADF8102029
:1036B00003AA5B1AB5F906106D88ADF80C30B8F89E
:1036C0000630ADF812105B1A41465B1BADF80E30A8
:1036D00003689B6898479FED260A05A800F082F8CA
:1036E000B8F906301B9A9B1A00EE903AB8F90430EC
:1036F000DB1BF8EEE00A00EE103A95E76B88B5F9AF
:103700000420ADF80C30B8F8063029889B1AADF8C3
:10371000122003AA5B1A4146ADF80E30EB88ADF8D3
:10372000103003689B6898479FED120A05A800F0C7
:1037300059F8B8F90630DDED1B7ADB1B00EE903A44
:10374000F8EEE00A48E760680021228B03680191E7
:10375000618B00911D6AD4E90213A8476068036871
:10376000DB6998470EB0BDE8F08700BF0000B442A7
:10377000000034430000874300234FF07E52436033
:1037800002608360C360026143618361C36102625E
:10379000704708B5FFF7F0FF08BDD0ED007A67EE7F
:1037A000807AC0ED007AD0ED017A67EE807AC0EDC4
:1037B000017AD0ED027A27EE800AD0ED037A67EE27
:1037C000A07A80ED020AC0ED037AD0ED047A67EEAC
:1037D000A07AC0ED047AD0ED057A67EEA00AC0EDBC
:1037E000050A7047DFED247A20EE270ADFED237A01
:1037F00010B52DED028BC0EE278A0446B0EE680AA4
:103800000CF072FBB0EE408AB0EE680A0CF0A8FA39
:10381000D4ED036AD4ED004A60EE667A94ED047A42
:1038200094ED015A66EE886AD4ED025AE8EE247AE5
:10383000E0EE246AC4ED007A60EE477A27EE087A5B
:10384000C4ED036AE8EE057AA0EE057AC4ED017ACC
:10385000D4ED057A84ED047A20EE676A67EE887A03
:10386000A8EE256AE0EE257ABDEC028B84ED026AB3
:10387000C4ED057A10BD00BFDB0F494000003443A2
:1038800090ED066AD0ED007AD0ED076AE6EE007A98
:1038900090ED087AC0ED007AD0ED017AE6EE807AFC
:1038A000C0ED017AD0ED027AE7EE007AC0ED027A3F
:1038B000D0ED037AE6EE207AC0ED037AD0ED047AFB
:1038C000E6EEA07AC0ED047AD0ED057AE7EE207A34
:1038D000C0ED057A7047D0ED016A84B0D0ED047A6E
:1038E00090ED037A60EEA77A60EEA60AD0ED006A4A
:1038F000E7EE007A90ED057AE6EE800A90ED020A96
:1039000030EE800A77EE870A04B0704730B58380C6
:10391000BDF80C309DF81850C3809DF810304161FF
:1039200003729DF8143002834372837A65F30603B1
:103930009DF81C5065F3C71383729DF82030C37245
:103940009DF824300373BDF82830C381BDF82C30B6
:103950000382014B036030BDD43E0208F0B54469D8
:10396000BCB3A388028BCB1A02F1FF3231D493424D
:103970000CDD0E2303FB02439B885B1AD31A9A4289
:1039800027DB002BBCBF022392FBF3F300250E269E
:1039900095421EDC06FB03408788B9421AD00DD23F
:1039A0005A1E954215DC30F80A3C5B1AD31A9A422B
:1039B0000FDB9D42ECDD53195B10E9E75D1CAA4269
:1039C00007DB438ACB1A2B449D4202DC9A42DFDAA2
:1039D000F1E70020F0BDF8B5044617461E4611B9C0
:1039E00000252846F8BD0A29FAD04FF6FF62914219
:1039F000F6D042F20B029142F2D0FFF7AFFF05463C
:103A000050B9236820461B69984701462046FFF7B6
:103A1000A5FF05460028E3D0236829462046DB6D34
:103A20009847386023682046DB6B98473070D8E7AA
:103A30000020704701207047022070477047704790
:103A40007047704710B504460C210CF014F920465D
:103A500010BD10B5044610210CF00DF9204610BD24
:103A600010B504460C210CF006F9204610BD10B527
:103A700004463C210CF0FFF8204610BD30B50D4641
:103A8000016B87B0044601B301A8FFF783FB2A89C5
:103A9000BDF804302879D21AA38EB5F906101A445D
:103AA0006B89BDF806508DF810005B1BE58E206B0E
:103AB0002B44074DADF8121003A90395ADF814205F
:103AC000ADF8163003689B6C984707B030BD00BF57
:103AD000643F02082DE9F041036B8AB004460D46AD
:103AE00013B10B79002B44D004F1040803A841461C
:103AF000FFF750FB2B79BDF90C70BDF90E6083B94F
:103B000004F136032A89E9884046921B0193C91BB8
:103B100004F1340312B2009309B204F13003F9F74F
:103B20005BFC216B29B305A8FFF734FBBDF814201B
:103B30002B7907A9BF1AEA88206B1744A28E8DF84B
:103B400020301744BDF81620B61A2A89ADF8227025
:103B50001644E28E1644084AADF824600026079207
:103B6000ADF8266003685B6C98472B790BB1C4E90C
:103B70000C660AB0BDE8F0813C3F02082DE9F04137
:103B80000C46016B88B0054600296DD06846FFF7EA
:103B900001FBA98EE388BDF900800B44BDF90270DA
:103BA0001BB2434531DBBDF804C0C4440FFA8CFCA2
:103BB00063452ADAEA8E2689164436B2BE4224DBF1
:103BC000BDF80600384400B286421EDA6389194403
:103BD00009B2414508DB614506DAA3891A4412B2ED
:103BE000BA4201DB824210DB214B04A9286B04930B
:103BF00002238DF814300023ADF81630ADF81830DC
:103C0000ADF81A3003685B6C9847291D02A8FFF7CE
:103C1000C1FABDF80830E088A3EB0808BDF80A3007
:103C200021791FFA88F8DF1BB5F834C0BBB24044D5
:103C3000228967896044A4891A44EE8EB8442344DB
:103C4000ADF816003244E04433440A4C286B8DF83A
:103C5000141004A90494ADF81820ADF81A80ADF83A
:103C60001C300368DB6C984708B0BDE8F08100BFEA
:103C70003C3F0208503F020837B5044634F90C2F88
:103C8000013212D10025B0F90810B0F90A200368FA
:103C900000956D46ADF80410ADF8062029469B6AE4
:103CA000984795E8030084E80300204603B030BD40
:103CB00013B5B0F920300446013309D101466846F6
:103CC000FFF768FABDF800302384BDF80230638442
:103CD000B4F9200002B010BD13B5B0F9223004468B
:103CE000013309D101466846FFF754FABDF80030A8
:103CF0002384BDF802306384B4F9220002B010BD01
:103D000070B5174B0546174A012145F8043B0023BF
:103D100042600446038143818381C38103824382DD
:103D20008382C38203628384C38480F82830436320
:103D300080F8291080F83810C0E90633C0E90B3349
:103D4000094B2846B3F90060936B084AB2F900109A
:103D50009847636828463146DB6B9847204670BD1C
:103D6000783F0208043C02086A5102246851022488
:103D7000094B07B5B3F900200021084B00916946B3
:103D8000B3F90030ADF80420ADF8063003689B6845
:103D9000984703B05DF804FB685102246A5102247D
:103DA0002DE9F04FB1F9043089B080460C46002B64
:103DB00015460EDDB1F90630002B0ADD2846FFF767
:103DC0005BFF2146FDF7B3FEEB6928B91D46002BCA
:103DD000F4D109B0BDE8F08F04AE002B00F0B5803F
:103DE0002B68294602A8DB6898472846FFF760FF42
:103DF000BDF8087007442846FFF76EFFBDF80A308B
:103E0000BDF90C203FB21844BDF90E302146ADF883
:103E10001420ADF812003046ADF81630ADF8107031
:103E2000F9F7BCFB2846FFF727FF06AB024696E8EA
:103E3000030083E8030011461846F9F7AFFBBDF90C
:103E40001830B4F90010BDF91AA09942BDF91CB0A0
:103E5000BDF91E900BD1B4F90220524507D1B4F937
:103E600004205A4503D1B4F906204A456DD0BBF170
:103E7000000F65DDB9F1000F62DDB4F902201FFA11
:103E80008AF05245009012DA0193009BB4F90400C5
:103E9000ADF812209A1AADF810103146ADF81400A2
:103EA0004046ADF81620EA69FFF77AFF019BB4F9A6
:103EB00000209FB29A420DDAADF81020BA1AADF880
:103EC00012A03146ADF814204046ADF81690EA69CC
:103ED000FFF766FF22885F44A388BFB213443AB25B
:103EE0009BB219B291420DDDDB1BADF81020ADF88D
:103EF00012A03146ADF814304046ADF81690EA698C
:103F0000FFF74EFFE28863881344009A4A449BB24D
:103F10001FFA82F919B20FFA89F28A4215DAB4F956
:103F20000410A3EB0903B4F90000ADF814103146F6
:103F3000ADF81000ADF81220ADF81630EA6901E0D6
:103F4000EA6921464046FFF72BFF2846FFF794FE1B
:103F5000616802463346206803C311463046F9F7CC
:103F60001DFBBDF91430002B7FF733AFBDF91630C0
:103F7000002B7FF72EAF2846FFF79AFEBDF81030D2
:103F8000181AADF810002846FFF7A6FEBDF812304B
:103F90003146181AADF8120028462B689B689847DE
:103FA00017E770B5061D86B00C460023314605465E
:103FB00002A80193FFF7EEF8BDF808302288BDF89B
:103FC0000A10D21A6388B4F904005B1AB4F9061017
:103FD000ADF8102001AAADF814003046ADF8161067
:103FE00004A9ADF81230F9F7B1FB019A1AB12146D4
:103FF0002846FFF7D5FE06B070BD024630B5044630
:1040000085B052F8080F0D466B46516803C3294628
:104010006846F9F7C3FA94F838302BB16946204660
:10402000FFF7BFFF05B030BD043402A82146FFF7FB
:10403000B1F8BDF80030BDF80820694620469B1A4B
:10404000BDF80A20ADF80030BDF802309B1AADF87B
:104050000230F9F742FBE5E70B460A68011D926959
:104060001846104738B50025022304460E22037473
:10407000294645610576C5830584C5860587C587BC
:10408000A0F84050C0E90055C0E911554C300CF083
:1040900007FC01232046A4F85A50A4F85C50A4F869
:1040A0005E5084F8603084F86150F0F733F82046B1
:1040B00038BD30B500250124436813B9036813B334
:1040C0004360037E43B143692BB11A881AB19A1C2D
:1040D0004261188830BD05764368198899B19A1CE9
:1040E00002294260F5D1037C012BE5D85A1C02332A
:1040F000027450F823304361002BDDD01B88002B65
:10410000DAD00476D8E70020E4E70160002130B47B
:1041100041601568856052684364029BC260017407
:104120004161017601870184A0F84010836430BCAE
:10413000EFF7F0BFF0B505460846F1B105F14C04C4
:104140000B4601F1080722461868083353F8041C8F
:104150002646BB4203C63446F6D118683060104686
:104160009B88B38095F859305B0103F4807195F812
:1041700052300B435B4285F85530F0BD38B50C46E4
:1041800011681046CD681946A847002808BF204688
:1041900038BD00002DE9F0418C460546144642B971
:1041A000A5F85A20A5F85C20A5F85E202046BDE8B9
:1041B000F081507B6FF463619388060106F480728E
:1041C000E67916435A1891B2B7B21D297FD8012259
:1041D000F6108A408B490A422ED112F4607F76D0C5
:1041E00005F14C02234604F1080E14461868083302
:1041F00053F8041C94467345ACE803006246F5D1BD
:104200001868CCF800009B88ACF80430B3B2B5F85D
:104210005C1095F85900CA1ACF1B20F0600092B2CA
:10422000FB1A85F85420D21002F06002024385F890
:104230005920A5F85C30B9E705F14C02234604F19A
:10424000080814461868083353F8041C964643457A
:10425000AEE803007246F5D11868CEF800009B88DE
:10426000AEF80430EB8E05EB4303598C40F6336314
:10427000994211D1DCF800306046DB689847417BF9
:10428000CB0003F48072037A13434A0644BFA3F5BC
:1042900000731BB2A5F85A30B5F85A3095F859207A
:1042A0003B4422F0600233449BB2A5F85A3085F8B3
:1042B0005430DB1003F06003134395F85E2085F85B
:1042C000593095F855309B1A85F855306EE723F034
:1042D000040240F61B618A4203D040F61D629342FD
:1042E00038D105F14C06224604F10808344610681E
:1042F000083252F8041CB6464245AEE80300764642
:10430000F5D11068013B2146CEF800009BB292889F
:104310002846AEF804206246FFF730FF417BCB0011
:1043200003F48072037A480643EA020395F85620A4
:1043300044BFA3F500731BB2A5F85A3095F8593065
:104340005B0003F4807313435A1102EB9303A5F847
:104350005E3047E0C20002F48071227A0A434106CF
:1043600040F6096144BFA2F5007212B2A5F85A20C6
:1043700023F010028A4203D040F6136293423ED1EA
:1043800005F14C0204F1080896462068083454F8F8
:10439000041C1646444503C63246F6D120683060F8
:1043A0002846A1887446B180714695F85960760018
:1043B00006F4807295F85660164340F613629342F5
:1043C000624616BF03F1FF3340F60C639BB2FFF762
:1043D000D5FE437B827A5B0003F480731343F61AA5
:1043E000A5F85E60617BCB0003F48072237A1343EF
:1043F0004A0644BFA3F500731BB2DB1B19E7002379
:10440000A5E700BF7900C03F2DE9F043044642B95B
:104410004FF40043A0F85A30A0F85C30A4F85E30A6
:1044200047E0517B93880D0105F48070D5790543F1
:10443000042DCCBF4FEA950E4FF0010EB3F5DD6FA2
:1044400000F2AB8040F2E760834216D240F25B603C
:10445000834259D840F2576083420ED2B3F5CA6FF7
:104460004AD240F24E60834207D240F21A60834241
:104470002AD021D8B3F5C26F5BD3B4F95A3013F503
:10448000004F40F0D080B4F95C0010F5004F40F0D0
:10449000CA80CB00490603F48070137A43EA000314
:1044A00044BFA3F500731BB2A4F85A305D1BA4F8F7
:1044B0005C501046BDE8F08340F24B60834238D335
:1044C00040F24C608342D8D9B4F95A00B4F95C3058
:1044D00010F5004F40F0F38013F5004F40F0EF80EF
:1044E000CB004E0603F48070137A43EA000344BF06
:1044F000A3F500731BB2D9E740F254608342E3D8BE
:10450000B3F5CA6FE0D9B8E740F274608342B4D023
:104510002DD840F25E60834204D840F25D60834251
:10452000D2D3AAE740F25F608342CDD0B3F5CE6F1D
:10453000A3D0CB00490603F48070137A43EA00034A
:1045400044BFA3F500731BB25D1BA4F85A30A4F856
:104550005C50537B5B0103F4807193790B4305211D
:104560005B0093FBF1F392F909100B4456E740F21C
:10457000E260834209D840F2DF608342BFF47DAF3E
:10458000A3F2D663052BD4D877E740F2E3608342E9
:104590009AD040F2E4608342CAE7B3F50F6F2BD2A2
:1045A00040F6ED0083428FD240F6E500834216D8F4
:1045B00040F6E4008342BFF460AF40F2EC60834217
:1045C0000AD840F2EB608342BFF457AF40F2EA6092
:1045D00083423FF479AFACE740F2ED60F8E740F694
:1045E000E800834202D840F6E70098E740F6E90089
:1045F00083427FF442AF67E740F6F60083423FF420
:1046000063AF02D840F6F200F2E740F6FA008342C8
:1046100005D840F6F9008342FFF42FAF54E740F687
:10462000FE008342AFE704F14C0C174602F1080884
:1046300066463868083757F8041CE6464745AEE832
:104640000300F446F5D13868CEF80000B988AEF81A
:104650000410B4F95E0010F5004F09D0517B927937
:10466000490101F480711143A0EB510084F8550019
:1046700013F5004FADB20DD02B4494F859209BB2E6
:1046800022F0600284F85430DB1003F0600313431F
:1046900084F8593094F85910CB004F0603F4807217
:1046A00094F8543043EA020344BFA3F500731BB2ED
:1046B000A4F85A305B1BA4F85C303246F9E604F1EA
:1046C0004C0C174602F1080966463868083757F857
:1046D000041CE0464F45A8E80300C446F5D13868FD
:1046E000C8F80000B988A8F80410B4F95E0010F505
:1046F000004F09D0517B9279490101F48071114337
:10470000A0EB510084F8550013F5004F0ED0A3EB39
:104710000E0394F859209BB222F0600284F85430C2
:10472000DB1003F06003134384F8593094F85910F8
:10473000CB00480603F4807294F8543043EA020335
:1047400044BFA3F500731BB25D1BA4F85C50B4E733
:104750002DE9F0411E46C38E0446174600EB430385
:10476000B3F82280EFF794FC054618B9306028466C
:10477000BDE8F0813B6801463846DB689847A8F5FC
:10478000C06302463060B3F5407F13D243463946DA
:104790002046FFF739FE3060336843B15A7B9B7A7D
:1047A000520002F4807213430CBF0123002384F8EB
:1047B0006130DCE7A5F560639BB27F2B04D83946F6
:1047C0002046FFF7E7FCE6E794F86130002BE3D0E2
:1047D00040F602139D42DFD101462046FFF7AAFCB6
:1047E000D9E710B50446B4F84010238FE1B10A2B85
:1047F0002DD0E28F013904EB4200408FA4F8401025
:10480000511C89B201298ABF02F1FF32E187E28798
:104810005A1C2287E28E13449BB2092B88BF0A3BA5
:1048200004EB43035884DEE7238F0A2B0FD0204686
:10483000FFF73FFC238F5A1C2287E28E13449BB262
:10484000092B88BF0A3B04EB43035884ECE710BDF7
:1048500038B5C38E044600EB4302558C028F013AF3
:1048600002875A1C92B2092A8ABF093BC286C386B4
:10487000FFF7B7FF238C012B9CBF01332384E38B0D
:104880000BB90223E383E38B2846013B9BB2E3830E
:1048900004EB4304658338BD8A422DE9F047C78E97
:1048A00032D9058F541AB0F84080EE191FFA84FEF1
:1048B000B0F83EC0013EB4B2A4EB0E091FFA89F96C
:1048C000092C264688BFA4F10A06BCF1000F04F1AA
:1048D000FF3408BF4FF0020C00EB4606A4B20CF107
:1048E000FF3CB6F822A04C451FFA8CFC00EB4C06AE
:1048F000A6F83AA0E4D1A5EB0E050EEB0804A0F84B
:104900003EC00587A0F84040048F0A25641A394448
:1049100089B20487092988BF0A39C1868AB1018F03
:10492000013A013192B233F812400187C18E01B9C8
:10493000C586C18E013989B2C18600EB41014C8424
:10494000ECE7BDE8F047FFF74CBF70B50025954296
:1049500011D0C48B31F8026B1444013C641BA4B227
:10496000012C88BF023C00EB4404648BB44217D195
:104970000135ADB2EBE7BDF8102000241344A2B21C
:104980009A420FDAC68E31F814500134324492B292
:10499000092A88BF0A3A00EB4202528CAA42EED0A2
:1049A000002070BD0120FCE72DE9F74F05461646B3
:1049B0008C1C09884FEA113A34F81A30B34224D1DA
:1049C000C1F30329C1F3031801F00F075246CDF8D4
:1049D00000804B4621462846FFF7B7FF834668B163
:1049E0000AEB09013A462846414404EB4103494693
:1049F000FFF752FF584603B0BDE8F08F07EB0A01FE
:104A00004944414404EB4101D2E74FF0000BF1E788
:104A100070B51088984217D8481E32F82000984286
:104A200012D300248C420FD26018401032F820605C
:104A30008500B34202D9013084B2F3E701D281B2DA
:104A4000F0E72A44508870BD0020FCE72DE9F041D2
:104A5000456C04460B266F887F08013E13D0E38E19
:104A60002A463946204604EB4303B3F822804346E6
:104A7000FFF7CEFF38B105EB400142462046FFF775
:104A800093FF0028E9D1BDE8F081000070B54A69C4
:104A90008D6A4B68541BCE6A00F006819B1B03D0C5
:104AA0006343102293FBF2F30C688A69651B00F0E4
:104AB000FD80921B03D06A43102492FBF4F29B1AF0
:104AC0009FED894AB7EE007A0A4607EE903A00F168
:104AD0000C040346F8EEE77A67EE847A87EE273A0D
:104AE000B1EE436AD2ED027A1432C7EE276AE3ECE4
:104AF000016A9C4252ED027A67EEA67AC3ED027A11
:104B000052ED017A67EEA67AC3ED057AEAD1CA6A58
:104B10008B69D0ED024A9B1AD0ED003AD0ED016AC4
:104B200007EE903A4B6876EEE46A90ED055A9B1AD0
:104B3000F8EEE77A73EEE44A90ED032A07EE103AB6
:104B4000D0ED045A67EE847A90ED071AB8EEC77A72
:104B5000D0ED062A75EEC55A64EEE77A27EE047AA0
:104B600032EE455AE6EE877A67EE837AC0ED097A2F
:104B70008C6A4A69131B07EE103A0B68B8EEC77AC5
:104B80001B1B27EE047A64EEC74A07EE103AB8EE14
:104B9000C77A27EE047AE6EE874A64EE864AC0EDCD
:104BA0000A4ACA6A8B699B1A06EE903A4B689B1AAE
:104BB000F8EEE66A07EE103A66EE846AB8EEC77A57
:104BC00065EE666A27EE047AE5EE876A66EE836A2A
:104BD000C0ED0B6A8C6A4A69131B07EE103A0B682A
:104BE000B8EEC77A1B1B27EE047A25EE475A07EE6C
:104BF000103AB8EEC77A27EE047AA5EE875AD0EDC0
:104C0000085A31EE651A72EEE55A25EE065A80ED25
:104C10000C5ACA6A8B699B1A07EE103A4B689B1AAA
:104C2000B8EEC77A01EE903A27EE047AF8EEE11A70
:104C300025EEC77A61EE841AA1EE217A27EE037A77
:104C400080ED0D7A8C6A4A69131B03EE103A0B68EB
:104C5000B8EEC33A1B1B23EE043A65EEC35A03EECB
:104C6000103AB8EEC33A23EE044AE1EE045A25EEB8
:104C7000866A62EE675A80ED0E6AE3EEA65AF5EE9A
:104C8000C05AF1EE10FA13DD4FF4004362EEE77AFA
:104C9000C363E3EE877AF5EEC07AF1EE10FA15DD24
:104CA0004FF40043036470BD2346FDE62A4606E741
:104CB00002D547F6FF73E9E722EE642AA3EE852AC0
:104CC000B5EEC02AF1EE10FADEDAF2E702D547F6C9
:104CD000FF73E7E762EEE44AE3EE864AF5EEC04A88
:104CE000F1EE10FADCDAF2E70000803D2DE9F04742
:104CF00014275F4302EB070CDCF8045015F10F0E8C
:104D000000F1A2804FEA2E1E089C1426C0F814E081
:104D1000664302EB0608D8F8045015F10F0400F1C1
:104D20009F802411A4EB0E048461002C00F08A8083
:104D3000DCF80490D8F804409559A4EB0908D4593C
:104D4000A5EB040A4FEA08164FEA0A150EFB05FE0A
:104D50000AFB19EE08FB04E4013CA41900F18C8065
:104D600094FBF6FE06FB1E44C0F800E00461002D33
:104D7000C0F2958095FBF6F406FB145544608560FF
:104D8000C66001EB8303DCF804404569D259C4EBEB
:104D90000514DFED4B6A91ED0A6A07EE104A0468CC
:104DA000C2EB0412B8EEC77A07EE902A27EE267AF5
:104DB000F8EEE77A67EEA67AD3ED006AE6EE076AC8
:104DC00091ED096AE6EE276AC0ED076AD0ED016A47
:104DD000D1ED095AF8EEE66A91ED0A6AA6EEA56AE7
:104DE00080ED086A4A6A4262D1ED0C5A93ED036A7B
:104DF000A5EE876AD1ED0B5AA5EEA76A80ED0A6A87
:104E0000D1ED0B5A91ED0C6AA6EEA56A80ED0B6A06
:104E1000CA6A026393ED066AD1ED0E5AA5EE876A5F
:104E2000B0EE467A91ED0D6AA6EE277A80ED0D7A06
:104E300091ED0D7AD1ED0E7AE6EE877AC0ED0E7A1D
:104E40004B6BC363BDE8F0871024C5F101059EFBE1
:104E5000F4FE15F00F0518BF0125AEEB050E53E764
:104E60004FF01009C5F1010594FBF9F415F00F0599
:104E700018BF0125641B55E7644294FBF6FECEF192
:104E8000000806FB1E44C0F800800461002C3FF4BB
:104E90006EAF6FEA0E0E341BC0F800E066E76D429D
:104EA00095FBF6F4C4F1000E06FB1455C0F804E0BF
:104EB0008560002D3FF464AFE443751B44605EE7FA
:104EC0000000803D014B1860704700BFDC51022498
:104ED000064B1A88824207D8054B1B881344984218
:104EE000ACBF00200120704700207047FC51022415
:104EF0000052022408B50146FFF7EAFF18B1024B41
:104F00001B6853F8210008BDE051022438B504465F
:104F1000FFF7DEFFD8B10F4B1B88E41A0E23634363
:104F20000D4C2568EA18127B12F0200210D0B1F95E
:104F30000020EA522268B1F902501A4455802268D2
:104F40001344B1F904209A80B1F90620DA8038BD03
:104F50001046FCE7FC510224E45102242DE9F347FA
:104F600006460C46FFF7B4FF18B9002002B0BDE8B2
:104F7000F0870846F8F755FB0028F6D13F4BDFF8DD
:104F800000911D88D9F800A0C846731B0E255D430B
:104F90000AEB05073B7B13F0200FE6D0214638468D
:104FA000FCF738FE0028E1D139462046FCF732FEF6
:104FB00008B1214620E0B4F900203AF905309A42C0
:104FC0001ED1B4F90420B7F904309A4218D12068F0
:104FD0006B46616803C339466846FCF741FED9F861
:104FE0000030B4F906202B44B3F906301344BDF960
:104FF0000620934204DC69463046FFF787FFB5E799
:10500000D8F80030B4F902102B44B3F902209142D1
:1050100019D1B4F90610B3F90620914213D12068D2
:105020006A46616803C219466846FCF719FED8F85B
:105030000030B4F904202B44B3F904301344BDF913
:1050400004209342D7DD2046F8F7EBFA90B9A78801
:10505000E38817FB03F7D8F800301D442846F8F71B
:10506000E0FA48B9AB88EA8813FB02F3BB42BFF60B
:105070007CAF9EE70027EEE70023F7E7FC51022410
:10508000E4510224F0B5244C2368002B42D0234A7B
:10509000234D1188B5F800C0224861444A1C8F0096
:1050A00022F00102DE19120406601F4E120C07EBFB
:1050B0004207DA1932600E2202FB0CF2033222F0B0
:1050C00003023A44194F13443B600023184F9C4697
:1050D0003B80184F3F68BA1A174F3A604FF6FF7778
:1050E000164A13808B420DD12D88002330680E2480
:1050F0009D420FD904FB03020133117B6FF345116D
:105100001173F5E7226842F823C0026822F8137091
:105110000133E7E7F0BD00BFE0510224FC51022457
:1051200000520224F4510224E4510224EC510224DE
:10513000FE510224E8510224F8510224F0510224C5
:10514000064B1B6843B939B1054B1A80054B1960F2
:10515000054B1860FFF796BF704700BFEC51022463
:1051600000520224E8510224E051022470B4074C9A
:1051700005461046039A266836B92560044C2180FE
:10518000194670BCFFF7DCBF70BC704704520224A4
:10519000FC510224124A03881288934207D2114A12
:1051A0001421126801FB0323B3F9080070470E496C
:1051B000098811448B4204DA9B1A0C4A0E211268AA
:1051C000F0E74FF6FE72934208D1094B1B781BB9EA
:1051D000084BB3F900007047074BFAE7002070470F
:1051E000FC5102240452022400520224E4510224FD
:1051F0006C5102246E51022470510224124A038819
:105200001288934207D2114A1421126801FB03232A
:10521000B3F90A0070470E49098811448B4204DA39
:105220009B1A0C4A0E211268F0E74FF6FE72934269
:1052300008D1094B1B781BB9084BB3F90000704724
:10524000074BFAE700207047FC5102240452022465
:1052500000520224E45102246C51022470510224B1
:105260006E510224124A038811888B420BD2114AD4
:10527000126812B152F82300C0B90F4A1168142203
:105280005343C85870470D4A12880A44934204DABF
:10529000084A126852F8230070474FF6FE72934294
:1052A00003D1074B1B68586C70470020704700BF44
:1052B000FC510224E0510224045202240052022430
:1052C00074510224244B02881888824221D2234B35
:1052D0001968142303FB0213586800283AD02049A8
:1052E0000968002936D051F82210002932D01A89D5
:1052F000588950435A7CDB7C5209C3F3421343EA7A
:10530000C2030B2B18BF4000033020F003000844F9
:105310007047144B1B8803449A421ADA124B101A36
:105320000E211B6801FB0030037B03F01F030B2BD6
:105330000BD1038940895843094B0330196820F089
:10534000030351F82200184470470D2B01D10D3092
:1053500070470020704700BFFC5102240452022411
:10536000E051022400520224E45102241F4B10B5E4
:1053700002881B889A421AD21D4B14211B6801FB1C
:1053800002314B7C5809CB7C1A49C3F3421309689C
:1053900043EAC003D8B249B151F8222032B10E2BF2
:1053A00021D00F281DD0102808BF022010BD12499F
:1053B000098819448A4209DAD31A104A0E21126860
:1053C00001FB0323187B00F01F00EFE74FF6FE738D
:1053D0009A4208D1EEF758FC0368BDE81040DB6A3A
:1053E00018470120E2E70020E0E700BFFC5102245B
:1053F00004520224E051022400520224E451022407
:105400001820704701207047024B188800EB4000BD
:1054100080B270476E510224FF2B4CD02C2A30D022
:105420000FD8082A43D005D8042A3ED0052A3AD0FE
:10543000002324E00A2A3AD001D30B2AF8D1436C86
:105440001DE0302A35D00AD82E2A4B6823D00DD93A
:105450001A785B78002BEBD18AB9436A0FE0322AC5
:1054600027D001D3332AE3D1436D08E01A785B7863
:10547000002BDDD1002AF0D0012AD9D1436918468A
:1054800070474B681A785B78002BD1D14AB1012A5A
:1054900008BFC368F3E71A785B78002BC8D1002AED
:1054A000EDD1C369EBE7436BE9E7C36AE7E7C36B99
:1054B000E5E7C36CE3E72C2A30D00FD8082A42D0A6
:1054C00005D8042A3DD0052AB2D1836BD7E70A2A32
:1054D00039D001D30B2AABD1836CD0E7302A34D03A
:1054E0000BD82E2A4B6823D00ED91A785B78002B64
:1054F0009ED1002AC3D1836AC1E7322A25D001D3C5
:10550000332A95D1836DBAE71A785B78002B8FD157
:10551000002AF0D0012A8BD18369B0E74B681A7852
:105520005B78002B84D152B1012A08BF0369A6E73A
:105530001A785B78002B7FF47BAF002A9FD1036A37
:105540009DE7036B9BE7036C99E7036D97E72DE9F4
:10555000F04F85B0139E03927068DDF858C09DF837
:105560005C5001911FFA85F8ED43DDE91424EDB29A
:1055700000FB0424326804EB44041444DCF80020EB
:105580000292DCF8042002F1040E019A002A03DCE6
:10559000039A002A40F316810F9ABCF908A002F57D
:1055A0000040109ABCF90C9002F50042002B0EDD71
:1055B000061405D4564503DA161401D44E4507DB0C
:1055C000119E013B03343044129E3244EEE763D017
:1055D0005E1E119F07FB06073F1454D4574552DA4D
:1055E000129F07FB062636144DD44E454BDAE61CB7
:1055F0009946B9F1000F06F1030648DDBCF908B081
:10560000171402994FEA204A09F1FF390BFB0717DB
:1056100016F806BC119917F80A701BFB05FB084425
:10562000129907EB47070A440EEB070A1EF80770AA
:1056300007FB08B7BFB207F1010B0BEB172716F8F2
:1056400005BC1BFB05FB3F1206F8067C9AF80170AF
:1056500007FB08B7BFB207F1010B0BEB17273F128F
:1056600006F8057C9AF8027016F804AC1AFB05FAE5
:1056700007FB08A7BFB207F1010A0AEB17273F1281
:1056800006F8047CB5E70027DE1B002E42DC23EA87
:10569000E37303EB43031C44019B002B40F3928014
:1056A000B7EE007A0E9B30EE040A70EEA40AF0EE1C
:1056B000626AC7EE007A31EE051AFEEEC86ACDEDD9
:1056C0000F6AF0EE436AFEEEC86ACDED106A20EE76
:1056D000A77A61EE277A77EE622A37EEC33AFEEEBA
:1056E000C82ABEEEC83A12EE902AF0EE472A92FB84
:1056F000F3F313EE102A11930E9BB0EE673A92FB70
:10570000F3F31293019B039A013B01930E9B08BF95
:1057100013463AE75FEA204A4ED4DCF80860564563
:105720004ADD5FEA224B47D4DCF80C10594543DDD3
:105730000FFA86F9029907EB47060BFB091914F8D3
:1057400006B019F80A901BFB05FB09EB49090EEBA3
:10575000090A1EF8099009FB08B91FFA89F909F12D
:10576000010B0BEB19294FEA292904F8069026446E
:105770009AF8019096F801B01BFB05FB09FB08B9EC
:105780001FFA89F909F1010B0BEB19294FEA2929B5
:1057900086F801909AF8029096F802A01AFB05FA92
:1057A00009FB08A91FFA89F909F1010A0AEB19296D
:1057B0004FEA292986F80290119901370844129975
:1057C0000A4461E705B0BDE8F08F2DE9F74F119D60
:1057D0009346149EF7EE006A686877680091043774
:1057E000DDE91224DDE90F8E00FB04242A6804EBB6
:1057F0004404144432680192009A002A03DCBBF18D
:10580000000F40F3BC800D9AB6F908A002F50040E5
:105810000E9AB6F90C9002F50042002B0CDD05142F
:1058200005D4554503DA151401D44D4505DB404434
:105830007244013B0334F0E73FD05D1E08FB050CCA
:105840005FEA2C4C2ED4D4452CDA0EFB05252D1402
:1058500028D44D4526DAE51C9C46BCF1000F05F125
:10586000030525DDB6F908104FEA22490CF1FF3C8B
:1058700072448A4601990AFB09190114404419F837
:10588000019009EB490907EB090A17F8099005F897
:10589000069C9AF8019005F8059C9AF8029005F884
:1058A000049CDAE70025A3EB050CBCF1000F3BDC00
:1058B00023EAE37303EB43031C44009B002B5EDDF0
:1058C00030EE040A0C9B70EEA40AB0EE626AC6EEDB
:1058D000807A31EE051ABEEEC86A8DED0D6AB0EE23
:1058E000436ABEEEC86A8DED0E6A20EEA77A61EEBD
:1058F000277A77EE622A37EEC33AFEEEC82ABEEE6A
:10590000C83A12EE902AF0EE472A92FBF3F813EE13
:10591000102AB0EE673A92FBF3FE009B013B009326
:105920000C9B08BF5B4667E75FEA204923D4D6F8A3
:1059300008C0CC451FDD5FEA224A1CD4F1685145FE
:1059400019DD0FFA8CFC01990AFB0C1C1CF809C02C
:105950000CEB4C0C17F80CA007EB0C0905EB450CF5
:1059600004F80CA0A44499F801A08CF801A099F8BF
:1059700002908CF8029040447244013593E703B0E2
:10598000BDE8F08F2DE9F04F85B0F7EE006A139C6B
:1059900002929DF85C2060680392DDF858C0DDF843
:1059A00044E0DDE9142500FB0525226805EB4505EB
:1059B0001544DCF800200092DCF804200432019247
:1059C000002903DC029A002A40F327810F9ABCF9D0
:1059D000088002F50044109ABCF90C7002F50040F2
:1059E000002B0DDD221405D4424503DA021401D444
:1059F000BA4206DB129A7444013B03351044EFE7C8
:105A000075D05A1E0EFB0246361465D4464563DA3D
:105A1000129E06FB020212145ED4BA425CDAEF1C3C
:105A20009946B9F1000F5DDD0214BCF90880261417
:105A30009246009A08FB0A22925D019E56F8226067
:105A40005FEA166841D0039A5FFA86FB02FB08F80A
:105A500008F1010202EB282217F8038C12121FFA38
:105A600082FAD2431BFB0AFBD2B208FB02B81FFA30
:105A700088F808F1010B0BEB1828C6F3072BC6F3C7
:105A800007461BFB0AFB4FEA282816FB0AFA17F801
:105A9000016C07F8038C17F8028C06FB02AA08FBBE
:105AA00002B81FFA8AFA1FFA88F80AF1010608F10B
:105AB000010B06EB1A2A0BEB18284FEA2A2A4FEAA9
:105AC000282807F801AC07F8028C129A74440337AF
:105AD00009F1FF391044A4E74FF00008A3EB0802D6
:105AE000002A3BDC23EAE37303EB43031D44002954
:105AF00040F3938030EE040A0E9B70EEA40A013945
:105B0000B0EE626AC6EE807A31EE051ABEEEC86A61
:105B10008DED0F6AB0EE436ABEEEC86A8DED106A75
:105B200020EEA77A61EE277A77EE622A37EEC33A43
:105B3000FEEEC82ABEEEC83A12EE902AF0EE472AD0
:105B400092FBF3FE13EE102AB0EE673A92FBF3F3EA
:105B5000029A12930E9B08BF134631E7271456D4BE
:105B6000DCF80860BE4252DD5FEA20494FD4DCF821
:105B70000C204A454BDD009A36B209FB0626F25D41
:105B8000019E56F822703A0E41D0039E5FFA87FBC1
:105B90007243561C06EB222208EB4806121215F837
:105BA00006901FFA82FAD2431BFB0AFBD2B209FB12
:105BB00002B91FFA89F909F1010B0BEB1929C7F397
:105BC000072BC7F307471BFB0AFB4FEA292917FBE3
:105BD0000AFA05F806902E44B77896F8019007FB6C
:105BE00002AA09FB02B91FFA8AFA1FFA89F90AF117
:105BF000010709F1010B07EB1A2A0BEB19294FEAF0
:105C00002A2A4FEA292986F802A086F80190129ADA
:105C1000744408F10108104460E705B0BDE8F08F56
:105C20002DE9F04F85B0F7EE006A139D0392686886
:105C3000DDF858C0DDF844E0DDE9142400FB04245D
:105C40002A6804EB44041444DCF800200192DCF8D8
:105C5000042004320292002903DC039A002A40F354
:105C600037810F9ABCF9088002F50040109ABCF900
:105C70000C7002F50042002B0DDD051405D44545DE
:105C800003DA151401D4BD4206DB129D7044013BBA
:105C900003342A44EFE770D05D1E0EFB0506361470
:105CA00062D4464560DA129E06FB05252D145BD4AE
:105CB000BD4259DAE51C9A46BAF1000F58DD1614B8
:105CC000BCF908800714B146019E08FB0966F65D21
:105CD000029F57F82660370EFF2F00F0F0805FFA22
:105CE00087F8D7B31FFA88F76FEA08085FFA86FBD0
:105CF00015F8039C5FFA88F81BFB07FB09FB08B942
:105D00001FFA89F909F1010B0BEB192915F802BCEF
:105D10001BFB08FB4FEA292905F8039CC6F307295A
:105D2000C6F3074609FB07B91FFA89F909F1010B08
:105D30000BEB19294FEA292905F8029C15F8019C5B
:105D400019FB08F806FB0786B6B206F1010808EB56
:105D500016284FEA282805F8018C129E7044033556
:105D60000AF1FF3A3244A7E700269D1B002D3BDCD9
:105D700023EAE37303EB43031C44002940F3A880A8
:105D800030EE040A0E9B70EEA40A0139B0EE626A8E
:105D9000C6EE807A31EE051ABEEEC86A8DED0F6A46
:105DA000B0EE436ABEEEC86A8DED106A20EEA77AA7
:105DB00061EE277A77EE622A37EEC33AFEEEC82A02
:105DC000BEEEC83A12EE902AF0EE472A92FBF3FE9E
:105DD00013EE102AB0EE673A92FBF3F3039A129394
:105DE0000E9B08BF134636E75FEA204857D4DCF81D
:105DF0000870474553DD5FEA224950D4DCF80C5067
:105E00004D454CDD019D3FB209FB075717F808507F
:105E1000029F57F825502F0EFF2F45D05FFA87F9C4
:105E2000EFB31FFA89F86FEA090906EB46075FFA34
:105E300085FB14F807A05FFA89F91BFB08FB0AFB36
:105E400009BA1FFA8AFA0AF1010B0BEB1A2A4FEA78
:105E50002A2A04F807A02744C5F3072AC5F30745F3
:105E600097F801B01BFB09FB0AFB08BA1FFA8AFA74
:105E70000AF1010B0BEB1A2A4FEA2A2A87F801A034
:105E800097F802A01AFB09F905FB0895ADB205F1D8
:105E9000010909EB15294FEA292987F80290129D7B
:105EA000704401362A4460E706EB46074FEA15289E
:105EB000E55527442D0C87F80180BD70EFE7370AC0
:105EC00005F8036C360C05F8027C05F8016C44E714
:105ED00005B0BDE8F08F2DE9F74F119E0192706873
:105EE0009DF85450DDF850C01FFA85FEED43DCF8F4
:105EF0000080EDB2DDE9122400FB0424326804EBDB
:105F000044041444002903DC019A002A40F30D8163
:105F10000D9ABCF908A002F500400E9ABCF90C904D
:105F200002F50042002B0EDD061405D4564503DAB7
:105F3000161401D44E4507DB0F9E013B0334304459
:105F4000109E3244EEE760D05E1E0F9F07FB0607EF
:105F50003F1451D457454FDA109F07FB06263614DD
:105F60004AD44E4548DAE61C9946B9F1000F06F1CD
:105F7000030645DDBCF908B04FEA204A171409F1C1
:105F8000FF390BFB07A716F806BC1BFB05FB07EB4D
:105F9000470708EB070A18F8077007FB0EB7BFB2F0
:105FA00007F1010B0BEB172716F805BC1BFB05FBD4
:105FB0003F1206F8067C9AF8017007FB0EB7BFB2D5
:105FC00007F1010B0BEB17273F1206F8057C9AF837
:105FD000027016F804AC1AFB05FA07FB0EA7BFB255
:105FE00007F1010A0AEB17273F1206F8047C0F9FFE
:105FF0003844109F3A44B8E70027DE1B002E3FDCF0
:1060000023EAE37303EB43031C44002940F38D8030
:10601000B7EE007A0C9B30EE040A013970EEA40A48
:10602000F0EE626AC7EE007A31EE051AFEEEC86A3B
:10603000CDED0D6AF0EE436AFEEEC86ACDED0E6A54
:1060400020EEA77A61EE277A77EE622A37EEC33A1E
:10605000FEEEC82ABEEEC83A12EE902AF0EE472AAB
:1060600092FBF3F313EE102A0F930C9BB0EE673AFA
:1060700092FBF3F3019A10930C9B08BF134641E780
:106080005FEA20494BD4DCF808B0CB4547DD5FEA36
:10609000224A44D4DCF80C60564540DD0FFA8BF6FA
:1060A0000AFB069907EB470609EB490914F806B005
:1060B0001BFB05FB08EB090A18F8099009FB0EB950
:1060C0001FFA89F909F1010B0BEB19294FEA29296C
:1060D00004F8069026449AF8019096F801B01BFB4C
:1060E00005FB09FB0EB91FFA89F909F1010B0BEB4E
:1060F00019294FEA292986F801909AF8029096F812
:1061000002A01AFB05FA09FB0EA91FFA89F909F189
:10611000010A0AEB19294FEA292986F802900F9EF5
:1061200001373044109E324467E703B0BDE8F08F7A
:106130002DE9F74F119DF7EE006A01926868149FF0
:10614000DDE91224DDE90FEC00FB04242A68D7F80E
:10615000008004EB44041444002903DC019A002A63
:1061600040F3AF800D9AB7F908A002F500400E9AEF
:10617000B7F90C9002F50042002B0CDD051405D494
:10618000554503DA151401D44D4505DB70446244CE
:10619000013B0334F0E738D05D1E0EFB05063614D4
:1061A0002AD4564528DA0CFB05252D1424D44D4558
:1061B00022DAE61C9946B9F1000F06F103061FDD4D
:1061C000B7F908B04FEA204A15147044624409F147
:1061D000FF390BFB05A505EB450508EB050A18F88B
:1061E000055006F8065C9AF8015006F8055C9AF826
:1061F000025006F8045CDEE700269D1B002D38DC0B
:1062000023EAE37303EB43031C44002959DD30EE1A
:10621000040A0C9B70EEA40A0139B0EE626AC6EE65
:10622000807A31EE051ABEEEC86A8DED0D6AB0EEC9
:10623000436ABEEEC86A8DED0E6A20EEA77A61EE63
:10624000277A77EE622A37EEC33AFEEEC82ABEEE10
:10625000C83A12EE902AF0EE472A92FBF3FE13EEB4
:10626000102AB0EE673A92FBF3FC019A08BF13467E
:1062700072E75FEA204920D4D7F808B0CB451CDD8F
:106280005FEA224A19D4FD68554516DD0FFA8BF5F1
:106290000AFB059505EB450518F8059008EB050B7D
:1062A00006EB460504F8059025449BF8019085F817
:1062B00001909BF8029085F8029070446244013688
:1062C0009BE703B0BDE8F08F2DE9F04F85B0F7EE06
:1062D000006A139C02929DF85C2060680392DDF8CE
:1062E00058C0DDF844E0DDE9142500FB05252268EF
:1062F00005EB45051544DCF800200192002903DC7C
:10630000029A002A40F322810F9ABCF9088002F514
:106310000044109ABCF90C7002F50040002B0DDD12
:10632000221405D4424503DA021401D4BA4206DB32
:10633000129A7444013B03351044EFE772D05A1EA1
:106340000EFB0246361462D4464560DA129E06FB06
:10635000020212145BD4BA4259DAEF1C9946B9F121
:10636000000F5ADDBCF908802614021408FB0262F3
:10637000019E56F822605FEA166841D0039A5FFAE0
:1063800086FB02FB08F808F1010202EB282217F84D
:10639000038C12121FFA82FAD2431BFB0AFBD2B201
:1063A00008FB02B81FFA88F808F1010B0BEB18285C
:1063B000C6F3072BC6F307461BFB0AFB4FEA282848
:1063C00016FB0AFA17F8016C07F8038C17F8028C11
:1063D00006FB02AA08FB02B81FFA8AFA1FFA88F81D
:1063E0000AF1010608F1010B06EB1A2A0BEB18283B
:1063F0004FEA2A2A4FEA282807F801AC07F8028C4E
:10640000129A7444033709F1FF391044A7E74FF09B
:106410000008A3EB0802002A3BDC23EAE37303EB4A
:1064200043031D44002940F3918030EE040A0E9B83
:1064300070EEA40A0139B0EE626AC6EE807A31EEDF
:10644000051ABEEEC86A8DED0F6AB0EE436ABEEE65
:10645000C86A8DED106A20EEA77A61EE277A77EE92
:10646000622A37EEC33AFEEEC82ABEEEC83A12EEF2
:10647000902AF0EE472A92FBF3FE13EE102AB0EEBC
:10648000673A92FBF3F3029A12930E9B08BF1346EE
:1064900034E7271454D4DCF80860BE4250DD5FEACC
:1064A00020494DD4DCF80C204A4549DD36B2019A2A
:1064B00009FB067652F826703A0E41D0039E5FFA29
:1064C00087FB7243561C06EB222208EB4806121289
:1064D00015F806901FFA82FAD2431BFB0AFBD2B2D0
:1064E00009FB02B91FFA89F909F1010B0BEB192914
:1064F000C7F3072BC7F307471BFB0AFB4FEA292902
:1065000017FB0AFA05F806902E44B77896F8019022
:1065100007FB02AA09FB02B91FFA8AFA1FFA89F9D6
:106520000AF1010709F1010B07EB1A2A0BEB1929F4
:106530004FEA2A2A4FEA292986F802A086F8019014
:10654000129A744408F10108104462E705B0BDE8EE
:10655000F08F2DE9F74F119CF7EE006A0192606809
:10656000DDF850C0DDE9122500FB0525226805EBAA
:1065700045051544DCF800200092002903DC019A4F
:10658000002A40F32B810D9ABCF908E002F5004483
:106590000E9ABCF90C7002F50040002B0EDD22149F
:1065A00005D4724503DA021401D4BA4207DB0F9A0C
:1065B000013B03351444109A1044EEE76FD05A1E85
:1065C0000F9E06FB024636145ED476455CDA109EBA
:1065D00006FB0202121457D4BA4255DAEE1C9A4650
:1065E000BAF1000F56DDBCF908E0271402140EFBC7
:1065F0000272009F57F822705FEA176E3CD0BEF11E
:10660000FF0FC7F3074BC7F307295FFA8EF2FFB2FC
:1066100000F0DD801FFA82F8D24316F803EC17FB76
:1066200008F7D2B219FB08F90EFB02771BFB08F83A
:10663000BFB207F1010E0EEB17273F1206F8037CDD
:1066400016F8027C07FB02991FFA89F909F1010784
:1066500007EB192916F8017C07FB02884FEA292964
:106660001FFA88F806F8029C08F1010202EB1828CC
:106670004FEA282806F8018C0F9A03360AF1FF3AF0
:106680001444109A1044ABE74FF0000EA3EB0E0237
:10669000002A3DDC23EAE37303EB43031D44002996
:1066A00040F39C8030EE040A0C9B70EEA40A013982
:1066B000B0EE626AC6EE807A31EE051ABEEEC86AA6
:1066C0008DED0D6AB0EE436ABEEEC86A8DED0E6ABE
:1066D00020EEA77A61EE277A77EE622A37EEC33A88
:1066E000FEEEC82ABEEEC83A12EE902AF0EE472A15
:1066F00092FBF3F313EE102A0F930C9BB0EE673A64
:1067000092FBF3F3019A10930C9B08BF134634E7F6
:1067100027144DD4DCF80860BE4249DD5FEA20480A
:1067200046D4DCF80C20424542DD36B2009A08FB24
:10673000067652F826703A0E3AD0FF2AD6B2C7F340
:10674000074BC7F3072A4FEA4E02FFB237D01FFAB2
:1067500086F97244F64315F8028017FB09F71AFB15
:1067600009FAF6B21BFB09F908FB0677BFB207F17D
:10677000010808EB17273F12AF542A44577807FB4C
:1067800006AA1FFA8AFA0AF1010707EB1A2A977874
:1067900007FB06994FEA2A2A1FFA89F982F801A015
:1067A00009F1010606EB19294FEA292982F802901E
:1067B0000F9A0EF1010E1444109A104466E77244C9
:1067C000AF542A4482F801A082F802B0F0E706F83C
:1067D000037C06F8029C06F801BC4DE703B0BDE857
:1067E000F08F00002DE9F04F87B0F7EE006A159C9E
:1067F00004929DF8642060680592DDF860C0DDF8C1
:106800004CE00191DDE9162500FB0525226805EB2A
:1068100045051544DCF80820013222F001020292FD
:10682000DCF800200392019A002A03DC049A002A73
:1068300040F33581119ABCF9088002F50044129AA0
:10684000BCF90C7002F50040002B0DDD221405D4BC
:10685000424503DA021401D4BA4206DB149A7444A6
:10686000013B03351044EFE777D05A1E0EFB02467A
:10687000361469D4464567DA149E06FB02021214E8
:1068800062D4BA4260DAEE1C9946B9F1000F5FDDBE
:1068900022140299071401FB072703997A088A5CDE
:1068A000F90754BF02F00F02121102EB0212D2B22A
:1068B000002A42D07B490F6805995FFA87FB4A435B
:1068C00002F1010808EB222216F8038C12121FFABB
:1068D00082FAD2431BFB0AFBD2B208FB02B81FFAB2
:1068E00088F808F1010B0BEB1828C7F3072BC7F347
:1068F00007471BFB0AFB4FEA282817FB0AFA16F882
:10690000017C06F8038C16F8028C07FB02AA08FB30
:1069100002B81FFA8AFA1FFA88F80AF1010708F18B
:10692000010B07EB1A2A0BEB18284FEA2A2A4FEA29
:10693000282806F801AC06F8028C149A7444033631
:1069400009F1FF391044A0E70027DA1B002A3EDCDA
:1069500023EAE37303EB43031D44019B002B40F345
:106960009E8030EE040A109B70EEA40AB0EE626ABC
:10697000C6EE807A31EE051ABEEEC86A8DED116A58
:10698000B0EE436ABEEEC86A8DED126A20EEA77AB9
:1069900061EE277A77EE622A37EEC33AFEEEC82A16
:1069A000BEEEC83A12EE902AF0EE472A92FBF3FEB2
:1069B00013EE102AB0EE673A92FBF3F31493019BA7
:1069C000049A013B0193109B08BF13462BE7261442
:1069D00060D4DCF80820B2425CDD5FEA204859D47C
:1069E000DCF80C20424555DD029A039908FB02664B
:1069F0007208F6078A5C54BF02F00F02121102EB14
:106A00000212D2B2002A45D02649D1F80080059959
:106A10005FFA88FB4A43561C06EB222207EB470627
:106A2000121215F806901FFA82FAD2431BFB0AFBDA
:106A3000D2B209FB02B91FFA89F909F1010B0BEB7C
:106A40001929C8F3072BC8F307481BFB0AFB4FEAB9
:106A5000292918FB0AFA05F806902E4496F80280B8
:106A600096F8019008FB02AA09FB02B91FFA8AFAFC
:106A70001FFA89F90AF1010809F1010B08EB1A2A3A
:106A80000BEB19294FEA2A2A4FEA292986F802A096
:106A900086F80190149A74440137104455E707B002
:106AA000BDE8F08F845102242DE9F04F85B0F7EE58
:106AB000006A139C03926068DDF858C00091DDE91C
:106AC000142600FB0626226806EB46061644DCF870
:106AD0000820013222F001020192DCF8002002922B
:106AE000009A002A03DC039A002A40F340810F9A9F
:106AF000BCF908E002F50045109ABCF90C7002F5EB
:106B00000044002B0EDD2A1405D4724503DA22144A
:106B100001D4BA4207DB119A013B03361544129A9D
:106B20001444EEE772D05A1E119800FB0250001474
:106B300063D4704561DA129800FB024212145CD4EF
:106B4000BA425ADAF01C9A46BAF1000F59DD2A14FB
:106B50000199271401FB072702997A088A5CF90733
:106B600054BF02F00F02121102EB0212D2B2002A3D
:106B70003BD08049FF2A0F68C7F3074BC7F30729AB
:106B8000FFB200F0ED801FFA82F8D24310F803EC58
:106B900017FB08F7D2B219FB08F90EFB02771BFBB3
:106BA00008F8BFB207F1010E0EEB17273F1200F8ED
:106BB000037C10F8027C07FB02991FFA89F909F19E
:106BC000010707EB192910F8017C07FB02884FEA3F
:106BD00029291FFA88F800F8029C08F1010202EB4B
:106BE00018284FEA282800F8018C119A03300AF17E
:106BF000FF3A1544129A1444A6E70027DA1B002A2C
:106C000040DC23EAE37303EB43031E44009B002BA9
:106C100040F3AD8030EE040A0E9B70EEA40AB0EE95
:106C2000626AC6EE807A31EE051ABEEEC86A8DED54
:106C30000F6AB0EE436ABEEEC86A8DED106A20EEB0
:106C4000A77A61EE277A77EE622A37EEC33AFEEE34
:106C5000C82ABEEEC83A12EE902AF0EE472A92FBFE
:106C6000F3F313EE102A11930E9BB0EE673A92FBEA
:106C7000F3F31293009B039A013B00930E9B08BF12
:106C800013462DE728145CD4DCF80820824258DD36
:106C90005FEA244E55D4DCF80C20724551DD019A90
:106CA00002990EFB02004208C0078A5C54BF02F042
:106CB0000F02121102EB0212D2B2002A41D02D496A
:106CC000FF2A0868C0F3074BC0F3072A5FFA80FE6B
:106CD0004FEA47003BD01FFA82F93844D24316F8F6
:106CE00000801EFB09FE1AFB09FAD2B21BFB09F950
:106CF00008FB02EE1FFA8EFE0EF1010808EB1E2EB5
:106D00004FEA2E2E06F800E0304490F801E00EFB2A
:106D100002AA1FFA8AFA0AF1010E0EEB1A2A90F85B
:106D200002E00EFB02994FEA2A2A1FFA89F980F83D
:106D300001A009F1010202EB19294FEA292980F883
:106D40000290119A01371544129A144456E73844B8
:106D500006F800E0304480F801A080F802B0F0E7C7
:106D600000F8037C00F8029C00F801BC3DE705B088
:106D7000BDE8F08F84510224704770477047704718
:106D8000704770477047704770477047704770474B
:106D9000704770477047704770477047704770473B
:106DA000704770477047704770470000F0B506465F
:106DB00087B015461F4653B3B1F90430002B26DDCA
:106DC000B1F90630002B22DD086804AA49681B4C83
:106DD00003C204A8FAF7F2FD20680368DB6B98474A
:106DE000FF2F16D010F0080F206815D0002401687E
:106DF000BDF81230BDF81020CDE90274BDF8164080
:106E00000194BDF8144000944C6E2946A04707B089
:106E1000F0BD10F0020FE7E70368DB6A9847084B04
:106E2000014630461A883368CDE900575D6A04ABE5
:106E3000A847206803681B6B9847E8E77451022451
:106E40006E5102242DE9F0438BB00D4616469DF895
:106E50004880B8F1000F47D0106806AC5168514F18
:106E600003C4186808AC596803C406A8FAF7A6FD5D
:106E7000314608A8FAF7CAFDBDF92020BDF9223035
:106E8000BDF81C10386811FB0321BDF92460BDF961
:106E9000264001EB41010D44BDF818100A44ADF83D
:106EA0002020BDF81A201344ADF822300368DB6BB4
:106EB0009847B8F1FF0F1AD010F0040F386819D0B6
:106EC00000210768A4B2CDF80C80B6B2BDF822301C
:106ED00001940096BDF82020CDE90411BDF81C10E6
:106EE00002912946BC6CA0470BB0BDE8F08310F0BE
:106EF000010FE3E70368DB6A98472B4ABDF92210CC
:106F0000B8F1FF0F1388BDF920C003FB04F403FBA5
:106F100001C104EB440401EB4101084406EB4601C6
:106F200004442ED0BDF91C209B1BC8F1FF0C961BFE
:106F300003EB430306EB4606A0422DD200EB010E05
:106F4000704510D290F8009015F8012B19FB0CF940
:106F500002FB089292B202F1010909EB122212120D
:106F600000F8012BECE718443544E5E713889B1B38
:106F700003EB43031844BDF91C309B1B03EB430395
:106F80001D44A04208D200EB010C6045EED215F87A
:106F9000013B00F8013BF8E7386803681B6B984732
:106FA000A2E700BF745102246E510224F0B5002301
:106FB00085B00093414B1B78002B36D1404AB2F983
:106FC0000020ADF80420002B31D13E4BB3F9003046
:106FD00002AC0868ADF8063002AB49683A4D03C30D
:106FE00069462046FAF712FD6846FAF7E7FCBDF855
:106FF0000830BDF800202E4628681344BDF8022052
:10700000ADF80830BDF80A301344ADF80A30036813
:10701000DB6B984710F0010F0BD02868036894E8E9
:1070200006001B6E984705B0F0BD264AC7E7244B03
:10703000CCE73068BDF90E700368BDF90C505B6B8E
:107040009847BDF90830BDF80A20BDF8044014FB8C
:10705000023404EB4404044430680368DB6A984754
:107060001749BDF90A200B88BDF908C003FB02C20D
:107070007B4305EB450702EB420203EB430310445D
:10708000C218904214D200EB070C604504D214F8E9
:10709000013B00F8013BF8E70B885B1B03EB430364
:1070A0001844BDF904305B1B03EB43031C44E8E7C1
:1070B000306803681B6B9847B5E700BF6C5102242A
:1070C0006E51022470510224745102242DE9F04FB4
:1070D0008FB01C4603929DF86420189B2068009195
:1070E00004920AAA616803C218680CAA596803C20C
:1070F0000AA8FAF763FC21460CA8FAF787FCBDF949
:107100002C60BDF92E50B6F5806FBDF83000DBBFA6
:10711000B3B24FF48062012392FBF3F3BDF9322046
:107120001D4492FBF3F11FFA81FC013D0CFB13247B
:10713000614614FB06F4044495FBF3F5A4B231B1A7
:10714000039B009953F82C301BBA19440091BDF8E9
:107150002830ADB2BDF936601844BDF82A30AD0014
:107160001A44BDF93430ADF830000193794BADF8D5
:10717000322018680368DB6A9847774ABDF93210F5
:10718000002C1388BDF930C0099203FB01C106FB36
:1071900003F318BF002601EB410103EB430308444E
:1071A0000344069305F104030593019B08BF1E46A3
:1071B0000023B6B20293069A904280F0C28063B96F
:1071C000009B1A78930902F03F0202925A1E022A8B
:1071D00015D8009A9BB201320092B4B19C4291BF83
:1071E0001C1BE41A35464FF0000E9BBF1FFA84FEAD
:1071F000BDF80450A4B2002473462E46DBE7009A83
:10720000009B02325B780092E7E7042205999E42D8
:107210001546029A94BFA3EB060EA64615FB021272
:1072200003998CBFF51A1FFA8EFE51F802C09ABF5F
:1072300025463246ADB24FEA1C6188BF1A4679B185
:10724000FF295FFA8CF9CCF30728CCF3074C26D141
:10725000049FFF2F23D1824611460AF1030AA9B9E0
:1072600002EB42029E421044C6D8BDF80450BDF85D
:107270002C40099B641B019A1B88A4B29B1A002C0A
:1072800003EB430318BF00251844B5E701390AF89A
:10729000039C0AF8028C0AF801CC89B2DDE7049F4E
:1072A00007FB01FA0AF1010101EB2A2109126FEA39
:1072B000010A89B219FB01F95FFA8AFA18FB01F891
:1072C0001CFB01F11FFA89F784469146079789B2A2
:1072D0001FFA88F708970CF1030CB9F1000FBFD023
:1072E0001CF8038C09F1FF39079F1FFA89F908FB85
:1072F0000A78089F1FFA88F808F1010B0BEB182891
:107300004FEA28280CF8038C1CF8028C08FB0A783A
:107310001FFA88F808F1010B0BEB18284FEA282810
:107320000CF8028C1CF8018C08FB0A181FFA88F86C
:1073300008F1010B0BEB18284FEA28280CF8018CF8
:10734000C9E7044B186803681B6B98470FB0BDE88A
:10735000F08F00BF745102246E5102242DE9F04FCA
:1073600089B007468946924608AC1E4624F80C3D73
:107370002046FDF777FF3B6805462046D3F8188086
:10738000FDF708FF83462046FDF738FF53464A467F
:1073900039460095CDE901B006A8C04706A9304698
:1073A000FDF7DCFD284609B0BDE8F08F10B50446B6
:1073B0006C2108F060FC204610BD10B50446042185
:1073C00008F059FC204610BD10B50446042108F011
:1073D00052FC204610BD10B5044640F6440108F0AA
:1073E0004AFC204610BD10B504464FF4827108F0E7
:1073F00042FC204610BD10B50446042108F03BFCB9
:10740000204610BD10B50446042108F034FC204687
:1074100010BD10B50446042108F02DFC204610BD17
:1074200010B50446042108F026FC204610BD10B516
:107430000446042108F01FFC204610BD10B5044688
:10744000042108F018FC204610BD10B504460421A4
:1074500008F011FC204610BD10B50446042108F0C8
:107460000AFC204610BD10B50446042108F003FCB8
:10747000204610BD10B50446042108F0FCFB204650
:1074800010BD10B50446042108F0F5FB204610BDE0
:1074900010B50446042108F0EEFB204610BD10B5DF
:1074A0000446042108F0E7FB204610BD10B5044651
:1074B000042108F0E0FB204610BD10B5044604216D
:1074C00008F0D9FB204610BD10B50446042108F091
:1074D000D2FB204610BD10B50446042108F0CBFBBA
:1074E000204610BD10B50446042108F0C4FB204618
:1074F00010BD10B50446042108F0BDFB204610BDA8
:1075000010B50446042108F0B6FB204610BD00006B
:107510002DE9F04F8FB01C460E4606929DF8642070
:10752000189B0292002A00F0288120680AAA61684C
:1075300003C218680CAA596803C20AA8FAF73EFAEF
:1075400021460CA8FAF762FABDF92C70BDF92E504D
:10755000B7F5806FBDF83000DBBFBBB24FF480627F
:10756000012392FBF3F3BDF932201D4492FBF3F1AA
:107570001FFA81FC013D0CFB1324614614FB07F448
:10758000044495FBF3F5A4B221B1069B53F82C30CB
:107590001BBA1E44BDF82830ADB2BDF93480184482
:1075A000BDF82A30BDF93670AD001A44744BADF801
:1075B00030001868ADF832200368DB6A9847714ADA
:1075C000BDF93210002C1388BDF930C0099203FBBD
:1075D00001C1BDF8082003FB07F301EB4101049250
:1075E00003EB4303029A0844C2F1FF02034492B240
:1075F000079305F104030CBF4546002508930023BB
:10760000ADB205920393079A824240F2B1805BB912
:107610003278930902F03F0203925A1E022A8DBF6C
:10762000737801369BB2023684B19C4291BF1C1B19
:10763000E41A29464FF0000E9BBF1FFA84FE002477
:10764000A4B21FFA88F173460D46DCE703220899BD
:10765000AB421746039A24BFA3EB050E019517FB17
:107660000217069A34BFE91A1FFA8EFE1744029ACF
:107670002FBF214689B20193A646FF2A1ED181461B
:10768000DDF804C009F10309BCF1000F5FD1019AD4
:10769000AB4202EB42021044D5D31FFA88F1BDF889
:1076A0002C40099B641A1B88A4B2A3EB0803002C8E
:1076B00003EB430318BF00211844C4E78446DDF8F8
:1076C00004A00CF1030CBAF1000FE0D01CF803BCCD
:1076D0000AF1FF3A059A97F800901FFA8AFA1BFB05
:1076E00002FB049A09FB02B9059A1FFA89F909F10C
:1076F000010B0BEB19291CF802BC1BFB02FB4FEA28
:107700002929049A0CF8039C97F8019009FB02B907
:10771000059A1FFA89F909F1010B0BEB19291CF8DD
:1077200001BC1BFB02FB4FEA2929049A0CF8029CBE
:1077300097F8029009FB02B91FFA89F909F1010BC8
:107740000BEB19294FEA29290CF8019CB9E797F8A6
:1077500000A00CF1FF3C09F803AC1FFA8CFC97F871
:1077600001A009F802AC97F802A009F801AC89E77A
:10777000034B186803681B6B98470FB0BDE8F08F88
:10778000745102246E5102242DE9F04F9BB01D4626
:107790000446249BCDE910129DF894200892002AFB
:1077A00000F0F381286816AA696803C2186818AA4D
:1077B000596803C216A8FAF701F9294618A8FAF77A
:1077C00025F9BDF95C30BDF95E60B3F5806FBDF998
:1077D0006650DBBF9AB24FF480614FF0010A91FB13
:1077E000F2FABDF962205644BDF86010013E92FBEA
:1077F000FAF080B200FB1A280E9018FB03F8BDF8CF
:10780000583088441944BDF85A30ADF860101FFA5A
:1078100088F81A44BDF9643003939C4BADF862209C
:1078200018680368DB6A9847994BBDF96210B8F194
:10783000000F1A88BDF9607002FB05F502FB0171AB
:1078400005EB4505149301EB4101089B96FBFAF605
:10785000084406F10106C3F1FF034FF0000100EBFD
:107860000502B6B29BB20B910992119A0D9302EBED
:107870008606884B06F10402A3EB04030592039AE3
:1078800018BF0022159392B20E990B9B11FA83F345
:10789000119901EB830304330693099B834240F261
:1078A0006F81BDF85C304FF00009069DB8FBF3F323
:1078B000AAEB03032D789BB20F9501351293069B1B
:1078C000049559789B781B0243EA01430699C978CD
:1078D0000B43109919444D1C497802950902109DDB
:1078E00001F4FF71EB5C19438BB284F804180A931E
:1078F000002307930123CDE900339C46BDF82030D7
:107900000C93B8F1000F00F08280C44570D2099B3F
:10791000A8EB0C08114683421FFA88F802D874E0DD
:10792000002B5FD1029B019A5B78C2F10702019D97
:1079300093405B0003F4FF72029B1B782B41DBB288
:1079400013432A4601329EB2D2B2082A0192029A09
:1079500009BF023201320292002214BF0292019248
:107960000F9AB24209D384F804380123049AB2F57D
:10797000007F0ED30093002535E0049B9E4218D370
:10798000009B94F80428E31883F80428009B013333
:107990009BB2049A94F8045804EB8202009F15717C
:1079A00001370A9D5771D580049A013292B2049230
:1079B000E0E704EB860332465B7903F604052544D1
:1079C000159F07EB050CBCF1000F07DD04EB8202ED
:1079D00092F804C005F801CDD288F1E784F80428B4
:1079E0009BB2C3E70A9E0A460A96A9469C4688E7C8
:1079F000ACEB080309EB0805BDF80C109BB2ADB267
:107A00004FF00008099A82428AD80A4645E7944511
:107A1000089D864627BFACEB02031646A2EB0C017D
:107A2000664627BF9BB2414689B24346FF2D09EB0C
:107A30000605ADB230D1A9450EF1030E7AD106EBA1
:107A4000460694453044DBD3149A03991288521A9F
:107A5000129902EB42021044079A01328A420792BD
:107A600040F08180BDF86080BDF858C0039BA8EB52
:107A70000C081FFA88F8B8F1000F08BF1A460B9BD4
:107A800018BF0022013392B20B93FDE67451022419
:107A90006E510224FBF7FFFFA9450EF1030ECED075
:107AA00009F10107A1441EF803BC99F80488139753
:107AB00008EB4808059F07EB080917F808800D9F99
:107AC0001BFB07FB0C9F08FB07B80D9F1FFA88F8EC
:107AD00008F1010B0BEB18281EF802BC1BFB07FB7F
:107AE0004FEA28280C9F0EF8038C99F8018008FBB8
:107AF00007B80D9F1FFA88F808F1010B0BEB182847
:107B00004FEA28280EF8028C99F802801EF8019C92
:107B100019FB07F90C9F08FB07981FFA88F808F172
:107B2000010909EB1828BDF84C904FEA28280EF8F7
:107B3000018CB1E709F1010BA144059F99F8048874
:107B400008EB480807EB080917F808800EF8038CC3
:107B500099F801800EF8028C99F802801FFA8BF9CF
:107B60000EF8018C67E7BDF80C10BDF85C80A8EB3F
:107B700001081FFA88F8B8F1000F18BF002141E78B
:107B8000034B186803681B6B98471BB0BDE8F08F68
:107B9000745102242DE9F04F9DB01D460446269BEA
:107BA000CDE90F129DF89C200C92002A00F0DE8196
:107BB000286818AA696803C218681AAA596803C213
:107BC00018A8F9F7FBFE29461AA8F9F71FFFBDF917
:107BD0006430BDF96670B3F5806FBDF96E60DBBFD0
:107BE0009AB24FF48061012291FBF2F20192019866
:107BF000BDF96A20019992FBF0F080B20F440D901C
:107C0000013F01980D9D05FB102597FBF1F715FB32
:107C100003F5BDF86810BDF8603001370D44194414
:107C2000BDF86230BFB21A44BDF96C30ADF86810CF
:107C3000BF000493ADB2B04BADF86A20186803687A
:107C4000DB6A9847AD4BBDF96A10002D1A88BDF963
:107C500068C002FB06F602FB01C106EB460616935E
:107C600001EB4101A64B00EB010818BF0021A3EB7B
:107C7000040308EB06021793089207F1040211921D
:107C8000049A08BF1146002289B20B920D9A0B9BF1
:107C900012FA83F3109A02EB830304330693089BD2
:107CA000434540F25E81BDF864304FF0010B019A0C
:107CB00006985E46CDF808B00078B5FBF3F3D31A0A
:107CC0000E9001309BB205901293069B5A789B78D8
:107CD0001B0243EA0243069AD27813430F9A1A44CE
:107CE000501C5278039012020F9802F4FF72C35C8A
:107CF0001A4393B284F804280A9300231A46079380
:107D0000002D7CD0AE426CD2089BAD1B084643458B
:107D1000ADB202D871E0002B5DD1039B029A5B7873
:107D2000C2F10702029993405B0003F4FF72039BC8
:107D30001B780B410131C9B2DBB2082902910399CA
:107D400043EA02030CBF023101319AB205BF03912D
:107D50000021039102910E9991420AD384F80438CC
:107D600001230599B1F5007F0FD39B464FF0000C1E
:107D700032E0059B9A4218D304EB0B0394F80418E5
:107D800083F804180BF101039BB2059994F8046879
:107D900004EB81010E710A9ECE800BF101064E713B
:107DA0000599013189B20591DFE704EB82031146A1
:107DB0005B7903F604062644179F3744002F06DD3F
:107DC00004EB81010F7906F8017DC988F4E784F896
:107DD00004189BB2C5E70A9A0A92014662461E46FB
:107DE0008EE7731B02EB050CBDF810009BB21FFA67
:107DF0008CFC0025089A42458DD801464FE78E42FB
:107E00002BBF8E46B646731A881B02EB0E0C2BBF97
:107E100028462B469BB280B208F103051FFA8CFC62
:107E200062456FD0571C2244BFB292F804281397C2
:107E30000427B946119F19FB0272109FBF583A0ED2
:107E4000099216D0C7F307295FFA87FAC7F30747E5
:107E50005FFA89F21492FAB21592099AFF2A0BD1AD
:107E60000C9AFF2A08D105F803AC05F8029C05F826
:107E7000017C0335139AD3E7099F0C9A7A43571C68
:107E800007EB222215F8037C12121FFA82F9D24363
:107E90001AFB09FAD2B207FB02A70992BFB2149AE1
:107EA00007F1010A0AEB172712FB09FA099A3F1298
:107EB00005F8037C15F8027C07FB02AA159A12FB51
:107EC00009F91FFA8AFA099A0AF1010707EB1A2A37
:107ED00015F8017C07FB02994FEA2A2A1FFA89F953
:107EE00005F802AC09F1010202EB19294FEA292930
:107EF00005F8019CBDE700BF745102246E510224B5
:107F0000FBF7FFFF0EEB4E0E8E42F044FFF471AF15
:107F1000169A04991288521A129902EB420290445E
:107F2000079A01328A42079211D1BDF86850BDF814
:107F300060C0049BA5EB0C05ADB2002D08BF19462F
:107F40000B9B18BF0021013389B20B939EE6BDF84D
:107F50001000BDF864502D1AADB2002D18BF0020DE
:107F600048E7044B186803681B6B98471DB0BDE8D1
:107F7000F08F00BF745102242DE9F04F8FB01646E8
:107F800081460D469DF860200592002A00F0A882E7
:107F900030680AAC716803C418680CAC596803C433
:107FA0000AA8F9F70BFD31460CA8F9F72FFDBDF92A
:107FB0002C20B2F5806FDBBF93B24FF480610123B8
:107FC00091FBF3F3009305F1080300990693BDF9C3
:107FD0002E300B44013B93FBF1F3013B06999BB21E
:107FE00001EB830300990793BDF9323093FBF1F065
:107FF00084B2BDF8301080B20294029D009C05FB53
:10800000143515FB02F50D44ADB2002871D0421EA7
:10801000069850F82280079A98FA88F89044BDF89C
:108020002820BDF936401144BDF82A20DFF848B3B6
:108030001344ADF83010ADF83230BDF9343001934F
:10804000CB4B18680368DB6A9847CA4BBDF93020F0
:108050001B88BDF9327003FB07274FF4807263431E
:10806000002407EB470703EB430321460744FB18B3
:108070000993BDF92C3095FBF3F3049309F1040344
:108080001846089308F00CFC099BBB4240F223827F
:1080900003204FF0070C4FF00B0E002D00F03C8139
:1080A00098F80030DBB2FE2B26D198F8011008F1C9
:1080B000040698F80220013DC9B298F80380D2B2B4
:1080C00061F307045FFA88F8ADB262F30F2402EBA4
:1080D000820210FB082268F317441CFB0122230EC6
:1080E0001EFB032303F03F0309EB83035C60B046F0
:1080F000D3E7DDF81C8092E7FF2B27D198F8012009
:1081000008F1050698F80230013DD2B298F8031044
:10811000DBB298F8048062F30704C9B25FFA88F80A
:1081200063F30F2403EB8303ADB210FB013361F360
:1081300017441CFB023368F31F641EFB083808F069
:108140003F0809EB8808C8F80440D0E79A1108F105
:10815000010607D103F03F0309EB83035C68013D8F
:10816000ADB2C4E7012A29D103F00302A11E1144D4
:10817000C3F38102C3F30113C9B2023A023B61F3B4
:10818000070402EB142202F0FF0262F30F2402EB59
:10819000820203EB144303F0FF0310FB032263F39B
:1081A00017441CFB01224FEA14681EFB082808F044
:1081B0003F0809EB8808C8F80440D0E7022A03F01A
:1081C0003F032ED198F80120A3F1200A08F10206FE
:1081D000D2B202F00F0112110839083A5144924408
:1081E0002144C9B261F30704C4F30728A8F12008A9
:1081F0004344DBB263F30F2403EB83030AEB144A1B
:108200000AF0FF0A10FB0A336AF317441CFB013320
:10821000220E1EFB023202F03F0209EB8202546082
:108220009DE70133AB4259DD5D1B002D58DCDDF8C5
:1082300004A04FF00008BAF1000F40F30881731C4E
:1082400003933378DBB2FE2B6AD17178331DB27899
:10825000C9B2F078D2B2039361F30704C0B203232A
:1082600062F30F2402EB820213FB002260F3174437
:108270000723250E13FB01210B2313FB051303F02A
:108280003F0309EB83035C6001252E4606EB0803E0
:10829000AAEB060AAD1B402B16DD58464FEA8801B3
:1082A000EAF748FE5946059B4246384608EB48081F
:1082B000EAF7A8FE304B47444FF000089B450CBF3F
:1082C000DFF8B8B0DFF8B0B00BEB88023346013B03
:1082D00042F8044BFBD1B044039EACE7ED1A3FE7F4
:1082E000019BAB42A8BF2B469846019BA3EB080A13
:1082F000230EA5EB08050BD0059A4146384653439B
:108300005A1C02EB23232246C3F30723EAF72CFE71
:1083100008EB480847448CE7DDF804A0464688E7A8
:10832000FF2B1DD17078731DB278C0B2F578D2B230
:10833000039360F307043379EDB2D9B262F30F24EB
:10834000032302EB820265F3174413FB0522072384
:1083500061F31F6413FB00200B2313FB01038EE763
:108360009D110DD103F03F0309EB83035C688BE79C
:10837000745102246E510224409700244098002436
:10838000012D2AD103F00302A11E03261144C3F3D9
:108390008102C3F30113C9B2023A023B61F307043D
:1083A00002EB142202F0FF0262F30F2402EB8202BE
:1083B00003EB144303F0FF0316FB032263F317449C
:1083C0000723200E13FB01210B2313FB001303F0E3
:1083D0003F0309EB83035C6057E7022D03F03F0383
:1083E0002FD1B21CA3F1200003927278D2B202F016
:1083F0000F0112110839083A014402442144C9B25C
:1084000061F30704C4F30725203D2B440325DBB2A9
:1084100063F30F2403EB830302EB144202F0FF0229
:1084200015FB023362F317440722200E12FB0132C0
:108430000B2111FB002101F03F0109EB81014C6090
:1084400022E75D1C5646AA45A8BF2E461EE7B8F196
:10845000000F0DD04FEA88015846EAF76BFD4246FF
:1084600008EB48083846059B59464744EAF7CAFDD9
:108470001D4B019A1B889B1A03EB43031F44049B6B
:1084800001330493049A009B93421DD1029B002464
:10849000029A03F10108069BBDF83050214653F8BB
:1084A00022604FF48072079B36BA08981E44BDF8CC
:1084B0002830ED1A08F0F4F9CDF80880ADB2049434
:1084C000EAF72EFDB046DFE5BDF82C30019A9B1A85
:1084D0005D1BADB2F4E7054B186803681B6B98474A
:1084E0000FB0BDE8F08F00BF6E510224745102241A
:1084F0002DE9F04F93B00D4616469DF870B00090F0
:10850000BBF1000F00F0AC8210680EAC516803C4E0
:10851000186810AC596803C40EA8F9F74FFA314631
:1085200010A8F9F773FABDF93C20B2F5806FDBBFF4
:1085300093B24FF48061012391FBF3F3019305F1B2
:10854000080301990593BDF93E300B44013B93FBB1
:10855000F1F3013B05999BB201EB8303019906936B
:10856000BDF9423093FBF1F084B2BDF840100394A2
:10857000039D019C05FB143717FB02F70F44BFB2A4
:10858000002D6BD06A1E059850F82290069A99FA31
:1085900089F99144BDF83820BDF946501144BDF821
:1085A0003A20DFF85CA31344ADF84010ADF8423038
:1085B000BDF944300293D04B18680368DB6A9847D2
:1085C000CE4BBDF940201B88BDF9424003FB04247B
:1085D0004FF480726B43002504EB440403EB430328
:1085E00029460444E3180D93BDF93C3097FBF3F39F
:1085F0000493009B04331846099308F051F90D9B2E
:10860000A34240F2288203200726002F00F0CB80EF
:1086100099F80030DBB2FE2B23D199F80130013FED
:1086200099F8022009F10408DBB299F80310D2B2DC
:1086300063F30705C9B2BFB262F30F2502EB8202F2
:1086400010FB012261F3174516FB0323009A03F088
:108650003F0302EB83035D60C146D6E7DDF8189067
:1086600098E79A1109F1010808D103F03F03009A35
:1086700002EB83035D68013FBFB2EDE7012A25D11C
:1086800003F00301AA1E0A44C3F38101C3F30113DB
:10869000D2B20239023B62F3070501EB152101F06A
:1086A000FF0161F30F2501EB810103EB154303F09B
:1086B000FF0310FB031163F31745009B16FB021227
:1086C00002F03F0203EB82025560D4E7022A03F076
:1086D0003F032CD199F80120A3F1200C09F10208E5
:1086E000D2B202F00F0112110839083A61449444E1
:1086F0002944C9B261F30705C5F3072EAEF1200E78
:108700007344DBB263F30F2503EB83030CEB154CCF
:108710000CF0FF0C10FB0C336CF3174516FB01310A
:10872000009B01F03F0103EB81014D60A3E70133A2
:10873000BB4223DDA3EB0709B9F1000F20DC029E49
:108740000027002E40F3428108F10103079398F8B7
:108750000030DBB29A112AD103F03F03009ABBF13B
:10876000FF0F02EB83035D6840F01F81C5F3072311
:1087700025706370C5F30743A3704EE0FF1A7BE7D3
:10878000029B20462A464B45A8BF4B461F46029BEC
:108790003946DE1BA9EB070907EB47075B46EAF7FB
:1087A000E3FB3C44CCE7C846029EB946C8E7012A31
:1087B00036D103F00301A81EBBF1FF0F0844C3F339
:1087C0008101C3F30113C0B2A1F10201A3F10203BD
:1087D00060F3070501EB152101F0FF0161F30F259F
:1087E00001EB810C03EB154303F0FF084FF003038B
:1087F00013FB08CE4FF0070C009B68F317451CFBDA
:1088000000EC0CF03F0C03EB8C0CCCF8045040F067
:10881000CD802070617084F80280013E0334C1E095
:10882000022A3DD198F8011003F03F0308F102023B
:10883000BBF1FF0FC9B2A3F1200C079201F00F00AA
:10884000A0F1080060442844C0B260F30705C5F3F6
:108850000722A2F1200213444FEA2112DBB2A2F157
:10886000080263F30F25624403EB83014FF0030C0E
:1088700002EB154202F0FF021CFB021C4FF0070145
:1088800062F3174511FB00C101F03F0C009901EBA9
:108890008C014D6040F0898020706370A270BCE74D
:1088A000FE2B2FD198F8010008F1040398F802205C
:1088B0004FF0030C98F80310C0B2D2B20793C9B2BC
:1088C00060F3070502EB8203BBF1FF0F62F30F2594
:1088D0001CFB013C4FF0070361F3174513FB00C37A
:1088E00003F03F0C009B03EB8C035D605DD12070B7
:1088F0006270A17091E700BF745102246E5102248E
:108900004097002403F03F035A1C4BB9BBF1FF0F03
:108910004CD1C5F30722C5F30743257062702BE7DE
:108920009642B046A8BF904608EB4803BBF1FF0F44
:10893000A6EB0806A2EB08090893EBB20C93C5F36B
:1089400007230B93C5F307430A93089B30D0FB180A
:10895000C02B15DD504607EB4701EAF7EBFA03227F
:1089600051465B4620463C4497FBF2F2EAF726FB71
:108970003D4B00279A450CBFDFF8F8A0DFF8E8A0D0
:108980000AEB07030C9AB8F1010803F1030303F89B
:10899000032C0B9A03F8022C0A9A03F8012CF1D14C
:1089A000089B1F44DDF81C80CBE601229046BBE704
:1089B0002344A342F6D90C9A033404F8032C0B9AEF
:1089C00004F8022C0A9A04F8012CF2E7BBF1FF0F1D
:1089D0000ED06FB107EB47015046EAF7ABFA03221E
:1089E00020463C445B46514697FBF2F2EAF7E6FA32
:1089F0001E4B029A1B889B1A03EB43031C44049BE7
:108A000001330493049A019B93421CD1039B0025DC
:108A1000039A5E1C059BBDF84070294653F82280DE
:108A20004FF48072069B98FA88F809989844BDF82C
:108A30003830FF1A07F034FFBFB2CDE90365EAF71B
:108A40006FFAC146DBE5BDF83C70029BFF1AA7EB4D
:108A50000907BFB2F3E7064B186803681B6B98471A
:108A600013B0BDE8F08F00BF409700246E51022480
:108A700074510224409800242DE9F0419DF81C0017
:108A8000069C00286ED0B3F90450002D6ADDB3F9BE
:108A900006C0BCF1000F65DDB3F90260FF28B3F931
:108AA0000030C4F3072702FB0633C4F30746E4B2E1
:108AB00003EB4303194402FB0CF3A2EB050205EBA5
:108AC000450503EB430302EB42020B443ED01FFA81
:108AD00080FCC0F1FF0006FB0CF680B207FB0CF730
:108AE00004FB0CF499423DD201EB050C8C4501F1DD
:108AF000030E28D91EF8031C11FB00F1214489B292
:108B000001F1010808EB112109120EF8031C1EF8EF
:108B1000021C11FB00F1394489B201F1010808EB94
:108B2000112109120EF8021C1EF8011C11FB00F1A4
:108B3000314489B201F1010808EB112109120EF844
:108B4000011C7146D2E71144CCE71144994209D285
:108B500048198142F9D20C70033101F8027C01F806
:108B6000016CF6E7BDE8F0812DE9F04F93B099462E
:108B70001746B3F90020BDF974800446B3F90230FA
:108B80000CA8BDF978600D464946ADF83020ADF827
:108B90003230ADF83480ADF83660F4F7FFFC39467A
:108BA0000CA8F4F7FBFC784B1888784B02B21988B4
:108BB000BDF930300FB2002B07DABDF834C0634482
:108BC000ADF834300023ADF83030BDF93030BDF9A8
:108BD00034C0D21A9445C4BFC21AADF83420BDF9CE
:108BE0003220002A07DABDF836C06244ADF83620DC
:108BF0000022ADF83220BDF93220BDF936C0BF1ACF
:108C0000BC45DFF890C1C8BF8F1A9CF800C0C8BF30
:108C1000ADF83670BDF93470BCF1000F76D18742E3
:108C200014BF00210121002F079173DDBDF936101B
:108C3000002904916EDDB9F800100EA8ADF844804B
:108C40000DF130085B1A10A9ADF846601BB2ADF803
:108C50003C70DFF844A10593B9F80230D21A13B280
:108C60000693059BADF83830069BADF83A30049B6F
:108C7000ADF83E3000231093F8F7C8FE4046F8F7F1
:108C80009DFE10A8F8F79AFE414BBDF944B0284666
:108C90001B8808930BEB4B031BB203932B681B6BD6
:108CA0009847039ABDF83A308146BDF8385013FB17
:108CB00002F30322DAF8000015FB02331C9D0B922D
:108CC0001D4403685B6B98470990DAF80000BDF912
:108CD000301003680A91DB6BBDF93260984710F0E1
:108CE000010FDDE90A121ED0DAF80000BDF93C20C0
:108CF000036800921E6F2B4698E80600B047059B5C
:108D0000A7802380069B6380049B07E0BDF93600A3
:108D1000884285E7002323806380A3802046E38088
:108D200013B0BDE8F08F09FB06F6099B11FB026644
:108D3000079A33441E46BDF93E306AB1089A9345FE
:108D40000AD1DAF8000009FB03F329460268D2F8D9
:108D500038A03246D047D2E7039ADFF83CB002FB96
:108D600003584545CBD2DBF800002946BDF93C301D
:108D7000026803EB4303D2F838A03246D047039B86
:108D80004E441D44EDE700BF685102246A5102249D
:108D90006E5102246C5102247451022400220E49A7
:108DA000C0E901220160C0E90322C0E90522C0E94F
:108DB0000722C0E90922C0E90B22C0E90D22C0E95F
:108DC0000F22C0E91122C0E91322C0E91522C0E92F
:108DD0001722C0E9192270479C4102082DE9F04F83
:108DE00091B007468846106851680CAC16469DF84D
:108DF0006890644DDFF890A103C418680EAC596800
:108E000003C40CA8F8F7DAFD31460EA8F8F7FEFD0A
:108E1000BDF93820BDF93A30BDF83410286811FB8F
:108E20000321BDF93C40BDF93E600F44BDF8301050
:108E30000A44ADF83820BDF832201344ADF83A307A
:108E40000368DB6B984710F0800F28681FD0012261
:108E500000250168A4B2B6B2BDF83830CDE90825C6
:108E60000B250795BAF80050CDF8109002960194A2
:108E7000CDE90525BDF834200392BDF83A200092D3
:108E800042460C6C3946A04711B0BDE8F08F03682C
:108E9000DB6A9847BAF80050BDF938204FF0040E4D
:108EA000BDF93A306E4305FB032306EB46062D1B46
:108EB00003EB430305EB45051844BDF93430821933
:108EC0001B1B04EB44040B93904254D200EB040AA6
:108ED00050454CD217F8011B1EFB01E108EB010CB9
:108EE0009CF8033073B1FF2B18F801B00CD1B9F125
:108EF000FF0F09D180F800B09CF8013043709CF856
:108F0000023083700330E3E709FB03F14B1C03EBF2
:108F1000112301781B129EB2DB431BFB06FBDBB265
:108F200001FB03B189B201F1010B0BEB112190F8A8
:108F300001B01BFB03FB091201709CF8011001FB3F
:108F400006B189B201F1010B0BEB1121091241703D
:108F50009CF8021090F802C01CFB03F301FB0636DC
:108F6000B6B2731C03EB162636128670CAE70B9B4B
:108F700028441F44A8E7034B186803681B6B9847F5
:108F800082E700BF745102246E5102242DE9F04F94
:108F900091B080460E46106851680CAD14469DF89D
:108FA0006870DFF89891DFF898A103C518680EADD6
:108FB000596803C50CA8F8F701FD21460EA8F8F77B
:108FC00025FDBDF93820BDF93A30BDF83410D9F887
:108FD000000011FB0321BDF93E5008EB0104BDF870
:108FE0003010BDF93C800A44ADF83820BDF832207D
:108FF0001344ADF83A300368DB6B984710F0800FEC
:10900000D9F8000022D000224FF0010C0168ADB267
:10901000BDF83830CDE908C24FF00B0CCDF81CC0BC
:10902000BAF800C004970295CDE9052CBDF83420AC
:1090300003921FFA88F20192BDF83A20009232465C
:109040000D6C2146A84711B0BDE8F08F0368DB6ABC
:109050009847BAF80020BDF93A304FF0030EBDF939
:10906000381055431FFA87FC02FB0313A2EB0802DA
:1090700005EB450503EB430302EB420218440B9258
:109080004319BDF93420C7F1FF05A2EB080208EB34
:109090004808ADB298424AD200EB0809214648453B
:1090A0000C4640D24FF0040A2478FF2F01F1010151
:1090B0001EFB04A406EB040A16F804B02BD00478B7
:1090C00014FB05F40BFB0C44A4B204F1010B0BEBF5
:1090D000142490F801B01BFB05FB241204709AF8CD
:1090E000014004FB0CB4A4B204F1010B0BEB1424FB
:1090F000241244709AF8024090F802A01AFB05FA74
:1091000004FB0CA4A4B204F1010A0AEB14242412F7
:1091100084700330C3E780F800B09AF801404470CF
:109120009AF80240F4E70B9C20448C18B2E7034BFA
:10913000186803681B6B984785E700BF74510224C9
:109140006E510224F0B40C4611469DF814501A4694
:109150000F78049B4E781FB1012F1DD0F0BC7047D3
:10916000032EFBD8DFE806F002071416049520460C
:10917000F0BCFFF733BEC06D0028EFD00668CDE924
:109180000435F5681346AC460A462146F0BC6047F4
:10919000006EF1E7406EEFE7032EDFD8DFE806F060
:1091A00002070F1104952046F0BCFFF7EFBEC06D1B
:1091B0000028D3D00668CDE90435B568E2E7006E33
:1091C000F6E7406EF4E700002DE9F04305468FB066
:1091D0000C461F46002B52D008680AAB4968DFF8DE
:1091E000C881DFF8C89103C310680CAB516803C392
:1091F0000AA8F8F7E3FB21460CA8F8F707FCBDF92D
:109200003020BDF93230BDF82C10D8F8000011FB29
:109210000321BDF93460BDF9364005EB4105BDF8C9
:1092200028100A44ADF83020BDF82A201344ADF8C8
:1092300032300368DB6B9847FF2F23D010F0040F08
:10924000D8F8000021D000214FF0010ED0F800C066
:10925000A4B20691B6B2BDF83230BDF83020CDE9E7
:1092600007E1B9F800E0039701940096CDE9041EE8
:10927000BDF82C1002912946DCF84440A0470FB0FD
:10928000BDE8F08310F0010FDAE70368DB6A984766
:10929000B9F80010BDF9323006EB460CBDF93020AC
:1092A0004C43FF2F01FB032304EB4404A1EB060115
:1092B00003EB430301EB41011844BDF92C30A3EB50
:1092C000060604444FEA46064AD0FA43BBB2D7B278
:1092D000A04263D200EB0C0E864500F103083AD998
:1092E00035F8022B18F8039CD00019FB07F9C0B21F
:1092F00040EA501000FB039080B200F1010909EB35
:10930000102018F8029C19FB07F9001208F8030C4A
:10931000D010121200F0FC0002F0F80240EA9010A7
:1093200042EA521200FB039080B200F1010909EBFE
:109330001020001208F8020C18F8010C10FB07F0BE
:1093400002FB030292B2501C00EB122240461212A2
:1093500008F8012CC0E708443544B9E7084435440F
:10936000A0421BD200EB0C07B842F7D235F8023B03
:109370000330DA00D2B242EA521200F8032CDA10BB
:109380001B1202F0FC0203F0F80342EA921243EAD5
:10939000531300F8022C00F8013CE5E7024B186873
:1093A00003681B6B98476AE7745102246E510224CC
:1093B0002DE9F0478AB00D4604461E46086806AB04
:1093C00049685D4F03C3106808AB516803C306A822
:1093D000F8F7F4FA294608A8F8F718FBBDF9202099
:1093E000BDF92230BDF81C10386811FB0321BDF90E
:1093F0002480BDF9265004EB8104BDF818100A44FE
:10940000ADF82020BDF81A201344ADF822300368CF
:10941000DB6B9847FF2E19D110F0200F386818D059
:10942000ADB20027016801951FFA88F5BDF822301A
:109430000095BDF82020CDE90367BDF81C600296B9
:109440004D6D2146A8470AB0BDE8F08710F0400FE7
:10945000E4E70368DB6A9847384BBDF92020B3F88E
:1094600000C0BDF922300CFB05F5BDF91CE00CFB7A
:109470000323ACEB080C05EB4505AEEB080E03EB44
:1094800043030CEB4C0C18444FEA8E0E08EB4803D8
:109490000544A8424AD200EB0308404543D2E27893
:1094A0005AB1FF2A94F800900AD1FF2E08D180F813
:1094B000009062784270A278827003300434ECE746
:1094C0007243511C01EB122109121FFA81FAC943A0
:1094D00019FB0AF9CAB2017801FB02991FFA89F94E
:1094E00009F1010101EB19294FEA292980F80090BF
:1094F00090F80190617819FB02F901FB0A9189B299
:1095000001F1010909EB112109124170817894F8E8
:10951000029011FB02F209FB0A2292B2511C01EBEC
:1095200012221212C8E760447444B2E73868036834
:109530001B6B984787E700BF745102246E510224C9
:109540002DE9FF479DF8345007460C469246994650
:109550000C9E35B30846FBF71DFE80462046FBF700
:109560004DFEADF80E002046ADF808A0ADF80A900B
:10957000ADF80C80FBF7FAFE102812D8DFE800F0F7
:10958000242D091111111111111111141111114C66
:109590003C002046FBF766FE2B46324602A9FFF749
:1095A00007FF04B0BDE8F0872046FBF75BFE80466E
:1095B0002046FBF787FE02AB024641463846CDE91E
:1095C0000065FFF7BFFDECE72046FBF74BFE2B469F
:1095D000324602A9FFF7F8FDE3E73B682046D3F8DF
:1095E0000C80FBF73FFE0023014602AA3846CDE976
:1095F00000533346C047D4E7BF6E002FD1D03B683D
:10960000D3F808802046FBF72DFE0095014633462F
:1096100002AA3846C047C4E7BF6E002FC1D03B68DE
:10962000D3F80C80EEE7F0B416461C460D46049ABB
:10963000012E9DF814300ED003D3022E06D0F0BCBC
:10964000704721462846F0BCFFF7BEBD214628469C
:10965000F0BCFFF7ADBE05680026CDE90436ED6825
:1096600013462246AC46F0BC6047000060B10329B7
:1096700018D8DFE801F00219061B0E4B188840428B
:1096800070470C4B1888704703290BD801A353F877
:1096900021F000BFA996010883960108AD96010844
:1096A0007B96010800207047012070474FF0FF3083
:1096B000704700BF6E51022460B1032918D8DFE85B
:1096C00001F019021B050E4B188870470C4B1888C7
:1096D0004042704703290BD801A353F821F000BF83
:1096E000C7960108F9960108CD960108F59601087C
:1096F00000207047012070474FF0FF30704700BFD7
:109700006E5102242DE9F04F97B00B9112A9BDF9CB
:109710008060BDF88870BDF88C409DF8A4809DF8ED
:10972000AC9081E80C00BDF984300A939DF89C3020
:10973000DDE9242111939DF8A8308D790C934B7BA2
:10974000580100F480702843099000F07C811B01CF
:10975000C87903F4807303430E9300F0748191F988
:1097600009309BB2002F00F01681FF1ABFB23B04F4
:1097700002D5F61B002736B2B2F9001012A8B2F8D3
:1097800002A08E428BB2BDF82450BFBFFF18BE1B93
:10979000B7B20E4691880B4431461BB21093D38862
:1097A0000A9A9A440FFA8AF3BDF838A00F93B54B82
:1097B00093F800B00BF1FF3CDCF1000343EB0C032A
:1097C0000D934B46F7F76EFF3146ADF854004B460C
:1097D0000A9A12A8F7F783FF16A921F8020D15A817
:1097E000F8F7AAF8B9F1000F40F0D880BBF1010FEB
:1097F00040F0DC80119B53B10825099A95FBF8F3E2
:109800005D1E154495FBF3F515FB03F5ADB207B9E5
:109810006CB104FB0573269AAAEB040A08FB03F358
:109820001FFA8AFA02EBD30203F007042692494694
:109830000D98FFF71BFF83460D98FFF73DFF0F9B29
:109840000A9A81469B1A9A45A8BF9A46BAF1000F18
:1098500040F3F980F61B109B9E1B099B9E42D4BFD0
:10986000C7EB0607C7EB0307002F40F3EC80ED1BA7
:1098700008FB05F30D93289BC3F307430E93289B26
:10988000C3F307230F93289BDBB210930B9B002B92
:1098900040F0DE807C4B18680368DB6A9847012340
:1098A0007A4A0BEB4B0607FB1B9B03FA08F3118864
:1098B000BDF954200BEB4B0B013B06FB07BBDBB2A6
:1098C0000A93BDF9563001FB032303EB4303C3188E
:1098D0000993269B1A782241D2B21AF1FF3AC0F0BE
:1098E000D780BE4609991EF1FF3EC0F0BA800A9BA0
:1098F000134041D0FF200A9D90FBF5F56B43FE2BF2
:1099000003DD0C9D854200F0A5800C9D109815FB91
:1099100003F39BB25D1C05EB13230D78C3F3072300
:109920001FFA83FCDB4310FB0CF9DBB20F9805FB3D
:109930000395ADB205F1010909EB152510FB0CF9F2
:109940000E982D1210FB0CFC0D704D7805FB039545
:10995000ADB205F1010909EB15252D124D708D7879
:1099600005FB03CC1FFA8CFC0CF1010303EB1C2C50
:109970004FEA2C2C81F802C044443144A4B2072C95
:1099800089BF269B42FA08F200245A788ABF013325
:10999000D2B22693A7E71E4436B2EDE6B9F1010F25
:1099A0007FF428AFBBF1010F7FF424AFDFF8D8B00C
:1099B000DBF800000368DB6B984710F480735A46AD
:1099C00006D0B8F1040F41D1119B003318BF012319
:1099D000800566D5B8F1080F63D1002B0CBF4FF49A
:1099E00000714FF48071002F7FF404AF002C7FF4DE
:1099F00001AF099B1098F31883423FF7FBAE0A981A
:109A00000E9B03440F9883423FF7F4AEB8F1080F62
:109A100010684FF00006BDF8563018BF01350468D5
:109A2000BDF8542018BF25F00105CDE905160C99A5
:109A300018BFADB204912899CDE9005ACDE9025181
:109A40002699A46DA04717B0BDE8F08F0023BFE7AB
:109A50000B9824E7109B0B700F9B4B700E9B8B7029
:109A60008AE70D9B53B11C44269BA4B203EBD4039D
:109A700004F007041A7826932241D2B2099B5B4472
:109A800009932AE76C510224745102246E51022476
:109A90000B9B002BD7D1064B186803681B6B9847AC
:109AA000D1E7002B3FF4A6AE4FF480719BE700BFD7
:109AB0007451022438B5154C05462378BFF35B8FEB
:109AC000DA070BD4204606F0D8F838B1204606F065
:109AD000E0F80F4A0F49104806F0C8F80F4C2378F9
:109AE000BFF35B8FDB070BD4204606F0C6F838B116
:109AF000204606F0CEF8064A09490A4806F0B6F8AC
:109B0000054B6B61074BAB6138BD00BF5852022457
:109B100000000024A56D0108C80000245C52022446
:109B2000A36D0108CC00002438B5154C05462378F8
:109B3000BFF35B8FDA070BD4204606F09EF838B1EE
:109B4000204606F0A6F80F4A0F49104806F08EF896
:109B50000F4C2378BFF35B8FDB070BD4204606F056
:109B60008CF838B1204606F094F8064A09490A48AC
:109B700006F07CF8054BEB60074B2B6138BD00BF4E
:109B80003852022400000024A96D0108A800002416
:109B90003C520224A76D0108AC00002410B5044615
:109BA000FFF788FF2046BDE81040FFF7BDBF00006B
:109BB00038B5154C05462378BFF35B8FDA070BD415
:109BC000204606F05AF838B1204606F062F80F4AEF
:109BD0000F49104806F04AF80F4C2378BFF35B8F0B
:109BE000DB070BD4204606F048F838B1204606F0D3
:109BF00050F8064A09490A4806F038F8054B6B62E6
:109C0000074BAB6238BD00BF605202240000002445
:109C10009D6D0108D0000024645202249B6D010850
:109C2000D400002438B5154C05462378BFF35B8F6C
:109C3000DA070BD4204606F020F838B1204606F0AB
:109C400028F80F4A0F49104806F010F80F4C2378F7
:109C5000BFF35B8FDB070BD4204606F00EF838B15C
:109C6000204606F016F8064A09490A4805F0FEFFA4
:109C7000054BEB61074B2B6238BD00BF40520224FD
:109C800000000024A16D0108B00000244452022409
:109C90009F6D0108B400002410B50446FFF788FF4B
:109CA0002046BDE81040FFF7BDBF000038B5154C99
:109CB00005462378BFF35B8FDA070BD4204605F007
:109CC000DCFF38B1204605F0E4FF0F4A0F49104889
:109CD00005F0CCFF0F4C2378BFF35B8FDB070BD471
:109CE000204605F0CAFF38B1204605F0D2FF064AEB
:109CF00009490A4805F0BAFF054B6B63074BAB6394
:109D000038BD00BF4852022400000024956D0108B0
:109D1000B80000244C520224936D0108BC000024BA
:109D200038B5154C05462378BFF35B8FDA070BD4A3
:109D3000204605F0A2FF38B1204605F0AAFF0F4AE1
:109D40000F49104805F092FF0F4C2378BFF35B8F4B
:109D5000DB070BD4204605F090FF38B1204605F014
:109D600098FF064A09490A4805F080FF054BEB6257
:109D7000074B2B6338BD00BF205202240000002493
:109D8000996D01089000002424520224976D010867
:109D90009400002410B50446FFF788FF2046BDE874
:109DA0001040FFF7BDBF000038B5154C05462378BD
:109DB000BFF35B8FDA070BD4204605F05EFF38B1A6
:109DC000204605F066FF0F4A0F49104805F04EFF88
:109DD0000F4C2378BFF35B8FDB070BD4204605F0D5
:109DE0004CFF38B1204605F054FF064A09490A489D
:109DF00005F03CFF054B6B64074BAB6438BD00BFFF
:109E000050520224000000248D6D0108C00000247F
:109E1000545202248B6D0108C400002438B5154C3F
:109E200005462378BFF35B8FDA070BD4204605F095
:109E300024FF38B1204605F02CFF0F4A0F49104887
:109E400005F014FF0F4C2378BFF35B8FDB070BD4B7
:109E5000204605F012FF38B1204605F01AFF064AE9
:109E600009490A4805F002FF054BEB63074B2B64D9
:109E700038BD00BF3052022400000024916D01085B
:109E8000A0000024345202248F6D0108A400002495
:109E900010B50446FFF788FF2046BDE81040FFF7E5
:109EA000BDBF000038B5154C05462378BFF35B8F66
:109EB000DA070BD4204605F0E0FE38B1204605F065
:109EC000E8FE0F4A0F49104805F0D0FE0F4C2378EA
:109ED000BFF35B8FDB070BD4204605F0CEFE38B115
:109EE000204605F0D6FE064A09490A4805F0BEFE9E
:109EF000054B6B65074BAB6538BD00BF285202248C
:109F000000000024856D0108980000242C520224D2
:109F1000836D01089C00002438B5154C0546237854
:109F2000BFF35B8FDA070BD4204605F0A6FE38B1ED
:109F3000204605F0AEFE0F4A0F49104805F096FE88
:109F40000F4C2378BFF35B8FDB070BD4204605F063
:109F500094FE38B1204605F09CFE064A09490A489D
:109F600005F084FE054BEB64074B2B6538BD00BF45
:109F70001852022400000024896D01088800002482
:109F80001C520224876D01088C00002410B5044681
:109F9000FFF788FF2046BDE81040FFF7BDBF10B5B2
:109FA0000446FFF7F3FF2046FFF772FF2046FFF756
:109FB00073FE2046FFF7F2FD2046BDE81040FFF794
:109FC000E9BE000038B50B4C05462378BFF35B8F24
:109FD000DB070BD4204605F050FE38B1204605F0D3
:109FE00058FE054A0549064805F040FE044BEB655E
:109FF00038BD00BF0C52022400000024816D01080E
:10A000008000002438B50B4C05462378BFF35B8FE6
:10A01000DB070BD4204605F030FE38B1204605F0B2
:10A0200038FE054A0549064805F020FE044B2B661C
:10A0300038BD00BF10520224000000247F6D0108CB
:10A040008400002470B50C4D06460C4C2B78BFF3F1
:10A050005B8F13F0010F0DD1284605F00EFE48B1BD
:10A06000074B2846236005F014FE064A20460649A1
:10A0700005F0FCFD746670BD145202246C5302247A
:10A08000DC3F0208000000247D6D010810B5044685
:10A09000FFF798FF2046FFF7B5FF2046BDE81040C8
:10A0A000FFF7D0BF70B50C4D06460C4C2B78BFF3B4
:10A0B0005B8F13F0010F0DD1284605F0DEFD48B18E
:10A0C000074B2846236005F0E4FD064A2046064972
:10A0D00005F0CCFDB46670BD08520224685202241B
:10A0E000F43F0208000000247B6D01082DE9F04FC9
:10A0F00087B08D7891F80090BDF9408001954D783A
:10A1000003920295BDF944B09DF850409DF854C0AB
:10A110009DF858E0DDE9120606FB0807002E02EB69
:10A12000070A4FEA0522019D42EA054545EA09056D
:10A130000595C0F2B280B34540F3AF800028C0F26D
:10A14000AA80804540F3A780039AD75D07EB4707B5
:10A150001F44421C00F1A480904540F3A180002CD4
:10A1600000F09E809AF8015005EB45051D4401362C
:10A1700000F19A80B34540F39780BCF1000F00F0E6
:10A1800093800028C0F28E80804540F38B801AF8BF
:10A19000086006EB46061E44013000F188808045C9
:10A1A00040F38580002C00F08280D04498F8012094
:10A1B00002EB42021344A4B295F800A01FFA8CFCF3
:10A1C00004FB0CFB2401CBEB0C1CC4F58078A4EB46
:10A1D0000B041FFA8CF0A2B23C78A8EB00081FFA1F
:10A1E0008EFC02FB0AFA6FEA0E0E1FFA88F85FFA7D
:10A1F0008EFE08FB04AA347819FB0EF900FB04AAB2
:10A200001C780BFB04A4C4F3072404FB0C991FFA6D
:10A2100089F909F1010404EB19294FEA292981F888
:10A22000009095F801907C7802FB09F908FB0499ED
:10A23000747800FB04995C780BFB0494C4F3072A40
:10A24000029C14FB0EF90AFB0C94A4B204F1010960
:10A2500009EB142424124C70AD78BC786A439B78C7
:10A2600008FB0422B47800FB04200BFB030B019BCA
:10A2700013FB0EFECBF3072B0BFB0CEC1FFA8CFC35
:10A280000CF1010E0EEB1C2C4FEA2C2C81F802C0B5
:10A2900007B0BDE8F08F05AF5BE705AD2F4666E779
:10A2A00005AD64E705AE77E705AB1E4683E705AB72
:10A2B00081E72DE9F04F93B010920993219A9DF810
:10A2C000943011900E9350680D911268DDE92213BD
:10A2D00000FB031303EB4303D3180A93249B1B686F
:10A2E0000C93249B5C680E9B0434DB43DBB20B9322
:10A2F0000D9B002B03DC109B002B40F35082249B12
:10A30000B3F90810B3F90C20481E551E099B002B09
:10A3100040F3EE801D9E1E9B36144FEA234306D465
:10A32000864204DA002B02DBAB42C0F2E280013647
:10A3300000F1CF80B142C0F2CC80013300F1C9807E
:10A340009A42C0F2C680DDE909B6BBF1000F40F3C6
:10A35000F1801E9B1E9A24981D141D9BC2F303318D
:10A36000C768249A1814C3F30338926800F1378140
:10A3700002F1FF3C604580F23281002DC0F22F8156
:10A3800007F1FF3C654580F22A8112B20C9F05FB64
:10A3900002000C9D17F800C005440CEB4C0C04EBBC
:10A3A0000C0EB8F1000F00F00C816F7807EB470737
:10A3B0002744002900F00D81A818AA5C407802EB20
:10A3C000420200EB4000224420441FFA88F314F8B4
:10A3D0000CA089B297F800C0BDF8385003FB01F912
:10A3E0001B01C9EB0111C3F58078A3EB090389B206
:10A3F0009BB2A8EB010803FB0CFC1FFA88F80F9333
:10A400000B9B08FB0ACC92F800A001FB0ACC90F849
:10A4100000A009FB0ACC96F800A01AFB03FACCF3C3
:10A42000072C0F9B0CFB05AC1FFA8CFC0CF1010AEE
:10A430000AEB1C2A4FEA2A2A86F800A097F801C0E6
:10A440009EF801A003FB0CFC0B9B08FB0ACC92F8C6
:10A4500001A001FB0ACC90F801A009FB0ACC96F8F8
:10A4600001A01AFB03FACCF3072C0F9B0CFB05ACE5
:10A470001FFA8CFC0CF1010A0AEB1C2C4FEA2C2C65
:10A4800086F801C0BF789EF802C07B4308FB0C33FE
:10A4900092F802C0827801FB0C310B9B09FB021978
:10A4A000B17811FB03F1C9F3072909FB0515ADB21A
:10A4B0006B1C03EB15252D12B5701D9B03361F9ADF
:10A4C0000BF1FF3B1344209A1D931E9B13441E93D4
:10A4D0003BE71D9B1F9E3344209E1D931E9B3344D0
:10A4E0001E93099B013B09930A9B03330A930DE7D3
:10A4F00028D0099B1F98013B1D9D00FB03500014B1
:10A500003FF521AF01398842BFF61DAF20991E9853
:10A5100001FB03031B143FF516AF013A9342BFF64C
:10A5200012AF0A9BDDF82490DF1CBDF838A0B9F10A
:10A53000000F73DC099B0A9A23EAE37303EB4303DE
:10A540001A440A920D9B002B40F32981B7EE007A42
:10A550001C9B30EE040A70EEA40AF0EE626AC7EEAD
:10A56000007A31EE051AFEEEC86ACDED1D6AF0EEF6
:10A57000436AFEEEC86ACDED1E6A20EEA77A61EE50
:10A58000277A77EE622A37EEC33AFEEEC82ABEEE8D
:10A59000C83A12EE902AF0EE472A92FBF3F313EE3C
:10A5A000102A1F931C9BB0EE673A92FBF3F32093A3
:10A5B0000D9B109A013B0D931C9B08BF13460993FA
:10A5C00096E649B1AA5C704602EB42022244774605
:10A5D000FBE670467246F8E670467246F7E710F101
:10A5E000010C3FF56AAF6245FFF667AF15F1010C4C
:10A5F0003FF563AF6745FFF660AF0E9B3FB212B207
:10A6000002900197009211980C9ACDE90513CDE9BB
:10A61000035823463146FFF769FD4EE71E9A1E9800
:10A62000C2F303311D9D249A00142D141D9BB2F911
:10A630000820C3F3033302FB00500C9D15F800E023
:10A6400005EB000C0EEB4E0E04EB0E06002B00F09B
:10A6500097809CF8015005EB45052544002900F042
:10A6600098800CEB02001CF80220407802EB4202BA
:10A6700000EB4000224420449BB214F80EB089B293
:10A6800095F800E0033709F1FF3903FB01F81B01DE
:10A69000C8EB0111C3F5807CA3EB080389B29BB220
:10A6A000ACEB010C03FB0EFE1FFA8CFC0F930B9B13
:10A6B0000CFB0BEE92F800B001FB0BEE90F800B033
:10A6C00008FB0BEE17F806BC1BFB03FBCEF3072EB3
:10A6D0000F9B0EFB0ABE1FFA8EFE0EF1010B0BEB59
:10A6E0001E2E4FEA2E2E07F806EC95F801E096F89C
:10A6F00001B003FB0EFE0B9B0CFB0BEE92F801B0BE
:10A7000001FB0BEE90F801B008FB0BEE17F805BC4F
:10A710001BFB03FBCEF3072E0F9B0EFB0ABE1FFA9B
:10A720008EFE0EF1010B0BEB1E2E4FEA2E2E07F8BC
:10A7300005ECAD78B6786B4395780B9A0CFB063335
:10A7400001FB0533857808FB053817F8043C13FB3B
:10A7500002F3C8F307281F9A08FB0A381FFA88F883
:10A7600008F1010303EB18281D9B1344209A4FEABC
:10A7700028281D931E9B07F8048C13441E93D6E6CD
:10A7800051B11CF80220304602EB42022244354609
:10A7900072E7304632466FE730463246F7E713B08D
:10A7A000BDE8F08F2DE9F3474C7891F802A0240220
:10A7B000BDF928E0BDF92C9044EA0A4491F800A0C4
:10A7C0009DF8380044EA0A049DF83C60DDE90CC5B8
:10A7D000019405FB0EC7002D02EB070872DBA945AB
:10A7E00070DDBCF1000F6BDBE64569DDD75D07EB83
:10A7F00047071F441CF1010267D4964565DD002818
:10A8000063D098F8014004EB44041C44013560D443
:10A81000A9455EDD002E5CD0BCF1000F57DBE6459C
:10A8200055DD18F80E5005EB45051D441CF10102DD
:10A8300052D4964550DD00284ED0C6449EF80120E3
:10A8400002EB4202134480B297F80080B2B200FBE0
:10A8500002F60001C6EB0212C0F5807E801B1FFAD3
:10A8600082FC82B22078AEEB0C0E50431FFA8EFEB3
:10A870000EFB080828780CFB0088187806FB00807F
:10A8800000120870607897F8018050430EFB0808AA
:10A8900068780CFB0088587806FB0080001248702E
:10A8A000A078BF785043AA780EFB07000CFB020C7F
:10A8B0009A7806FB02C212128A7002B0BDE8F087D5
:10A8C00001AF97E701AC2746A0E701AC9EE701ADD9
:10A8D000ACE701AB1D46B6E701ABB4E72DE9F04F9D
:10A8E0008DB0F7EE006ACDE909121B9A0B90069322
:10A8F00050681268179CDDE91C1300FB031303EB7F
:10A900004303D31807931E9B1B6808931E9B5D6827
:10A910000435099B002B03DC0A9B002B40F3E681E6
:10A920001E9BB3F90810B3F90C20481E561E069B57
:10A93000002B40F3BD80189B27144FEA234306D415
:10A94000874204DA002B02DBB342C0F2B280013747
:10A9500000F1A180B942C0F29E80013300F19B80DA
:10A960009A42C0F29880DDE906B6BBF1000F40F3D1
:10A97000BF80189A1E98189BC2F30331D0F80CC000
:10A9800020141E9A4FEA2347C4F30333926800F160
:10A99000038102F1FF3E704580F2FE80002FC0F27D
:10A9A000FB800CF1FF3E774580F2F68012B207FB88
:10A9B0000200089F17F8008007EB000E08EB48081C
:10A9C00005EB080C002B00F0D8809EF8017007EB17
:10A9D00047072F44002900F0D9800EEB02001EF833
:10A9E0000220407802EB420200EB40002A44284457
:10A9F0009BB215F808A089B297F8008003FB01F913
:10AA00001B01C9EB0111C3F5807EA3EB090389B2D9
:10AA10009BB2AEEB010E03FB08F81FFA8EFE0EFB95
:10AA20000A8892F800A001FB0A8890F800A009FBB0
:10AA30000A884FEA282886F8008097F801809CF859
:10AA400001A003FB08F80EFB0A8892F801A001FBA5
:10AA50000A8890F801A009FB0A884FEA282886F89E
:10AA60000180BF789CF802C07B4392780EFB0C33C8
:10AA700001FB0231827809FB02194FEA292986F885
:10AA80000290199B03361A9A0BF1FF3B1C44189B4A
:10AA90001344189369E7199B1A9F1C44189B3B4465
:10AAA0001893069B013B0693079B033307933EE7EE
:10AAB00026D0069B1998013B00FB034000143FF58C
:10AAC00052AF01398842BFF64EAF1A99189801FB70
:10AAD00003031B143FF547AF013A9342BFF643AF60
:10AAE000079BDDF818A003F10308BAF1000F71DC31
:10AAF000069B079A23EAE37303EB43031A44079286
:10AB0000099B002B40F3F28030EE040A169B70EE96
:10AB1000A40AB0EE626AC6EE807A31EE051ABEEE85
:10AB2000C86A16EE104AB0EE436ABEEEC86A8DEDF2
:10AB3000186A20EEA77A61EE277A77EE622A37EE5E
:10AB4000C33AFEEEC82ABEEEC83A12EE902AF0EEE4
:10AB5000472A92FBF3F313EE102A1993169BB0EEDB
:10AB6000673A92FBF3F31A93099B0A9A013B099304
:10AB7000169B08BF13460693CBE651B11EF8022080
:10AB8000604602EB42022A44674631E7604662466D
:10AB90002EE760466246F7E710F1010E3FF571AF10
:10ABA0007245FFF66EAF17F1010E3FF56AAFF4453F
:10ABB000FFF667AF12B2CDE904310FFA8CF30092C1
:10ABC0003146089A01932B46CDE902070B98FFF70F
:10ABD000E9FD56E7189A26141898C4F30333C2F314
:10ABE00003311E9A0014B2F9082002FB0060089E8F
:10ABF00016F800E006EB000C0EEB4E0E05EB0E0710
:10AC0000002B64D09CF8016006EB46062E44002918
:10AC100066D00CEB02001CF80220407802EB4202E6
:10AC200000EB40002A4428449BB215F80EB089B2CC
:10AC300096F800E008F103080AF1FF3A03FB01F976
:10AC40001B01C9EB0111C3F5807CA3EB090389B299
:10AC50009BB2ACEB010C03FB0EFE1FFA8CFC0CFB51
:10AC60000BEE92F800B001FB0BEE90F800B009FB80
:10AC70000BEE4FEA2E2E08F806EC96F801E097F856
:10AC800001B003FB0EFE0CFB0BEE92F801B001FBD2
:10AC90000BEE90F801B009FB0BEE4FEA2E2E08F8F0
:10ACA00005ECB678BF787343967882780CFB07334F
:10ACB00001FB063309FB0239199B1A9A1C44189BA5
:10ACC0004FEA2929134408F8049C18930DE751B161
:10ACD0001CF80220384602EB42022A443E46A3E713
:10ACE00038463A46A0E738463A46F7E70DB0BDE8A1
:10ACF000F08F2DE9F74FDDE90E75BDF930C0002D5D
:10AD0000BDF9349005FB0C709DF840409DF844E07F
:10AD100002EB0008C0F21881A94540F31581002F0D
:10AD2000C0F21081BC4540F30D81125C53F82260E3
:10AD30007A1C00F10C81944540F30981002C00F04D
:10AD4000088198F8012053F82200013500F10581AF
:10AD5000A94540F30281BEF1000F00F00181002FF0
:10AD6000C0F2F980BC4540F3F68018F80C2053F887
:10AD70002250013700F1F780BC4540F3F480002CED
:10AD800000F0F380C4449CF8012053F822201FFAFD
:10AD900084FC1FFA8EF44FEA106A04FB0CFE4FEAA3
:10ADA0000C1C4FEA166BCEEB0414ACEB0E07CCF583
:10ADB00080734FEA1569A4B2BFB21B1B4FEA126839
:10ADC00007FB0AFC9BB203FB0BCC009304FB09CCF2
:10ADD0000EFB08CCCCF307230193002B00F0AF80CF
:10ADE00006F0FF1C06F47F460BFB0CFC0BFB06F683
:10ADF0004FEA1C2B0CF1011C0BF0FF1BDC4400F094
:10AE0000FF1B00F47F404FEA1C2C0AFB0BFB0AFBE4
:10AE100000FA0CF0FF1306F5807C0AF580700CEB4D
:10AE200016264FEA1B2C0BF1011B00EB1A2A0CF023
:10AE3000FF1C360A4FEA1A2ADC4405F0FF1B05F412
:10AE40007F4506F47F4609FB0BFB4FEA1C2C09FBF0
:10AE500005F94FEA1B200CF0FF1C09F580750BF17A
:10AE6000011B00F0FF100CFB07FC05EB192902F099
:10AE7000FF1502F47F42584408FB05F54FEA1929F3
:10AE800008FB02F8000A2A0A05F1011500F0FF107C
:10AE900002F0FF12154408F580722D0A02EB182803
:10AEA000009A05F0FF1503FB02CC4FEA1828019B1E
:10AEB00005FB0EC508F47F4800FB0450000A00F0B3
:10AEC000FF150AF47F40784302FB06000EFB080ED4
:10AED00009F47F4004FB00E0000A00F47F402843AF
:10AEE0009DF84850ADB2C4B26B4314FB05F45A1C34
:10AEF00002EB13220B786FEA1222D2B203FB024359
:10AF00009BB25C1C04EB13234C7814FB02F41B1261
:10AF10000B70C0F3072303FB05439BB25C1C04EBDF
:10AF20001323040C88781B1210FB02F04B7004FBF7
:10AF3000050080B2431C03EB10200012887003B0A0
:10AF4000BDE8F08F0026F3E600200646FDE600206F
:10AF5000FBE62046F9E600250BE70022154616E73A
:10AF60007246754613E7002211E722460FE72DE9E6
:10AF7000F04F9FB01B9209932D9A9DF8C4301D90FD
:10AF80001C935068199112682A9DDDE92E1300FB6D
:10AF9000031303EB4303D3180C93309B1B681293EA
:10AFA000309B5E68BDF8703004360D93199B002B02
:10AFB00003DC1B9B002B40F37883309BB3F9081014
:10AFC000B3F90C20481E571E099B002B40F38C81BF
:10AFD000299C2B145FEA244C06D4844504DA002B08
:10AFE00002DBBB42C0F281811CF1010C00F16F81D8
:10AFF0006145C0F26C81013300F169819A42C0F26F
:10B000006681099B0C9F1A931A9B002B40F38C813D
:10B01000299B4FEA254CC5F30331C3F30332309B20
:10B02000D3E9020E299B1B1400F1D08100F1FF38F7
:10B03000434580F2CB81BCF1000FC0F2C7810EF115
:10B04000FF38C44580F2C28100B2129C0CFB003371
:10B0500004EB0308E35C56F823304FEA136E002A32
:10B0600000F0A98198F801C056F82C400E94240EE7
:10B07000159479B108EB000C18F8000056F8200080
:10B080000A90000E13909CF8010056F820000F90D3
:10B09000000E169092B2159889B2139C02FB01F92A
:10B0A0001201C9EB0111A2EB0908C2F5807289B245
:10B0B0001FFA88F8521A08FB00F092B202FB0E0049
:10B0C00001FB0400169C09FB0400C0F307200028C4
:10B0D00000F0F280BEF1FF0F1BD003F0FF1A03F463
:10B0E0007F430EFB0AFA0EFB03FE4FEA1A230AF116
:10B0F000011A0EF5807C03F0FF130CEB1E2C534459
:10B100004FEA1C2C1B0A0CF47F4C03F0FF1343EA9C
:10B110000C03159CFF2C21D00E9C04F0FF1B159CEA
:10B1200004FB0BFB0E9C04F47F4A159C4FEA1B2E7C
:10B130000BF1011B04FB0AFA0EF0FF1E0AF5807CDE
:10B14000DE440CEB1A2A4FEA1E2E4FEA1A2A0EF0A2
:10B15000FF1E0AF47F4A4EEA0A040E94139CFF2C49
:10B1600021D00A9C04F0FF1B139C04FB0BFB0A9CE0
:10B1700004F47F4A139C4FEA1B2E0BF1011B04FBC6
:10B180000AFA0EF0FF1E0AF5807CDE440CEB1A2A48
:10B190004FEA1E2E4FEA1A2A0EF0FF1E0AF47F4ACB
:10B1A0004EEA0A040A94169CFF2C21D00F9C04F04E
:10B1B000FF1B169C04FB0BFB0F9C04F47F4A169CA0
:10B1C0004FEA1B2E0BF1011B04FB0AFA0EF0FF1EC7
:10B1D0000AF5807CDE440CEB1A2A4FEA1E2E4FEA59
:10B1E0001A2A0EF0FF1E0AF47F4A4EEA0A040F9450
:10B1F0000E9C03F0FF1E03F47F4304F0FF1C0A9C27
:10B2000008FB0CFC02FB0ECC04F0FF1E0F9C01FBA4
:10B210000ECC04F0FF1E0E9C09FB0ECC04F47F4EF6
:10B2200008FB0EF84FEA1C2C02FB03830A9A0CF071
:10B23000FF1C02F47F4A0F9A01FB0A3302F47F419C
:10B2400009FB01390D9B0D9943434FEA1929581CFD
:10B2500009F47F4900EB13204CEA090C3B785FFAB4
:10B260008CF26FEA102012FB01F2C0B203FB002344
:10B270009BB25A1C02EB13237A7812FB00F21B12CA
:10B280003B70CCF307234FEA1C4C03FB01239BB21A
:10B290005A1C02EB13231B127B70BB7813FB00F0CC
:10B2A0000CFB010C1FFA8CFC0CF1010303EB1C2CB2
:10B2B0004FEA2C2C87F802C02B9B0337299A1A449B
:10B2C0002C9B1D441A9B2992013B1A939CE62B9BB5
:10B2D000299C1C442C9B1D44099B2994013B0993E8
:10B2E0000C9B03330C936FE626D0099B2B98013BF4
:10B2F000299C00FB034000143FF583AE01398842CE
:10B30000BFF67FAE2C9901FB03531B143FF579AEBA
:10B31000013A9342BFF675AE0C9BDDF824B003F101
:10B32000030EBBF1000F71DC099B23EAE3740C9B55
:10B3300004EB440423440C93199B002B40F3B58188
:10B34000B7EE007A289B30EE040A70EEA40AF0EE05
:10B35000626AC7EE007A31EE051AFEEEC86ACDEDDC
:10B36000296AF0EE436AFEEEC86A16EE905A20EEA5
:10B37000A77A61EE277A77EE622A37EEC33AFEEEBD
:10B38000C82ABEEEC83A12EE902AF0EE472A92FB87
:10B39000F3F313EE102A2B93289BB0EE673A92FB3F
:10B3A000F3F32C93199B1B9A013B1993289B08BF1D
:10B3B00013460993FAE500293FF46CAE18F8000033
:10B3C00056F820000A90000E139063E613F101086E
:10B3D0003FF572AF4045FFF66FAF1CF101083FF536
:10B3E0006BAFC645FFF668AF1C9C00B202930FFA24
:10B3F0008EF30090019333461D98CDE90514CDE9F5
:10B4000003C23946129AFFF774FC55E7299BC5F32E
:10B410000330299CC3F30332309B2714129CB3F9E9
:10B4200008102B1401FB0373E718E35C56F8233074
:10B430004FEA136C002A00F02E8197F8018056F82D
:10B4400028401094240E179470B107EB0108795C22
:10B4500056F821100B91090E149198F8011056F826
:10B4600021101191090E189192B2179980B2149C73
:10B4700002FB00F91201C9EB0010A2EB0908C2F5AA
:10B48000807280B21FFA88F8121A08FB01F192B29A
:10B4900002FB0C1100FB0411189C09FB0411C1F301
:10B4A0000721002900F0EC80BCF1FF0F19D003F058
:10B4B000FF1A03F47F430CFB0AFA0CFB03FC4FEA70
:10B4C0001A230AF1011A0CF5807703F0FF1307EB3A
:10B4D0001C2753443F0A1B0A07F47F4703F0FF135E
:10B4E0003B43179CFF2C20D0109C04F0FF17179CA7
:10B4F0006743109C4FEA172C04F47F4A179C07F10E
:10B5000001170CF0FF1C04FB0AFABC440AF5807713
:10B510004FEA1C2C07EB1A2A0CF0FF1C4FEA1A2AE0
:10B520000AF47F4A4CEA0A041094149CFF2C20D0A1
:10B530000B9C04F0FF17149C67430B9C4FEA172CDD
:10B5400004F47F4A149C07F101170CF0FF1C04FB64
:10B550000AFABC440AF580774FEA1C2C07EB1A2A3A
:10B560000CF0FF1C4FEA1A2A0AF47F4A4CEA0A043C
:10B570000B94189CFF2C20D0119C04F0FF17189CF2
:10B580006743119C4FEA172C04F47F4A189C07F17B
:10B5900001170CF0FF1C04FB0AFABC440AF5807783
:10B5A0004FEA1C2C07EB1A2A0CF0FF1C4FEA1A2A50
:10B5B0000AF47F4A4CEA0A041194109C03F0FF1C21
:10B5C00003F47F4304F0FF170B9C08FB07F702FB13
:10B5D0000C7704F0FF1C119C00FB0C7704F0FF1C9F
:10B5E000109C09FB0C7704F47F4C08FB0CF83F0A15
:10B5F00002FB03830B9A07F0FF1702F47F4A119AAC
:10B6000000FB0A3302F47F4C0D9809FB0C3C0D9BA8
:10B610004FEA1C2C4B430CF47F4C591C47EA0C0797
:10B6200001EB13211EF8033CFAB26FEA112112FB61
:10B6300000F2C9B203FB01239BB25A1C02EB132395
:10B640001EF8022C12FB01F21B120EF8033CC7F38A
:10B6500007233F0C03FB00239BB25A1C02EB13236E
:10B660001B120EF8023C1EF8013C13FB01F107FB14
:10B670000017BFB27B1C03EB17273F120EF8017CAB
:10B680002B9B0EF1030E299A0BF1FF3B1A442C9BC6
:10B6900029921D4445E600283FF4E6AE795C56F851
:10B6A00021100B91090E1491DEE61FB0BDE8F08F5A
:10B6B0002DE9F74FDDE90E75BDF930E0002DBDF93C
:10B6C000349005FB0E709DF840409DF844C002EB9D
:10B6D0000008C0F20581A94540F30281002FC0F2A5
:10B6E000FD80BE4540F3FA80125C53F822607A1C5C
:10B6F00000F1F980964540F3F680002C00F0F580CB
:10B7000098F8012053F82200013500F1F280A94594
:10B7100040F3EF80BCF1000F00F0EE80002FC0F28C
:10B72000E680BE4540F3E38018F80E2053F822501F
:10B73000013700F1E480BE4540F3E180002C00F0C9
:10B74000E080C6449EF8012053F82220A3B21FFADD
:10B750008CFC4FEA106A0CFB03FE1B014FEA166BD0
:10B76000CEEB0C1CA3EB0E07C3F580734FEA1569F3
:10B770001FFA8CF4BFB21B1B4FEA126807FB0AFCCE
:10B780009BB203FB0BCC009304FB09CC0EFB08CC53
:10B79000CCF307230193002B00F09D8006F0FF1CE3
:10B7A00006F47F460BFB0CFC0BFB06F64FEA1C2B4A
:10B7B0000CF1011C0BF0FF1BDC4400F0FF1B00F43C
:10B7C0007F404FEA1C2C0AFB0BFB0AFB00FA0CF033
:10B7D000FF1306F5807C0AF580700CEB16264FEA05
:10B7E0001B2C0BF1011B00EB1A2A0CF0FF1C360A74
:10B7F0004FEA1A2ADC4405F0FF1B05F47F4506F4E6
:10B800007F4609FB0BFB4FEA1C2C09FB05F94FEAAD
:10B810001B200CF0FF1C09F580750BF1011B00F0DB
:10B82000FF100CFB07FC05EB192902F0FF1502F4D1
:10B830007F42584408FB05F54FEA192908FB02F836
:10B84000000A2A0A05F1011500F0FF1002F0FF12AC
:10B85000154408F580722D0A02EB1828009A05F0AD
:10B86000FF1503FB02CC4FEA1828019B05FB0EC510
:10B8700008F47F48DB4300FB0450DBB2000A00F011
:10B88000FF150AF47F40784302FB06000A780EFB9E
:10B89000080E09F47F4004FB00E002FB03F4000AF9
:10B8A000621C00F47F4002EB1422284300EB1222BA
:10B8B0000A704A785A43541C04EB1224020A000C02
:10B8C00002EB14224A708A7853435A1C02EB13236A
:10B8D00000EB1320887003B0BDE8F08F002606E768
:10B8E0000020064610E700200EE720460CE7002562
:10B8F0001EE70022154629E76246654626E7002234
:10B9000024E7224622E72DE9F04F9BB0F7EE006ACC
:10B910001892299A19901691506807931268269DDB
:10B92000DDE92A1300FB031303EB4303D3180A9347
:10B930002C9B1B680F932C9B5E680436169B002B78
:10B9400003DC189B002B40F34F832C9BB3F90810AA
:10B95000B3F90C20481E571E079B002B40F378813B
:10B96000259C2B145FEA244C06D4844504DA002B72
:10B9700002DBBB42C0F26D811CF1010C00F15B8166
:10B980006145C0F25881013300F155819A42C0F2FD
:10B990005281079B0A9F1793179B002B40F37881D6
:10B9A000259B4FEA254CC5F30330C3F303322C9B90
:10B9B000D3E9021E259B1B1400F1BA8101F1FF3867
:10B9C000434580F2B581BCF1000FC0F2B1810EF1A8
:10B9D000FF38C44580F2AC8109B20F9C0CFB0133E7
:10B9E00004EB0308E35C56F823304FEA136E002A99
:10B9F00000F0938198F801C056F82C400B94240E67
:10BA0000129478B108EB010C18F8011056F82110C7
:10BA10000891090E10919CF8011056F821100C9114
:10BA2000090E139192B2129980B2109C02FB00F998
:10BA30001201C9EB0010A2EB0908C2F5807280B2B6
:10BA40001FFA88F8121A08FB01F192B202FB0E11DC
:10BA500000FB0411139C09FB0411C1F30721002909
:10BA600000F0DE80BEF1FF0F1BD003F0FF1A03F4DD
:10BA70007F430EFB0AFA0EFB03FE4FEA1A230AF17C
:10BA8000011A0EF5807C03F0FF130CEB1E2C5344BF
:10BA90004FEA1C2C1B0A0CF47F4C03F0FF1343EA03
:10BAA0000C03129CFF2C21D00B9C04F0FF1B129C5A
:10BAB00004FB0BFB0B9C04F47F4A129C4FEA1B2EE9
:10BAC0000BF1011B04FB0AFA0EF0FF1E0AF5807C45
:10BAD000DE440CEB1A2A4FEA1E2E4FEA1A2A0EF009
:10BAE000FF1E0AF47F4A4EEA0A040B94109CFF2CB6
:10BAF00021D0089C04F0FF1B109C04FB0BFB089C4E
:10BB000004F47F4A109C4FEA1B2E0BF1011B04FB2F
:10BB10000AFA0EF0FF1E0AF5807CDE440CEB1A2AAE
:10BB20004FEA1E2E4FEA1A2A0EF0FF1E0AF47F4A31
:10BB30004EEA0A040894139CFF2C21D00C9C04F0BC
:10BB4000FF1B139C04FB0BFB0C9C04F47F4A139C0F
:10BB50004FEA1B2E0BF1011B04FB0AFA0EF0FF1E2D
:10BB60000AF5807CDE440CEB1A2A4FEA1E2E4FEABF
:10BB70001A2A0EF0FF1E0AF47F4A4EEA0A040C94B9
:10BB80000B9C03F0FF1E03F47F43C94304F0FF1C2A
:10BB9000089CC9B208FB0CFC02FB0ECC04F0FF1E93
:10BBA0000C9C00FB0ECC04F0FF1E0B9C09FB0ECC82
:10BBB00004F47F4E08FB0EF84FEA1C2C02FB0383B3
:10BBC000089A0CF0FF1C02F47F4A0C9A00FB0A331F
:10BBD00002F47F4009FB00393B784FEA192903FB47
:10BBE00001F209F47F49531C4CEA090C03EB1223C0
:10BBF0000CEB13233B707B784B435A1C02EB132254
:10BC00004FEA1C234FEA1C4C03EB12237B70BB78DA
:10BC100059434B1C03EB11210CEB112C87F802C08C
:10BC2000279B0337259A1A44289B1D44179B25926E
:10BC3000013B1793B0E6279B259C1C44289B1D4481
:10BC4000079B2594013B07930A9B03330A9383E6E2
:10BC500026D0079B2798013B259C00FB034000143E
:10BC60003FF597AE01398842BFF693AE289901FBA4
:10BC700003531B143FF58DAE013A9342BFF689AED4
:10BC80000A9BDDF81CB003F1030EBBF1000F6DDC65
:10BC9000079B23EAE3740A9B04EB440423440A93BE
:10BCA000169B002B40F3A08130EE040A249B70EE1B
:10BCB000A40AB0EE626AC6EE807A31EE051ABEEED4
:10BCC000C86A8DED256AB0EE436ABEEEC86A16EE0C
:10BCD000105A20EEA77A61EE277A77EE622A37EEC5
:10BCE000C33AFEEEC82ABEEEC83A12EE902AF0EE33
:10BCF000472A92FBF3F313EE102A2793249BB0EE0E
:10BD0000673A92FBF3F32893169B189A013B16931C
:10BD1000249B08BF1346079310E600283FF482AE29
:10BD200018F8011056F821100891090E109179E6C3
:10BD300013F101083FF574AF4145FFF671AF1CF1F7
:10BD400001083FF56DAFC645FFF66AAF09B2CDE910
:10BD5000023C0FFA8EF30091394601933346CDE948
:10BD600004200F9A1998FFF7A3FC59E7259BC5F308
:10BD70000330259CC3F303322C9B27140F9CB3F98B
:10BD800008102B1401FB0373E718E35C56F823300B
:10BD90004FEA136C002A00F01D8197F8018056F8D5
:10BDA00028400D94240E149470B107EB0108795CBF
:10BDB00056F821100991090E119198F8011056F8C2
:10BDC00021100E91090E159192B2119C80B202FBC6
:10BDD00000F91201C9EB0010A2EB0908C2F580714D
:10BDE000149A80B21FFA88F8091A08FB02F289B285
:10BDF00001FB0C2200FB0422159C09FB0422C2F368
:10BE00000722002A00F0DB80BCF1FF0F19D003F0FD
:10BE1000FF1A03F47F430CFB0AFA0CFB03FC4FEA06
:10BE20001A230AF1011A0CF5807703F0FF1307EBD0
:10BE30001C2753443F0A1B0A07F47F4703F0FF13F4
:10BE40003B43149CFF2C20D00D9C04F0FF17149C46
:10BE500067430D9C4FEA172C04F47F4A149C07F1AA
:10BE600001170CF0FF1C04FB0AFABC440AF58077AA
:10BE70004FEA1C2C07EB1A2A0CF0FF1C4FEA1A2A77
:10BE80000AF47F4A4CEA0A040D94119CFF2C20D03E
:10BE9000099C04F0FF17119C6743099C4FEA172C7B
:10BEA00004F47F4A119C07F101170CF0FF1C04FBFE
:10BEB0000AFABC440AF580774FEA1C2C07EB1A2AD1
:10BEC0000CF0FF1C4FEA1A2A0AF47F4A4CEA0A04D3
:10BED0000994159CFF2C20D00E9C04F0FF17159C94
:10BEE00067430E9C4FEA172C04F47F4A159C07F118
:10BEF00001170CF0FF1C04FB0AFABC440AF580771A
:10BF00004FEA1C2C07EB1A2A0CF0FF1C4FEA1A2AE6
:10BF10000AF47F4A4CEA0A040E940D9C03F0FF1CBD
:10BF200003F47F43D24304F0FF17099CD2B208FB0D
:10BF300007F701FB0C7704F0FF1C0E9C00FB0C774D
:10BF400004F0FF1C0D9C09FB0C7704F47F4C08FBEC
:10BF50000CF83F0A01FB0383099907F0FF1701F46E
:10BF60007F4A0E9900FB0A3301F47F4C09FB0C3C1D
:10BF70001EF8033C4FEA1C2C03FB02F10CF47F4C2F
:10BF80004B1C47EA0C0703EB112307EB13230EF8B6
:10BF9000033C1EF8023C5343591C01EB13213B0A9E
:10BFA0003F0C03EB11230EF8023C1EF8013C5A43F0
:10BFB000531C03EB122207EB12270EF8017C279B80
:10BFC0000EF1030E259A0BF1FF3B1A44289B259294
:10BFD0001D445AE600283FF4F7AE795C56F821106C
:10BFE0000991090E1191EFE61BB0BDE8F08F2DE924
:10BFF000F04F8DB08B46DDE9175C9DF86C100CFBA3
:10C000000357BCF1000F0B9107EB4707BDF958E050
:10C010009DF864809DF868A002EB07069BF800403D
:10C020009BF801009BF80210C0F2C180E64540F386
:10C03000BE80002DC0F2B780AB4240F3B480D25D29
:10C04000059272780692B27807926A1C00F1B68067
:10C05000934240F3B380B8F1000F00F0AF80F27864
:10C06000019232790292727903921CF1010C00F173
:10C07000AD80E64540F3AA80BAF1000F00F0A6803B
:10C08000002DC0F29F80AB4240F39C8003EB430243
:10C0900016F80290032203FB026C9CF801709CF8D6
:10C0A00002E00497013500F19880AB4240F395809F
:10C0B000B8F1000F00F091804FF0030C13FB0CC29D
:10C0C000B55C03FB0C6203FB0C6312795E791FFA0B
:10C0D00088F31FFA8AFC03FB0CF71B010897C7EBD8
:10C0E0000C1CC3F5807ADB1BBDF82C701FFA8CFC8E
:10C0F0009BB20997AAEB0C0A0B9F0A931FFA8AFAC4
:10C100006FEA0708019F5F43059B5FFA88F80AFB07
:10C110000377089B14FB08F40CFB097710FB08F06D
:10C1200011FB08F103FB0577099BC7F3072707FB02
:10C1300003470A9BBFB27C1C04EB172424128BF824
:10C140000040029C5C43069B0AFB0344049B0CFBDF
:10C150000344089B03FB0244099B0A9AC4F3072487
:10C1600004FB0304039B5A43A4B21346079A601CC2
:10C170000AFB023A089B00EB14240CFB0EAC2412C1
:10C1800003FB06C6099B8BF80140C6F3072606FB96
:10C19000031189B24E1C06EB112109128BF8021013
:10C1A0000DB0BDE8F08FCDE9060105944DE7CDE96E
:10C1B000020101940594CDE9060156E7CDE902019B
:10C1C000019452E78E460490A1466BE70E46024664
:10C1D00025468E460490A14679E70E46024625463E
:10C1E00075E72DE9F04F9FB00E9207932D9A9DF8B9
:10C1F000C4301D900C9350680B911268DDE92E132A
:10C20000DDE929A800FB031303EB4303D3180893CC
:10C21000309B1B680A930C9BDB43DBB209930B9B9F
:10C22000002B03DC0E9B002B40F3F581309BB3F910
:10C230000810B3F90C20481E541E079B002B40F336
:10C24000D5805FEA2A454FEA284306D4854204DABE
:10C25000002B02DBA342C0F2CA80013500F1BB8093
:10C26000A942C0F2B880013300F1B5809A42C0F211
:10C27000B280079B089D0D930D9B002B40F3D68049
:10C2800030984FEA2844309BCAF30332C6685FEA0D
:10C290002A40C8F303319B6800F10F815F1EB8424A
:10C2A00080F20B81002CC0F20881771EBC4280F224
:10C2B00004811BB204FB03000A9C00EB400026181B
:10C2C000245CB77870780F97777996F803E096F842
:10C2D00004C01097C9B14FF0030B6FF00409053685
:10C2E00013FB0B9306EB030BF35C11939BF80130EC
:10C2F00013939BF8023015939BF8033012939BF82D
:10C30000043014939BF80530169392B2119F89B2B2
:10C31000BDF8303002FB01F61201C6EB0111C2F587
:10C320008079921B89B292B2A9EB010902FB0EFE41
:10C330001FFA89F902FB0CFC09FB04E495F800E004
:10C3400009FB00C001FB0744129F06FB0744099F3D
:10C350001EFB07FEC4F3072404FB03E4A4B204F1AC
:10C36000010E0EEB142E139C01FB0400149C4FEAEB
:10C370002E2E06FB04006C7885F800E014FB07F411
:10C38000C0F3072000FB034080B2441C04EB1020E4
:10C3900000126870109842430F9809FB002215980C
:10C3A00001FB0021169A06FB0216A97811FB07F182
:10C3B000C6F3072606FB03139BB25E1C06EB132392
:10C3C0001B12AB702B9B03359A442C9B98440D9BFE
:10C3D000013B0D9350E72B9B9A442C9B9844079B61
:10C3E000013B0793089B0333089326E726D0079B5E
:10C3F0002B98013B00FB03A000143FF53AAF013935
:10C400008842BFF636AF2C9901FB03831B143FF51E
:10C4100030AF013A9342BFF62CAF089BDDF81CC049
:10C42000DD1CBDF830E0BCF1000F5FDC079B089A13
:10C4300023EAE37303EB43031A4408920B9B002B9C
:10C4400040F3E980B7EE007A289B30EE040A70EEE4
:10C45000A40AF0EE626AC7EE007A31EE051AFEEE2B
:10C46000C86A16EE90AAF0EE436AFEEEC86A16EEAF
:10C47000908A20EEA77A61EE277A77EE622A37EE6D
:10C48000C33AFEEEC82ABEEEC83A12EE902AF0EE8B
:10C49000472A92FBF3F313EE102A2B93289BB0EE5E
:10C4A000673A92FBF3F32C930B9B0E9A013B0B9391
:10C4B000289B08BF13460793B1E6471C82D4BB42B2
:10C4C00080DB671C3FF57EAFBE42FFF67BAF0C9F63
:10C4D00036B201901BB200961D98CDE90417CDE944
:10C4E000024229460A9AFFF782FD6BE730994FEA2C
:10C4F0002A40C8F30332CAF30333B1F908704FEA94
:10C50000284107FB01010A9801EB41014418405CF6
:10C51000A67861780F96E6780D91109694F80490BD
:10C5200094F805B092B16FF004060321053417FBAF
:10C530000167E619E45D179474781994B4781B9434
:10C54000F478189434791A9474791C949BB2109FDF
:10C5500092B2099903350CF1FF3C03FB02F41B0175
:10C56000C4EB0212C3F580761B1B92B29BB2B61AC3
:10C570005F43B6B203FB09F903FB0BFB0F9B06FB02
:10C580000070179F06FB03BB1B9B02FB0700189F55
:10C5900002FB03BB1C9B04FB070015F8067C17FB82
:10C5A00001F7C0F307200D9900FB0E7006FB019107
:10C5B00080B2471C07EB1020099F001205F8060CFB
:10C5C000199802FB00111A9804FB001115F8050CCC
:10C5D00004FB03B415F8043C10FB07F0C1F307217A
:10C5E00013FB07F3C4F3072401FB0E0104FB0E3415
:10C5F00089B2A4B2481C631C00EB112103EB142484
:10C600002B9B091224129A442C9B05F8051C05F853
:10C61000044C984407E71FB0BDE8F08F2DE9F04FB8
:10C6200087B00D784C789DF84C00BDF940700490AF
:10C630009DF85000DDE911B6059006FB03BC002E05
:10C6400088780CEB4C0C02EB0C09C0F28480B742EA
:10C6500040F38180BBF1000F79DB5B4577DD12F899
:10C660000C20019299F80120029299F8022003927D
:10C670001BF1010276D4934274DD049A002A71D032
:10C6800099F8038099F804C099F805A0013671D48F
:10C69000B7426FDD059A002A6CD0BBF1000F65DB55
:10C6A0005B4563DD03EB430219F802E0032203FB61
:10C6B00002967778B6781BF1010B0CD45B450ADD46
:10C6C000049A42B1032213FB022019F8005003FB25
:10C6D000029004794079BDF81030BDF8142003FBB6
:10C6E00002FB1B01CBEB0212C3F58079A3EB0B031A
:10C6F00092B29BB2A9EB020904931FFA89F903FBDA
:10C7000008F8019B09FB0388049B03FB0CFC029BBC
:10C7100002FB0E8809FB03CC049B0BFB058802FB84
:10C7200007C703FB0AF34FEA28280BFB047481F8C0
:10C73000008024124C70039C09FB043902FB069212
:10C740000BFB00200012887007B0BDE8F08FCDE928
:10C75000024001958CE78246A446A8460195CDE9A2
:10C76000024093E78246A446A8468FE7064627463E
:10C77000AE46A0E706462746AE46ACE72DE9F04FA9
:10C780009BB00B92299A19900991506806931268F0
:10C79000DDE92A13DDE925B400FB031303EB4303B2
:10C7A000D31807932C9B1B680893099B002B03DC71
:10C7B0000B9B002B40F3AB812C9BB3F90810B3F912
:10C7C0000C20481E551E069B002B40F3B1805FEAEB
:10C7D0002B464FEA244306D4864204DA002B02DBC0
:10C7E000AB42C0F2A680013600F19780B142C0F2A0
:10C7F0009480013300F191809A42C0F28E80069BB2
:10C80000079E0A930A9B002B40F3B0802C982514B6
:10C810002C9BCBF30332C7685FEA2B40C4F3033190
:10C820009B6800F1EA8003F1FF3C604580F2E580FF
:10C83000002DC0F2E28007F1FF3C654580F2DD800B
:10C840001BB205FB0300089D00EB40002F182D5C78
:10C85000787897F802E00C9097F8039097F80480A6
:10C8600097F805A0C9B14FF0030C6FF0040005372D
:10C8700013FB0C0307EB030CFB5C0D939CF80130DE
:10C880000F939CF8023011939CF803300E939CF8A0
:10C89000043010939CF80530129392B20C9889B230
:10C8A00002FB01F31201C3EB0111C2F58077D21A2A
:10C8B00089B292B27F1A02FB09F9BFB202FB08F8F3
:10C8C00002FB0AFA119A07FB05990D9D07FB0088E8
:10C8D0000F9807FB0EAA01FB05990E9D01FB00882E
:10C8E000109801FB02A1129A03FB059903FB008833
:10C8F00003FB02134FEA29294FEA28281B1286F866
:10C90000009086F80180B370279B03369B44289BD8
:10C910001C440A9B013B0A9374E7279B9B44289B7A
:10C920001C44069B013B0693079B033307934AE78E
:10C9300024D0069B2798013B00FB03B000143FF571
:10C940005EAF01398842BFF65AAF289901FB034315
:10C950001B143FF554AF013A9342BFF650AF079B0B
:10C96000DDF818E0DE1CBEF1000F5FDC069B23EA59
:10C97000E374079B04EB440423440793099B002BB7
:10C9800040F3C580B7EE007A249B30EE040A70EEC7
:10C99000A40AF0EE626AC7EE007A31EE051AFEEEE6
:10C9A000C86A16EE90BAF0EE436AFEEEC86A16EE5A
:10C9B000904A20EEA77A61EE277A77EE622A37EE68
:10C9C000C33AFEEEC82ABEEEC83A12EE902AF0EE46
:10C9D000472A92FBF3F313EE102A2793249BB0EE21
:10C9E000673A92FBF3F32893099B0B9A013B099357
:10C9F000249B08BF13460693D7E610F1010C83D49D
:10CA0000634581DB15F1010C3FF57EAF6745FFF60D
:10CA10007BAF3FB21BB20097CDE90321CDE9010501
:10CA2000089A31461998FFF7F9FD6DE72C994FEAFE
:10CA30002B40CBF30333C4F30332B1F908C0211404
:10CA40000A930CFB0101089801EB41014518405C79
:10CA50006F79697895F8028095F803A095F80490AD
:10CA60000C97A2B103276FF0040305351CFB073CAC
:10CA700005EB0C0715F80C5013957D781595BD78CE
:10CA80001795FD7814953D7916957D791895BDF823
:10CA9000283092B203360EF1FF3E03FB02F51B0174
:10CAA000C5EB0212C3F580775B1B92B29BB2BF1A33
:10CAB00003FB09F9BFB203FB0AFA07FB01991599B9
:10CAC00007FB00AA139802FB0199169902FB00AA22
:10CAD000149805FB01990C9905FB00AA4B43179983
:10CAE0004FEA2A2A07FB08334FEA292906F806AC41
:10CAF00002FB0132189B06F8059C05FB0325279BCA
:10CB00002D129B44289B06F8045C1C442BE71BB0A9
:10CB1000BDE8F08F2DE9F04F87B0DDE91175BDF963
:10CB2000408005FB0370002D9DF84C409DF850E0BF
:10CB300002EB800CC0F21F81A84540F31C81002F3E
:10CB4000C0F21781BB4240F3148152F820607A1C76
:10CB500000F11481934240F31181002C00F0108108
:10CB6000DCF80400013500F10F81A84540F30C8189
:10CB7000BEF1000F00F00B81002FC0F20381BB4219
:10CB800040F300815CF82350013700F10381BB4280
:10CB900040F30081002C00F0FF8001335CF823207B
:10CBA0001FFA84FC1FFA8EFE4FEA166A0CFB0EF980
:10CBB000130E4FEA0C1CC9EB0E1E0293ACEB0907D7
:10CBC000CCF580731FFA8EF406F0FF1E06F47F4644
:10CBD0004FEA106B0AFB0EFE1B1B0AFB06F64FEA20
:10CBE00015684FEA1E2C0EF1011E9BB20CF0FF1CC3
:10CBF000BFB20193E64406F5807C4FEA1E2E0CEB93
:10CC000016260EF0FF130393330A00F0FF1600F40C
:10CC10007F4004930BFB06F60BFB00F04FEA162E49
:10CC200006F101160EF0FF1EB64400F5807606EB05
:10CC3000102005F0FF1605F47F454FEA1E2E08FB75
:10CC400006F6030A08FB05F50EF0FF1E300A06F192
:10CC500001160593130E00F0FF100EFB07FE304483
:10CC600005F5807606EB152502F0FF1602F47F42EB
:10CC7000000A5E432D0A5A43039B4FEA162C06F125
:10CC8000011600F0FF100CF0FF1CB44402F5807692
:10CC90004FEA1C2C06EB1222019E0CF0FF1C03FB3A
:10CCA00006EE049B120A0CFB09EE03F47F46059B7B
:10CCB00002F47F4200FB04EE4FEA1E2E0EF0FF103E
:10CCC00003F47F4E019B07FB0EFE07FB0BF703FBF4
:10CCD00006EE03FB0A7309FB02E205F47F4E04FB38
:10CCE0000E2E9DF8542004FB0834029B92B209FBDF
:10CCF00003494FEA1E2EC9F307290EF47F4E09FBA4
:10CD000002F940EA0E0E09F101035FFA8EF010FB02
:10CD100002F003EB19290B786FEA19295FFA89F9F8
:10CD200003FB09039BB2581C00EB1323487810FB4C
:10CD300009F01B120B70CEF307234FEA1E4E03FBC4
:10CD400002039BB2581C00EB13231B124B708B7811
:10CD500013FB09F90EFB029E1FFA8EFE0EF1010372
:10CD600003EB1E2E4FEA2E2E81F802E007B0BDE83D
:10CD7000F08F0026EBE600200646F3E60020F1E601
:10CD80002046EFE60025FFE60022154608E772463A
:10CD9000754605E7002203E7224601E72DE9F04F3B
:10CDA0009DB0199207932B9A9DF8BC301B901A9353
:10CDB000506817911268DDE92C13DDE9275600FB56
:10CDC000031303EB4303D3180A932E9B1B681093A2
:10CDD000BDF868300B93179B002B03DC199B002BCD
:10CDE00040F368832E9BB3F90810B3F90C20481E5A
:10CDF000571E079B002B40F387815FEA254C4FEAC3
:10CE0000264306D4844504DA002B02DBBB42C0F281
:10CE10007C811CF1010C00F16C816145C0F26981DB
:10CE2000013300F166819A42C0F26381079B0A9F39
:10CE30001893189B002B40F386812E9B2A144FEAEF
:10CE40002640C5F30331C6F3033CD3E902E300F106
:10CE5000CB810EF1FF38424580F2C6810028C0F236
:10CE6000C38103F1FF38404580F2BE810FFA8EF393
:10CE700000FB0322109800EB820850F822204FEAB2
:10CE8000126E002900F0A681D8F804000C90000E64
:10CE90001390BCF1000F0FD003F18043013B9B00C6
:10CEA000043308EB030058F8033008931B0E11936A
:10CEB00043680D931B0E149389B2119C1FFA8CFCCE
:10CEC000080101FB0CF9C0F58073C9EB0C1CA0EB49
:10CED000090813981FFA8CF11FFA88F85B1A08FBEF
:10CEE00000F09BB203FB0E0001FB0400149C09FB45
:10CEF0000400C0F30720002800F0F280BEF1FF0F0D
:10CF00001BD002F0FF1A02F47F420EFB0AFA0EFB5E
:10CF100002FE4FEA1A220AF1011A0EF5807C02F095
:10CF2000FF120CEB1E2C52444FEA1C2C120A0CF47C
:10CF30007F4C02F0FF1242EA0C02139CFF2C21D01E
:10CF40000C9C04F0FF1B139C04FB0BFB0C9C04F4D7
:10CF50007F4A139C4FEA1B2E0BF1011B04FB0AFABC
:10CF60000EF0FF1E0AF5807CDE440CEB1A2A4FEA15
:10CF70001E2E4FEA1A2A0EF0FF1E0AF47F4A4EEACE
:10CF80000A040C94119CFF2C21D0089C04F0FF1B78
:10CF9000119C04FB0BFB089C04F47F4A119C4FEA94
:10CFA0001B2E0BF1011B04FB0AFA0EF0FF1E0AF503
:10CFB000807CDE440CEB1A2A4FEA1E2E4FEA1A2A16
:10CFC0000EF0FF1E0AF47F4A4EEA0A040894149CED
:10CFD000FF2C21D00D9C04F0FF1B149C04FB0BFBC9
:10CFE0000D9C04F47F4A149C4FEA1B2E0BF1011B8D
:10CFF00004FB0AFA0EF0FF1E0AF5807CDE440CEBFF
:10D000001A2A4FEA1E2E4FEA1A2A0EF0FF1E0AF4C1
:10D010007F4A4EEA0A040D940C9C02F0FF1E02F4B3
:10D020007F4204F0FF1C089C08FB0CFC03FB0ECCA9
:10D0300004F0FF1E0D9C01FB0ECC04F0FF1E0C9CA7
:10D0400009FB0ECC04F47F4E08FB0EF84FEA1C2CB3
:10D0500003FB0282089B0CF0FF1C03F47F4A0D9B2C
:10D0600001FB0A2203F47F410B9B09FB01290B9969
:10D0700043434FEA1929581C09F47F4900EB132058
:10D080003B784CEA090C6FEA10205FFA8CF2C0B2D0
:10D0900012FB01F203FB00239BB25A1C02EB132389
:10D0A0007A7812FB00F21B123B70CCF307234FEA95
:10D0B0001C4C03FB01239BB25A1C02EB13231B12D3
:10D0C0007B70BB7813FB00F00CFB010C1FFA8CFC8F
:10D0D0000CF1010303EB1C2C4FEA2C2C87F802C047
:10D0E000299B03371D442A9B1E44189B013B189320
:10D0F0009FE6299B1D442A9B1E44079B013B0793E7
:10D100000A9B03330A9374E625D0079B2998013BB9
:10D1100000FB035000143FF589AE01398842BFF689
:10D1200085AE2A9901FB03631B143FF57FAE013ADC
:10D130009342BFF67BAE0A9BDDF81CB003F1030EF1
:10D14000BBF1000F6EDC079B23EAE3740A9B04EB40
:10D15000440423440A93179B002B40F3AB81B7EEA2
:10D16000007A269B30EE040A70EEA40AF0EE626AA2
:10D17000C7EE007A31EE051AFEEEC86A16EE905A36
:10D18000F0EE436AFEEEC86A16EE906A20EEA77AC9
:10D1900061EE277A77EE622A37EEC33AFEEEC82AAE
:10D1A000BEEEC83A12EE902AF0EE472A92FBF3F355
:10D1B00013EE102A2993269BB0EE673A92FBF3F305
:10D1C0002A93179B199A013B1793269B08BF134676
:10D1D000079300E6BCF1000F3FF46EAE58F8233021
:10D1E00008931B0E119367E612F101083FF578AF23
:10D1F000C645FFF675AF10F101083FF571AF434525
:10D20000FFF66EAF1A9C1BB2019200930FFA8EF3D9
:10D21000109ACDE90201CDE904C439461B98FFF705
:10D2200079FC5DE72E9B2F14109CC5F30331B3F9F5
:10D2300008203314C6F3033002FB037304EB8307A7
:10D2400054F823304FEA136C002900F02A817C68DF
:10D250000E94240E159478B102F18042013A9200A6
:10D26000043207EB0208BA580992120E1292D8F84B
:10D2700004200F92120E169289B2129C80B201FB0A
:10D2800000F90901C9EB0010A1EB0908C1F5807292
:10D29000159980B21FFA88F8121A08FB01F192B2B0
:10D2A00002FB0C1100FB0411169C09FB0411C1F3D5
:10D2B0000721002900F0EC80BCF1FF0F19D003F02A
:10D2C000FF1A03F47F430CFB0AFA0CFB03FC4FEA42
:10D2D0001A230AF1011A0CF5807703F0FF1307EB0C
:10D2E0001C2753443F0A1B0A07F47F4703F0FF1330
:10D2F0003B43159CFF2C20D00E9C04F0FF17159C7F
:10D3000067430E9C4FEA172C04F47F4A159C07F1E3
:10D3100001170CF0FF1C04FB0AFABC440AF58077E5
:10D320004FEA1C2C07EB1A2A0CF0FF1C4FEA1A2AB2
:10D330000AF47F4A4CEA0A040E94129CFF2C20D077
:10D34000099C04F0FF17129C6743099C4FEA172CB5
:10D3500004F47F4A129C07F101170CF0FF1C04FB38
:10D360000AFABC440AF580774FEA1C2C07EB1A2A0C
:10D370000CF0FF1C4FEA1A2A0AF47F4A4CEA0A040E
:10D380000994169CFF2C20D00F9C04F0FF17169CCC
:10D3900067430F9C4FEA172C04F47F4A169C07F151
:10D3A00001170CF0FF1C04FB0AFABC440AF5807755
:10D3B0004FEA1C2C07EB1A2A0CF0FF1C4FEA1A2A22
:10D3C0000AF47F4A4CEA0A040F940E9C03F0FF1CF7
:10D3D00003F47F4304F0FF17099C08FB07F702FBE7
:10D3E0000C7704F0FF1C0F9C00FB0C7704F0FF1C73
:10D3F0000E9C09FB0C7704F47F4C08FB0CF83F0AE9
:10D4000002FB0383099A07F0FF1702F47F4A0F9A81
:10D4100000FB0A3302F47F4C0B9809FB0C3C0B9B7E
:10D420004FEA1C2C4B430CF47F4C591C47EA0C0769
:10D4300001EB13211EF8033CFAB26FEA112112FB33
:10D4400000F2C9B203FB01239BB25A1C02EB132367
:10D450001EF8022C12FB01F21B120EF8033CC7F35C
:10D4600007233F0C03FB00239BB25A1C02EB132340
:10D470001B120EF8023C1EF8013C13FB01F107FBE6
:10D480000017BFB2791C01EB17273F120EF8017C81
:10D49000299B0EF1030E0BF1FF3B1D442A9B1E44FA
:10D4A0004EE600283FF4E8AE57F822200992120E0B
:10D4B0001292E1E61DB0BDE8F08F2DE9F04F87B084
:10D4C000DDE91175BDF9408005FB0370002D9DF865
:10D4D0004C409DF850E002EB800CC0F20A81A84558
:10D4E00040F30781002FC0F20281BB4240F3FF806E
:10D4F00052F820607A1C00F1FF80934240F3FC80D8
:10D50000002C00F0FB80DCF80400013500F1FA800B
:10D51000A84540F3F780BEF1000F00F0F680002F21
:10D52000C0F2EE80BB4240F3EB805CF82350013741
:10D5300000F1EE80BB4240F3EB80002C00F0EA806B
:10D5400001335CF823201FFA84FC1FFA8EFE4FEA99
:10D55000166A0CFB0EF9130E4FEA0C1CC9EB0E1EDB
:10D560000293ACEB0907CCF580731FFA8EF406F03A
:10D57000FF1E06F47F464FEA106B0AFB0EFE1B1BD4
:10D580000AFB06F64FEA15684FEA1E2C0EF1011E43
:10D590009BB20CF0FF1CBFB20193E64406F5807C01
:10D5A0004FEA1E2E0CEB16260EF0FF130393330AE0
:10D5B00000F0FF1600F47F4004930BFB06F60BFB14
:10D5C00000F04FEA162E06F101160EF0FF1EB644CB
:10D5D00000F5807606EB102005F0FF1605F47F4578
:10D5E0004FEA1E2E08FB06F6030A08FB05F50EF0AF
:10D5F000FF1E300A06F101160593130E00F0FF100E
:10D600000EFB07FE304405F5807606EB152502F08B
:10D61000FF1602F47F42000A5E432D0A5A43039B21
:10D620004FEA162C06F1011600F0FF100CF0FF1C5B
:10D63000B44402F580764FEA1C2C06EB1222019EC0
:10D640000CF0FF1C03FB06EE049B120A0CFB09EE18
:10D6500003F47F46059B02F47F4200FB04EE4FEA91
:10D660001E2E0EF0FF1003F47F4E019B07FB0EFEF3
:10D6700007FB0BF703FB06EE03FB0A7309FB02E251
:10D6800005F47F4E04FB0E2E04FB0834029B4FEA88
:10D690001E2E09FB03490B780EF47F4E6FEA2929F1
:10D6A00040EA0E0E5FFA89F903FB09F2531C03EB03
:10D6B00012230EEB13230B704B7803FB09F35A1C58
:10D6C00002EB13224FEA1E234FEA1E4E03EB1223F6
:10D6D0004B708B7803FB09F909F1010303EB19295E
:10D6E0000EEB192E81F802E007B0BDE8F08F00269E
:10D6F00000E70020064608E7002006E7204604E78A
:10D70000002514E7002215461DE7724675461AE704
:10D71000002218E7224616E72DE9F04F99B0CDE92F
:10D720001512279A1790069350681268DDE928139E
:10D73000DDE9235600FB031303EB4303D3180993DE
:10D740002A9B1B680E93159B002B03DC169B002B5A
:10D7500040F360832A9BB3F90810B3F90C20481EEC
:10D76000571E069B002B40F37B815FEA254C4FEA56
:10D77000264306D4844504DA002B02DBBB42C0F208
:10D7800070811CF1010C00F160816145C0F25D8186
:10D79000013300F15A819A42C0F25781DDF81880B6
:10D7A000099FB8F1000F40F379812A9A4FEA264C7D
:10D7B0002A9BC5F30331D2F80CE02A14C6F30330D8
:10D7C0009B6800F1BE8103F1FF394A4580F2B981BF
:10D7D000BCF1000FC0F2B5810EF1FF39CC4580F2EB
:10D7E000B0811BB20E9C0CFB032204EB820954F89F
:10D7F00022204FEA126E002900F09781D9F80440E8
:10D800000A94240E119480B103F18043013B9B00E4
:10D81000043309EB030C59F8033007931B0E0F93E5
:10D82000DCF804300B931B0E129389B2119B80B26B
:10D830000F9C01FB00FA0901CAEB0010A1EB0A09D9
:10D84000C1F5807180B21FFA89F9091A09FB03F347
:10D8500089B201FB0E3300FB0433129C0AFB043334
:10D86000C3F30723002B00F0E880BEF1FF0F1BD0AD
:10D8700002F0FF1B02F47F420EFB0BFB0EFB02FECD
:10D880004FEA1B220BF1011B0EF5807C02F0FF1208
:10D890000CEB1E2C5A444FEA1C2C120A0CF47F4C41
:10D8A00002F0FF1242EA0C02119CFF2C21D00A9CCC
:10D8B00004F0FF1C119C04FB0CFC0A9C4FEA1C2E7C
:10D8C00004F47F4B119C0CF1011C0EF0FF1E04FBB5
:10D8D0000BFBE6440BF5807C4FEA1E2E0CEB1B2B5A
:10D8E0000EF0FF1E4FEA1B2B0BF47F4B4EEA0B048E
:10D8F0000A940F9CFF2C21D0079C04F0FF1C0F9C66
:10D9000004FB0CFC079C4FEA1C2E04F47F4B0F9C7D
:10D910000CF1011C0EF0FF1E04FB0BFBE6440BF5A3
:10D92000807C4FEA1E2E0CEB1B2B0EF0FF1E4FEAE5
:10D930001B2B0BF47F4B4EEA0B040794129CFF2C1D
:10D9400021D00B9C04F0FF1C129C04FB0CFC0B9CD4
:10D950004FEA1C2E04F47F4B129C0CF1011C0EF0BC
:10D96000FF1E04FB0BFBE6440BF5807C4FEA1E2EEA
:10D970000CEB1B2B0EF0FF1E4FEA1B2B0BF47F4B07
:10D980004EEA0B040B940A9C02F0FF1E02F47F4245
:10D99000FF2B04F0FF1C079C09FB0CFC01FB0ECCC9
:10D9A00004F0FF1E0B9C00FB0ECC04F0FF1E0A9C33
:10D9B0000AFB0ECC04F47F4E09FB0EF94FEA1C2C37
:10D9C00001FB029207990CF0FF1C01F47F4B0B99AD
:10D9D00000FB0B2201F47F400AFB002A4FEA1A2ABF
:10D9E0000AF47F4A4CEA0A0C5FFA8CF0CCF3072168
:10D9F0004FEA1C4C00F0A280DB433A7897F802A073
:10DA0000DBB202FB03FE0AFB03FA0EF1010202EB9A
:10DA10001E2200EB12223A707A7802FB03F00AF120
:10DA20000103421C03EB1A2302EB10220CEB132C14
:10DA300001EB12227A7087F802C0259B033708F1A8
:10DA4000FF381D44269B1E44ABE6259B1D44269BA8
:10DA50001E44069B013B0693099B0333099380E612
:10DA600024D0069B2598013B00FB035000143FF592
:10DA700095AE01398842BFF691AE269901FB03634A
:10DA80001B143FF58BAE013A9342BFF687AE099B5C
:10DA9000DDF818B0DF1CBBF1000F6EDC069B23EA3B
:10DAA000E374099B04EB440423440993159B002B66
:10DAB00040F3B081B7EE007A229B30EE040A70EE9C
:10DAC000A40AF0EE626AC7EE007A31EE051AFEEEA5
:10DAD000C86A16EE905AF0EE436AFEEEC86A16EE79
:10DAE000906A20EEA77A61EE277A77EE622A37EE07
:10DAF000C33AFEEEC82ABEEEC83A12EE902AF0EE05
:10DB0000472A92FBF3F313EE102A2593229BB0EEE3
:10DB1000673A92FBF3F32693159B169A013B1593F4
:10DB2000229B08BF134606930DE600283FF47DAE06
:10DB300059F8233007931B0E0F9376E638707970EF
:10DB400079E712F101093FF578AF4B45FFF675AF64
:10DB50001CF101093FF571AFCE45FFF66EAF1BB268
:10DB6000CDE9012C0FFA8EF2CDE90310009239466F
:10DB70000E9A1798FFF7A1FC5FE72A9B29140E9CC9
:10DB8000C5F30332B3F908C03314C6F303300CFBFA
:10DB900003130E9901EB830154F823304FEA136EFF
:10DBA000002A00F029814C680C94240E139498B13B
:10DBB0000CF1804C0CF1FF3C4FEA8C0C0CF1040C86
:10DBC00001EB0C0851F80C100891090E1091D8F8CF
:10DBD00004100D91090E149192B2109C80B202FBB8
:10DBE00000F91201C9EB0010A2EB0908C2F580711F
:10DBF000139A80B21FFA88F8091A08FB02F289B258
:10DC000001FB0E2200FB0422149C09FB0422C2F338
:10DC10000722002A00F0E880BEF1FF0F1BD003F0BE
:10DC2000FF1A03F47F430EFB0AFA0EFB03FE4FEAD2
:10DC30001A230AF1011A0EF5807C03F0FF130CEB96
:10DC40001E2C53444FEA1C2C1B0A0CF47F4C03F08F
:10DC5000FF1343EA0C03139CFF2C21D00C9C04F00F
:10DC6000FF1C139C04FB0CFC0C9C4FEA1C2E04F4C0
:10DC70007F4A139C0CF1011C0EF0FF1E04FB0AFAF4
:10DC8000E6440AF5807C4FEA1E2E0CEB1A2A0EF0B1
:10DC9000FF1E4FEA1A2A0AF47F4A4EEA0A040C943D
:10DCA000109CFF2C21D0089C04F0FF1C109C04FB4E
:10DCB0000CFC089C04F47F4E109C04FB0EFA4FEA07
:10DCC0001C2E0CF1011C0EF0FF1EE6440AF5807CB0
:10DCD0000CEB1A2A4FEA1E2E4FEA1A2A0EF0FF1EEC
:10DCE0000AF47F4A4EEA0A040894149CFF2C21D0BF
:10DCF0000D9C04F0FF1C149C04FB0CFC0D9C4FEAD3
:10DD00001C2E04F47F4A149C0CF1011C0EF0FF1E23
:10DD100004FB0AFAE6440AF5807C4FEA1E2E0CEB5F
:10DD20001A2A0EF0FF1E4FEA1A2A0AF47F4A4EEA18
:10DD30000A040D940C9C03F0FF1E03F47F43FF2A9A
:10DD400004F0FF1C089C08FB0CFC01FB0ECC04F04B
:10DD5000FF1E0D9C00FB0ECC04F0FF1E0C9C09FB6B
:10DD60000ECC04F47F4E08FB0EF84FEA1C2C01FB8E
:10DD7000038308990CF0FF1C01F47F4A0D9900FB06
:10DD80000A3301F47F4E09FB0E3E4FEA1E2E0EF4BD
:10DD90007F4E4CEA0E0C5FFA8CF0CCF307214FEA71
:10DDA0001C4C32D0D24317F803ECD2B20EFB02FE69
:10DDB0000EF1010303EB1E2300EB132317F8020CF3
:10DDC000504307F8033C431C03EB102301EB1321E2
:10DDD00017F8013C534307F8021C5A1C02EB1322AC
:10DDE0000CEB122C07F801CC259B03370BF1FF3B02
:10DDF0001D44269B1E444EE600283FF4EDAE51F82C
:10DE00002C100891090E1091E6E607F8030C07F8AC
:10DE1000021CE7E719B0BDE8F08F00002DE9F04FD4
:10DE2000DDE90B40BDF92490002CBDF928809DF858
:10DE3000347000FB034E9DF838C0C0F2B880A14595
:10DE400040F3B5800028C0F2B280804540F3AF8037
:10DE50004FEA5E051EF0010F565D0CBF06F00F067F
:10DE6000361106EB0616F6B214F1010A00F1A18094
:10DE7000D14540F39E800028C0F29B80804540F34E
:10DE80009880002F00F097800EF1010B4FEA5B05A0
:10DE90001BF0010F555D0CBF05F00F052D1105EBB3
:10DEA0000515EDB2BCF1000F00F08980002C00F1E7
:10DEB0000100C0F28280A1457FDD00287DDB804526
:10DEC0007BDD03EB0E0B4FEA5B041BF0010F145DCF
:10DED0000CBF04F00F04241104EB0414E4B2BAF1F3
:10DEE000000F6FDBD1456DDD00286BDB804569DD00
:10DEF000002F69D001339E444FEA5E031EF0010FEC
:10DF0000D05C0CBF00F00F00001100EB0010C3B29A
:10DF1000BAB21FFA8CFC02FB0CF01201C0EB0C1C15
:10DF2000C2F58077121A1FFA8CFC92B2A7EB0C078D
:10DF30006A43BFB206FB07220CFB042400FB034329
:10DF4000C3F307238BB3214A14689DF83C20E5B244
:10DF500053435A1C02EB1322121290B2D24315FB08
:10DF600000F5D3B20A7802FB035292B2551C05EBBE
:10DF700012224D7815FB03F512120A70C4F3072222
:10DF8000C4F3074402FB005292B2551C05EB122267
:10DF900012124A708A7812FB03F304FB00339BB21F
:10DFA0005A1C02EB13231B128B70BDE8F08F002666
:10DFB0005AE7002576E73D4674E700248FE763467D
:10DFC0006446A5E70023A3E73B46A1E7845102246A
:10DFD0002DE9F04F97B014920993259A9DF8A4303B
:10DFE00015900C9150680E931268DDE92613DDE957
:10DFF000215600FB031303EB430302EB030A289BA8
:10E000009B68013323F001030F93289B1F680C9B2F
:10E01000002B03DC149B002B40F34782289BB3F9B1
:10E020000810B3F90C20481E02F1FF3C099B002B9D
:10E0300040F3E5805FEA254E4FEA264306D4864545
:10E0400004DA002B02DB6345C0F2DA801EF1010E18
:10E0500000F1CB807145C0F2C880013300F1C5806A
:10E060009A42C0F2C280099BD046BDF93C900D9304
:10E070000D9B002B40F3E380289B3014C5F3033243
:10E08000C6F30331D3E902CE2B1400F12E810CF13B
:10E09000FF3B5B4580F229810028C0F226810EF10A
:10E0A000FF3B584580F2218100FB09335808DC070B
:10E0B00017F800C054BF0CF00F0C4FEA2C1C0CEBEF
:10E0C0000C1C5FFA8CFC002A00F0FE80581C4FEA02
:10E0D000500EC00717F80EE054BF0EF00F0E4FEAB7
:10E0E0002E1E0EEB0E1E5FFA8EF01090D9B14B442F
:10E0F0005808DC0703F10103385C54BF00F00F003F
:10E100000011DC0700EB0010C0B20A904FEA530088
:10E1100017F800E054BF0EF00F034FEA2E1303EB85
:10E120000313DBB2119392B289B2130102FB01F027
:10E13000109AC3F5807EC0EB01111B1A89B29BB205
:10E14000AEEB010E53431FFA8EFE0CFB0E320A9B00
:10E1500001FB0322119B00FB0322C2F30722002ACA
:10E1600039D0C74B19680E9B5FFA81FC5A43531C88
:10E1700003EB1222121290B2D2431CFB00FCD3B26A
:10E1800098F8002002FB03C292B202F1010C0CEBE2
:10E19000122298F801C01CFB03FC121288F8002020
:10E1A000C1F30722C1F3074102FB00C292B202F1A0
:10E1B000010C0CEB1222121288F8012098F80220B0
:10E1C00012FB03F301FB00339BB25A1C02EB132337
:10E1D0001B1288F80230239B08F103081D44249B7E
:10E1E0001E440D9B013B0D9342E7239B0AF1030A5A
:10E1F0001D44249B1E44099B013B099316E724D030
:10E20000099B2398013B00FB035000143FF52BAF03
:10E2100001398842BFF627AF249901FB03631B1421
:10E220003FF521AF013A9342BFF61DAF0AF1030E4D
:10E23000DDF82480BDF93C90B8F1000F76DC099B35
:10E2400023EAE37404EB4404A2440C9B002B40F348
:10E250002C81B7EE007A209B30EE040A70EEA40AFF
:10E26000F0EE626AC7EE007A31EE051AFEEEC86A79
:10E2700016EE905AF0EE436AFEEEC86A16EE906A09
:10E2800020EEA77A61EE277A77EE622A37EEC33A5C
:10E29000FEEEC82ABEEEC83A12EE902AF0EE472AE9
:10E2A00092FBF3F313EE102A2393209BB0EE673A10
:10E2B00092FBF3F324930C9B149A013B0C93209B49
:10E2C00008BF13460993A2E600293FF42CAF09EBDF
:10E2D00003004308C007FB5C54BF03F00F031B118E
:10E2E00003EB0313DBB20A931DE713F1010B3FF5B8
:10E2F00072AFDC45FFF66FAF10F1010B3FF56BAF6E
:10E30000DE45FFF668AF02930FFA8EF30E9C019381
:10E310000FFA8CF3CDE90302CDE9051400933A46D8
:10E320004B4641461598FFF779FD54E72A14C5F38B
:10E3300003313314C6F3033009FB03235A08DC0707
:10E34000BA5C54BF02F00F02121102EB0212D2B2F9
:10E35000002900F0978003F1010B4FEA5B0C1BF0E2
:10E36000010F17F80CC00CBF0CF00F0C4FEA2C1C5F
:10E370000CEB0C1C5FFA8CF4129400B34B444FEA84
:10E38000530CDC0703F1010317F80CC054BF0CF069
:10E390000F0C4FEA2C1C0CEB0C1C5FFA8CF44FEAB0
:10E3A000530C0B94DC0717F80CC054BF0CF00F0C87
:10E3B0004FEA2C1C0CEB0C1C5FFA8CF3139389B204
:10E3C000129C80B201FB00F30901C3EB0010C1F500
:10E3D000807CC91A80B289B2ACEB000C61431FFA91
:10E3E0008CFC02FB0C120B9900FB0120139A03FB1F
:10E3F0000203C3F30723002B39D0214A1EF8031C64
:10E4000010680E9A5FFA80FC53435A1C02EB1323E8
:10E410001B129AB2DB431CFB02FCDBB201FB03C103
:10E4200089B201F1010C0CEB11211EF802CC1CFB8E
:10E4300003FC09120EF8031CC0F30721C0F30740C8
:10E4400001FB02C189B201F1010C0CEB112109128F
:10E450000EF8021C1EF8011C11FB03F300FB023036
:10E4600080B2421C02EB102000120EF8010C239B1C
:10E470000EF1030E08F1FF381D44249B1E44DBE619
:10E480008451022400289AD04B444FEA530CDB07F6
:10E4900017F80CC054BF0CF00F0C4FEA2C1C0CEBFF
:10E4A0000C1C5FFA8CF30B9389E717B0BDE8F08F73
:10E4B0002DE9F04FDDE90B54BDF92490002DBDF995
:10E4C00028809DF8340004FB035E9DF838C0C0F23C
:10E4D000B180A94540F3AE80002CC0F2AB80A045CE
:10E4E00040F3A8804FEA5E061EF0010F975D0CBF57
:10E4F00007F00F073F1107EB0717FFB215F1010AED
:10E5000000F19A80D14540F39780002CC0F29480AE
:10E51000A04540F39180002800F090800EF1010B9F
:10E520004FEA5B061BF0010F965D0CBF06F00F066D
:10E53000361106EB0616F6B2BCF1000F00F0828031
:10E54000002D04F101047BDBA94579DD002C77DB8C
:10E55000A04575DD03EB0E0B4FEA5B051BF0010FC9
:10E56000555D0CBF05F00F052D1105EB0515EDB23E
:10E57000BAF1000F69DBD14567DD002C65DBA045F2
:10E5800063DD002863D001339E444FEA5E031EF032
:10E59000010FD45C0CBF04F00F04241104EB04142D
:10E5A000E3B282B21FFA8CFC02FB0CF41201C4EB42
:10E5B0000C1C1FFA8CF0C2F5807C121BACEB000C1B
:10E5C00092B21FFA8CFC724307FB0C2200FB052061
:10E5D00004FB0303C3F3072353B31E4A08781468EC
:10E5E0009AB2DB43E5B2DBB215FB02F500FB035048
:10E5F00080B2451C05EB10204D7815FB03F5001289
:10E600000870C4F30720C4F3074400FB025080B233
:10E61000451C05EB102000124870887810FB03F3AE
:10E6200004FB023292B2531C03EB122212128A70C4
:10E63000BDE8F08F002761E700267DE706467BE70F
:10E64000002595E763466546ABE70023A9E7034647
:10E65000A7E700BF845102242DE9F04F93B01C4678
:10E660000C92219A1190079150681268DDE92213EB
:10E67000DDE91D5600FB031303EB430302EB030B21
:10E68000249B9B68013323F001030993249BD3F857
:10E690000080079B002B03DC0C9B002B40F32B829C
:10E6A000249BB3F90810B3F90C20481E571E002C08
:10E6B00040F3D7805FEA254C4FEA264306D48445D1
:10E6C00004DA002B02DBBB42C0F2CC801CF1010C4F
:10E6D00000F1BF806145C0F2BC80013300F1B98018
:10E6E0009A42C0F2B680A2465F46BDF92490BAF1C4
:10E6F000000F40F3D480C5F303333014C6F3033165
:10E700000893249BD3E902CE2B1400F124810CF151
:10E71000FF32934280F21F810028C0F21C810EF16B
:10E72000FF32904280F2178100FB09335808DA0764
:10E73000089A18F800C054BF0CF00F0C4FEA2C1CBC
:10E740000CEB0C1C5FFA8CFC002A00F0ED80581CCE
:10E750004FEA500EC00718F80EE054BF0EF00F0E2F
:10E760004FEA2E1E0EEB0E1E5FFA8EFECDF834E041
:10E77000C9B14B445808DA0718F8000054BF00F03C
:10E780000F00001100EB0010C0B20A90581C4308A3
:10E79000C20718F8033054BF03F00F031B1103EB3B
:10E7A0000313DBB20E93BDF8202089B202FB01F304
:10E7B0001201C3EB0111C2F58070D21A89B292B274
:10E7C000401A1FFA80FE0D9842430CFB0E2C0A9A49
:10E7D00001FB02C10E9A03FB0213C3F3072383B3A9
:10E7E000C64AFF2B1268C2F3074EC2F30720D2B20B
:10E7F00000F0AC8099B2DB4397F800C012FB01F245
:10E80000DBB210FB01F00CFB03221EFB01F192B204
:10E8100002F1010C0CEB122212123A707A7802FB10
:10E82000030080B2421C02EB1020BA7802FB0313F3
:10E8300000129BB2787003F1010E0EEB13231B1232
:10E84000BB701F9B03370AF1FF3A1D44209B1E44F7
:10E850004DE71F9B013C0BF1030B1D44209B1E4405
:10E8600025E721D0631E1F9800FB035000143FF5DD
:10E870003AAF01398842BFF636AF209901FB0363F6
:10E880001B143FF530AF013A9342BFF62CAF0BF1AA
:10E89000030CA646BDF92490BEF1000F79DC24EAF2
:10E8A000E47404EB4404A344079B002B40F323814E
:10E8B000B7EE007A1C9B30EE040A70EEA40AF0EE6C
:10E8C000626AC7EE007A31EE051AFEEEC86A16EEED
:10E8D000905AF0EE436AFEEEC86A16EE906A20EE99
:10E8E000A77A61EE277A77EE622A37EEC33AFEEE18
:10E8F000C82ABEEEC83A12EE902AF0EE472A92FBE2
:10E90000F3F313EE102A1F931C9BB0EE673A92FBB1
:10E91000F3F32093079B0C9A013B079308BF14461F
:10E920001C9B18BF1C46B4E600293FF43CAF09EB22
:10E9300003004308C00718F8033054BF03F00F0367
:10E940001B1103EB0313DBB20A932CE73A707870C8
:10E9500087F802E075E75A1C3FF573AF9445FFF660
:10E9600070AF421C3FF56DAF9645FFF66AAF02935C
:10E970000FFA8EF3089A01930FFA8CF3059139463A
:10E9800000934B46CDE9030242461198FFF790FDF4
:10E9900057E72A14C5F303303314C6F3033709FBD2
:10E9A00003235A08D90718F8022054BF02F00F02B7
:10E9B000121102EB0212D2B2002800F0858003F19E
:10E9C000010A4FEA5A011AF0010F18F801100CBFA2
:10E9D00001F00F01091101EB0111C9B20F91DFB173
:10E9E0004B44590813F0010F03F1010318F801100B
:10E9F0000CBF01F00F01091101EB0111C9B20B911C
:10EA00005908DB0718F8011054BF01F00F01091174
:10EA100001EB0111C9B2109180B2BFB200FB07F344
:10EA20000001C3EB0717C0F58071C01ABFB280B2F6
:10EA3000C91B1FFA81FA0F9948430B9902FB0A027E
:10EA400007FB0127109A03FB0273C3F3072393B359
:10EA50002A4AFF2B1168C1F3074AC1F30727C9B23D
:10EA600042D098B2DB431CF8032C11FB00F1DBB25F
:10EA700017FB00F702FB03111AFB00F089B24A1CD6
:10EA800002EB11211CF8022C02FB03770912BFB222
:10EA90000CF8031C7A1C02EB17271CF8012C02FB54
:10EAA00003033F129BB20CF8027C5A1C02EB1323A7
:10EAB0001B120CF8013C1F9B0CF1030C0EF1FF3EE6
:10EAC0001D44209B1E44E7E6002FA5D04B44590867
:10EAD000DB0718F8011054BF01F00F01091101EB19
:10EAE0000111C9B20B9197E70CF8031C0CF8027CDA
:10EAF0000CF801ACDFE713B0BDE8F08F84510224BD
:10EB000030B59DB2C3F1FF030C7898B2137814FBB3
:10EB100005F413FB00F31C44A4B2631C03EB1424A0
:10EB2000537813FB00F3241214704C7814FB05F493
:10EB30001C44A4B2631C03EB1424241254708B787D
:10EB4000917813FB05F311FB00F003449BB2591CB1
:10EB500001EB13231B12937030BD00002DE9F04F21
:10EB60001C468BB00E461546149B8246616806AA69
:10EB7000206802279DF85490043503C2186808AA3B
:10EB8000596803C206A8F2F719FF214608A8F2F750
:10EB90003DFFBDF92020BDF926B002F00103BDF90B
:10EBA00024800293BDF91C3003F00101019101980A
:10EBB000BDF92210034401FB032393FBF7F31E442A
:10EBC000BDF818301A44BDF81A301944704BADF82E
:10EBD00020201868ADF822100368DB6A98476D4A58
:10EBE000BDF92010B9F1FF0F1388BDF9224003FBD6
:10EBF000041411460BFB03F304EB440403EB43033F
:10EC00000444234473D00597CDE90332039B9C420F
:10EC100080F0B580029B5BB331782246771C0334C9
:10EC200001F00F0108F1FF3B4B46504601EB41015B
:10EC30002944FFF765FFBBF1010F1CDD397822463F
:10EC40004B4650460909ABF1020B01EB4101294447
:10EC5000FFF756FF17F8011BE21C4B4601F00F01AE
:10EC60005046063401EB41012944FFF749FFE2E732
:10EC70003746C346DFE70AD13978224603344B468C
:10EC80000909504601EB41012944FFF739FF049B74
:10EC9000019A1B88A3EB080303EB43031C44BDF953
:10ECA0001C301344059A93FBF2F31E44AEE7324640
:10ECB000C44637E00ED112780330120902EB42024B
:10ECC000AC18AA5C00F8032C627800F8022CA27839
:10ECD00000F8012C0C88BDF91C20A4EB080404EBFF
:10ECE000440404440198024492FBF7F216449C4207
:10ECF00045D2029A002ADAD03078721C033400F030
:10ED00000F0000EB400005EB000C285C04F8030C3E
:10ED10009CF8010004F8020C9CF8020008F1FF3C8A
:10ED200004F8010CBCF1010F204604F10604C1DD1A
:10ED30001078ACF1020C000900EB400005EB000E6E
:10ED4000285C04F8060C9EF8010004F8050C9EF8F7
:10ED5000020004F8040C12F8010B00F00F0000EBA5
:10ED6000400005EB000E285C04F8030C9EF801003F
:10ED700004F8020C9EF8020004F8010CD2E7044BE0
:10ED8000186803681B6B98470BB0BDE8F08F00BF95
:10ED9000745102246E51022430B59DF80C000D7898
:10EDA000FF2807D1FF2B05D115704B7853708B7856
:10EDB000937030BD10FB03F083B2581C00EB13209E
:10EDC000C0F3072084B2C04315FB04F5C3B210782A
:10EDD00000FB035080B2451C05EB1020557815FB55
:10EDE00003F500121070487800FB045080B2451CF7
:10EDF00005EB1020001250708878917811FB03F316
:10EE000000FB04339BB2591C01EB13231B12CFE709
:10EE10002DE9F04F1D468FB00C461646189B8046D4
:10EE200069680AAA286804369DF86490574F03C29F
:10EE300018680CAA596803C20AA8F2F7BFFD294650
:10EE40000CA80225F2F7E2FDBDF93020BDF936A08D
:10EE500002F00103BDF934B00493BDF92C3003F086
:10EE6000010103910398BDF932100344386801FB96
:10EE7000032393FBF5F3E518BDF828301A44BDF8D9
:10EE80002A301944ADF83020ADF832100368DB6A3F
:10EE900098473F4ABDF932401388BDF930100792B8
:10EEA00003FB04140AFB03F304EB440403EB4303E6
:10EEB0000444E318CDE90537059B9C425DD2049BD1
:10EEC000002B37D02B786F1C03F00F0356F823303C
:10EED00009931B0E06D0009322464B4609A94046D3
:10EEE000FFF75AFF03340BF1FF3ABAF1010F24DDAB
:10EEF0003B781B0956F8233008931B0E06D000936D
:10EF000022464B4608A94046FFF746FF17F8013B4B
:10EF100003F00F0356F8233009931B0E06D000931D
:10EF2000E21C4B4609A94046FFF736FF0634AAF11A
:10EF3000020ADAE72F46DA46D7E70ED13B781B09FB
:10EF400056F8233009931B0E06D0009322464B46F9
:10EF500009A94046FFF720FF0334079B039A1B884B
:10EF6000A3EB0B0303EB43031C44BDF92C30134408
:10EF7000022293FBF2F31D449EE7069B1868036888
:10EF80001B6B98470FB0BDE8F08F00BF745102248F
:10EF90006E5102242D4A30B513684CF2402523F0FF
:10EFA000010313604FF6F072294B1C681440AC4209
:10EFB00005D01C684CF270251440AC4225D1254B7D
:10EFC0001B68002B39D1244B1A68C2F30B02B2F52F
:10EFD0008A6F0DD01A6840F28344C2F30B02A2423A
:10EFE00006D01B6840F28542C3F30B03934224D141
:10EFF0001A4B01221A601A68002AFCD1184B1860BB
:10F000001868431A584258410EE01B6813404DF2ED
:10F010002022934211D1134B40F286421B68C3F366
:10F020000B03934201D0002030BD0F4B01221A6028
:10F030001A68002AFCD10D4BE1E70D4B01221A6042
:10F040001A68002AFCD10B4BD9E700BF002000E072
:10F0500000ED00E0002004E00010005C084C0258C5
:10F06000004C0258F08F0046084C0246004C024605
:10F07000083002400030024001617047837B4BB191
:10F08000038901339BB2072B038181BF0023438196
:10F0900083818373704700002DE9FF419846838880
:10F0A00004461746ADF80630A8EB0303194A0E468E
:10F0B0001BB2C18800920020002BA28ABDF8285004
:10F0C000B8BF5B428DF80400ADF808101BB2ADF874
:10F0D0000A80ADF80C50934207DC691A09B2002986
:10F0E000B8BF494209B28A4210DA20696946A8EBE2
:10F0F0000606EF1B03685B689847002301206681C2
:10F100002381A781A4F80480E580A07304B0BDE842
:10F11000F08100BF503F0208F0B51E464B1E85B07F
:10F120000446012B0D4617464BD8B0F90A20D31CD4
:10F130009BB2062B16D9DFF8A0C0B4F90410CDF8A5
:10F1400004C04FF0000CB4F906300069ADF80C10A3
:10F1500001A98DF808C0ADF80A20ADF80E3003689B
:10F160009B689847B4F90C20D31C9BB2062B16D988
:10F17000DFF864C0B4F90410CDF804C04FF0010CFE
:10F18000B4F906302069ADF80C1001A98DF808C05B
:10F19000ADF80A20ADF80E3003689B6898470D4B18
:10F1A00001A92069019300238DF80850ADF80A7079
:10F1B000ADF80C60ADF80E3003681B68984705B0D9
:10F1C000F0BD0029EBD1A280C680A160A181A1730E
:10F1D000E5E700BF3C3F0208643F0208C910002970
:10F1E000B8BF4942012808D1C1F30800B0F5807FBB
:10F1F000014602DDC0F500707047FF29A8BFFF215E
:10F200000846704710B4D0E901349C4203D85DF839
:10F21000044BF1F787BB5DF8044B70472DE9F04FC5
:10F220008BB006468A46CDE906239DF850300893F8
:10F230009DF854300993F1F7E0FCB5680446002DC1
:10F2400044D07368AB423DD3B0F902304FF00008B0
:10F25000B6F9342002EB030BDDE9061202FB0312C0
:10F2600005926A1E0492B4F90290B4F900704B45FD
:10F270003A4608D0B6F9343003EB090BDDE9061342
:10F2800003FB09130593B4F90430B4F9061098444C
:10F29000049B013B0493049B013315D034F9083FD0
:10F2A000BB4217D1B4F90200049B484503F1FF3378
:10F2B0007DD1B4F906000144B4F904008044E9E7C3
:10F2C0001F4642E0002002E000296DD101200BB072
:10F2D000BDE8F08F79B3002F29DBB6F93630BB4299
:10F2E00025DDC1EB881196F83000FFF777FF099B09
:10F2F00010FB03F080B2411C01EB1021091211F048
:10F30000FF0F14D0C9B20898BAB2738E02910121CE
:10F310001344024401910FFA8BF1DAF800001BB29A
:10F32000009112B2416950460D460599A847049BC9
:10F330007A1C0133CAD0B4F90070BB1A002B31DD3E
:10F34000002ABDDA002F2DDD0022B6F93630D119A2
:10F35000994202DB9F1A002F24DD4FEA881196F8AC
:10F360003000FFF73BFF099B10FB03F080B2411C0C
:10F3700001EB1021091211F0FF0F13D092B208987F
:10F38000C9B2738E3FB21344029102440FFA8BF15B
:10F39000DAF800001BB2009112B201970599476993
:10F3A0005046B8474B465EE7002F96DA8EE70029B5
:10F3B000F8D090E72DE9F3411E46364B002500F1C9
:10F3C000140804461746C0E90031B2F904308581BB
:10F3D00003819DF82030C5818372058245824046B5
:10F3E000F0F7E6FD84F84450A4F846506B46A4F8C4
:10F3F0004850A4F84A5084F85C5084F85D50A4F852
:10F400006850C4E91355C4E91555C4E91855C4E951
:10F410001B55306871687288358803C37B88B6F9DC
:10F42000040013443A88B6F906102A44E381208286
:10F430006846A28161823946F2F7E8FA04F10C00CD
:10F44000F2F7BCFABDF90230BDF800204046A4F83E
:10F450004830A4F84620F0F78FFDBDF90030B4F92C
:10F46000122020465B01E364BDF902305B01236595
:10F47000BDF904305B016365BDF906305B01A3652E
:10F48000B4F91030A4F84A30C4E90F3202B0BDE834
:10F49000F08100BFF441020838B590F85C300446B2
:10F4A00093B190F8683090F8692013420CD100F1C4
:10F4B000140523B1D0E918122846FFF7A3FE284609
:10F4C000D4E91B12FFF79EFE002384F85C30D4E9D8
:10F4D0000603984234BF0020012038BD2DE9F341D6
:10F4E000857A044669434D1C05EB11252D1200F069
:10F4F000988090F85D30002B00F09380FFF7CCFFF0
:10F500000746002845D06068474E036837689B6807
:10F51000984701463846EEF791FF0746E4F7B4FBFB
:10F5200003681B6B98478046E4F7AEFB0368DB6A11
:10F5300098470B285AD8DFE800F0505B6B0659302B
:10F54000406464646464B4F90C100822B4F90E30A9
:10F5500091FBF2F208FB03231F444B4201F0070129
:10F5600003F0070358BF5942C9B2EDB23A460FFA49
:10F5700088F304F11400CDE900156168FFF74EFE31
:10F580000746606803681B699847306803681B6B0F
:10F590009847384602B0BDE8F081B4F90C10042257
:10F5A000B4F90E3091FBF2F208FB03231F444B42E7
:10F5B00001F0030103F00303D4E7B4F90C100222B5
:10F5C000B4F90E30002991FBF2F201F0010108FBC1
:10F5D0000323B8BF49421F44C6E7B4F90E30B4F95B
:10F5E0000C2008FB03F303EB42031F440021BCE79C
:10F5F000B4F90E30032108FB03F2A38913FB0123A6
:10F60000F3E7B4F90E30B4F90C2008FB0323ECE760
:10F61000B4F90E30B4F90C2008FB03F303EB8203BA
:10F62000E3E70127B5E700BF74510224064B10B58C
:10F630001B78012B07D1B0F908000B681468C3EBE5
:10F64000401313600C6010BD6C51022413B590F888
:10F650005C300446CDE90021A3B96A4601A92046E1
:10F66000FFF7E4FFE36C0199009AC91A236DD21ADF
:10F670000191002A00920BDA012300290EDA43F0EF
:10F68000040313E0FFF708FF0028E6D102B010BD25
:10F69000A36D9A42ACBF02230023EEE7606D814266
:10F6A000ACBF082000201843C3B258B1002284F830
:10F6B0005C200199009AE166226784F86830C4E909
:10F6C0001812E3E784F86900D4E90630984203D8B9
:10F6D00004F11400F1F740F9012384F85C3084F858
:10F6E0005D300023E5E773B502AB0446019101A943
:10F6F00043F8082D1A46FFF799FFE36C0199009A29
:10F70000C91A236DD21A0191002A00921CDBA36D45
:10F710009A42ACBF02200020002917DB636D99429A
:10F72000ACBF08230023034394F86800DDB278B926
:10F7300004F11400FFF766FD019B84F8685023660E
:10F74000009B636602B070BD0120E5E70423EAE791
:10F7500013B110EA05031CD194F85C3004F11406CF
:10F76000D4E918128BB984F86900D4E906309842BC
:10F7700002D83046F1F7F0F8012384F85C3084F8C1
:10F780005D303046DDE90021D4E73046FFF73AFD31
:10F79000F7E71D46D0E7000038B52DED108BF6EEEB
:10F7A00000BA0546B0EE40CA0C46F0EE60CA9FEDC6
:10F7B00057BAB0EE41DAF0EE61DAB0EE42EAF0EEBE
:10F7C00062EAF0EE6BAA082C6ED87EEE4C6A7DEEF3
:10F7D000EE7A3DEE4E6A3EEEEC7A66EEE77A3CEE6D
:10F7E0000DFA7CEEADFAE6EE077A7DEE0E9A3DEE6E
:10F7F000AEAA2FEE2BFA6FEEABFA69EEAB9AF5EEEE
:10F80000C07A2AEE2BAA7FEE298AF1EE10FA3FEE9B
:10F810008A9A68EEAB8A48BFF1EE677A29EE2B9A96
:10F82000B5EE006AF4EECB7AF1EE10FA3FDD27EE8A
:10F83000077A67EEA77AA6EEA67A27EE067AF4EEA6
:10F84000C77AF1EE10FA47D87EEE4D0A3EEEED0A89
:10F8500000F039FAB0EE408A7DEE4C0A3DEEEC0A3B
:10F8600000F031FA38EE400ADFED297AB5EEC00A31
:10F87000F1EE10FA48BFB1EE400AB4EEE70AF1EE3D
:10F8800010FAA4BFDFED237A37EEC00ADFED227A4B
:10F89000B4EEE70AF1EE10FA1ED5F0EE490A28465A
:10F8A000B0EE680AEFF7D0FCBDEC108B38BD7CEEF3
:10F8B0000E7AB0EE687AF0EE496AA7EEEA7A7CEE4C
:10F8C000AE7AE7EEEA6A66EEA67AE7EE077AF4EE3B
:10F8D000C67AF1EE10FAE0D90134F0EE6C0AB0EE1F
:10F8E0004C0A28462146F0EE492AB0EE682AF0EE8E
:10F8F0006F1AB0EE4F1AFFF74FFFF0EE4ADAB0EE94
:10F9000069DAF0EE49CAB0EE68CA5CE7FFE6DB2EC2
:10F91000DB0F4940DB0FC940CDCCCC3D30B52DEDE0
:10F92000108BF0EE408A85B0F0EE609A0446F0EE5F
:10F9300041FA0D46B0EE61FAF0EE42BAB0EE62CA9C
:10F94000F0EE43AAB0EE63BA082D00F21381F6EE92
:10F95000007A3BEEAA6A7FEEAB6A38EEAFDA26EEAB
:10F96000276A7CEE0BCA2DEE27DA8DED016AA6EE32
:10F97000A76A6CEEA7CAB0EE4DEA79EE8FDA3FEED9
:10F980000C7AA6EEA7EA66EE276A6DEEA7DACDED51
:10F99000036AF0EE6C6AF0EE6DEA2EEE27EAE7EE0F
:10F9A000276AE7EE27EA26EEA77A6EEEA7EAF0EEE0
:10F9B000676A8DED027A9DED037A3EEE079A9DED22
:10F9C000027A3EEE87AA29EE279A2AEE27AA002D70
:10F9D00000F00B817AEEE85ADFED954A3FEE4B7A64
:10F9E0007BEE697A3FEEEA6A25EEC77A3BEEEA5A89
:10F9F000A6EE277A3CEE4B6A25EEC66AB5EEC07AD3
:10FA0000A5EE276AB5EE005AF1EE10FA48BFB1EE46
:10FA1000477AB5EEC06AF1EE10FAB4EEE47A48BF68
:10FA2000B1EE466AF1EE10FA40F3A880B4EEE46A53
:10FA3000F1EE10FA5ADD65EEA55A37EE067AE7EEDA
:10FA4000A75A27EE077A65EE857AB4EEE77AF1EEEB
:10FA500010FA00F2CA807BEEEF0A3CEE4F0A00F08B
:10FA600032F9B0EE408A7FEEE80A3FEE690A00F014
:10FA70002AF938EE40FA7AEEEB0A3BEE4C0AB5EE84
:10FA8000C0FAF1EE10FA48BFB1EE4FFA00F01BF9E0
:10FA900030EE480ADFED677AB5EEC00AF1EE10FAF3
:10FAA000B4EEE7FADFED637A48BFB1EE400AF1EE5B
:10FAB00010FAB4EEE70ADFED607AA4BF9FED5F7A3B
:10FAC00037EE4FFAF1EE10FAA4BF9FED5C7A37EEF5
:10FAD000400A3FEE000AB4EEE70AF1EE10FA40F1F8
:10FAE0008480F0EE4A0AB0EE490A40E067EEA77A59
:10FAF00027EE077AE5EEA57A67EE857AB4EEE77A27
:10FB0000F1EE10FA71D87BEEEF0A3CEE4F0A00F0EE
:10FB1000DAF87FEEE80AB0EE408A3FEE690A00F0BC
:10FB2000D2F838EE400ADFED437AB5EEC00AF1EEC6
:10FB300010FA48BFB1EE400AB4EEE70AF1EE10FA4F
:10FB4000A4BFDFED3E7A37EEC00ADFED3B7AB4EEBC
:10FB5000E70AF1EE10FA48D5F0EE4F0A2046B0EE73
:10FB60006F0AEFF771FBF0EE4C0AB0EE6B0A20461D
:10FB7000EFF76AFB05B0BDEC108B30BD9FED2C7A22
:10FB8000B4EEC76AF1EE10FA19DD67EEA77A26EE39
:10FB9000067AE5EEA57A67EE857AB4EEE77AF1EEBD
:10FBA00010FA22D87AEEEB0A3BEE4C0A00F08BF802
:10FBB0007BEEEF0AB0EE408A3CEE4F0AAFE778EEFC
:10FBC000AA7AB0EE497AB0EE4A6AA7EEE67A79EE02
:10FBD0008B7AA7EEE66A66EE067AE7EE077AF4EE2F
:10FBE000C57AF1EE10FA7FF67CAF0135F0EE690AC6
:10FBF000B0EE680A20462946F0EE4A3AB0EE493A9D
:10FC0000F0EE6E2AB0EE4E2AF0EE6D1AB0EE4D1AFE
:10FC1000FFF784FEB0EE6CCADDED01BAF0EE4A9A51
:10FC20009DED02FAF0EE498ADDED03FA8CE600BFA5
:10FC3000FFE6DB2EDB0F4940CDCCCC3DDB0FC940CE
:10FC4000044B10B5044640F8143BF0F78DF92046FC
:10FC500010BD00BFF441020810B50446FFF7F0FFE5
:10FC60007421204600F007F8204610BD0B460146DF
:10FC7000184600F05BBC00F012B80268D2070346D9
:10FC800005D4427802B1FFDE012058707047002091
:10FC9000704701230360704708B500F00FF800F0CB
:10FCA0008FBB08B5804700F058FB0000024B186876
:10FCB000BFF35B8F704700BFD800002408B5FFF783
:10FCC000F5FFFFF7EEFF00F0CFB9000008B52DED0E
:10FCD000028BB0EE408A00F0C4F9B4EE488AF1EE2F
:10FCE00010FA0CD6DFED078AB4EEE88AF1EE10FACE
:10FCF00005D500F0E7FE88EEA80A21230360BDECDD
:10FD0000028B08BD00000000CB0712D421EE005B7F
:10FD100090ED1A6B90ED187BA6EE017B90ED166BC3
:10FD200021EE051BA6EE050BA7EE010BB7EEC00BEF
:10FD3000704790ED146B21EE015B90ED127B90ED1E
:10FD40000C0BA1EE067B90ED0E6BA1EE060B90ED79
:10FD5000106B21EE051BA5EE060BE5E70000000089
:10FD600037B510EE104AC4F30A53B3F57D7FB7EEF2
:10FD7000C06AF0EE407A18D226EE061BB3F5667F15
:10FD80000AD214F0FF4F03D1B7EEC11B8DED011A5B
:10FD9000B0EE670A03B030BD3B48B0EE460B002121
:10FDA00003B0BDE83040FFF7AFBF40F22E429342B0
:10FDB00024D8354B93ED087B26EE077BFDEEC77B01
:10FDC00003F1700017EE901A01F50001091607EE15
:10FDD000901A01F0030203EBC202B8EEE75B92ED6A
:10FDE000000B93ED0A7B11F0020FA5EE476B08BFE5
:10FDF000184626EE061B20EE060BD1E7B3F5FF6F83
:10FE000037D22249C4F3836001EB8002C4F31603A6
:10FE1000C4F3C25551F82010106A126943F400036C
:10FE2000AB40A0FB03505943E3FB020101F1005337
:10FE30009D0F03F04043C91AE0F730FC05EBD47482
:10FE4000114B04F0030203EBC2029FED0D6B92ED28
:10FE5000000B41EC170B14F0020F27EE067B03F1A9
:10FE60007000294608BF184627EE071B20EE070B37
:10FE700096E703B0BDE8304000F0E4B8AFF300808F
:10FE8000182D4454FB21193C60420208004202082C
:10FE9000CB0712D421EE005B90ED1A6B90ED187B2E
:10FEA000A6EE017B90ED166B21EE051BA6EE050B71
:10FEB000A7EE010BB7EEC00B704790ED146B21EE6F
:10FEC000015B90ED127B90ED0C0BA1EE067B90EDAB
:10FED0000E6BA1EE060B90ED106B21EE051BA5EE4F
:10FEE000060BE5E70000000038B510EE104AC4F339
:10FEF0000A53B3F57D7FB7EEC07A1FD227EE077B9A
:10FF0000B3F5667FC0F0828027EE074B444B93ED3C
:10FF1000145B93ED126B93ED0C0BA7EE056B93ED59
:10FF20000E5BA7EE050B93ED105B27EE047BA4EEB2
:10FF3000050BA6EE070BB7EEC00B38BD40F22E4204
:10FF4000934229D8364B93ED086B27EE066BFDEEF6
:10FF5000C66B03F1700016EE901A01F50001091648
:10FF600006EE901A01F0030203EBC202B8EEE65B64
:10FF700092ED000B93ED0A6B11F0020F81F001017D
:10FF8000A5EE467B08BF184627EE071BBDE83840A4
:10FF900020EE070BFFF77CBFB3F5FF6F32D221498C
:10FFA000C4F3836001EB8002C4F31603C4F3C255AB
:10FFB00051F82010106A126943F40003AB40A0FB13
:10FFC00003505943E3FB020101F100539D0F03F07D
:10FFD0004043C91AE0F762FB05EBD474104B9FED68
:10FFE0000E6B41EC170B04F0030203EBC20292ED1F
:10FFF000000B27EE067B03F1700014F0020F85F072
:020000040802F0
:100000000101BFE7BDE8384000F01CB8B7EE000AB8
:1000100093E700BFAFF30080182D4454FB21193C37
:10002000604202080042020810B52DED028BB0EECE
:10003000408A044600F046FDB0EE480ABDEC028B53
:10004000046010BDF0EE407A30EE407AF4EE677A4C
:10005000F1EE10FA87EE070A02D62120FFF7E4BF7F
:100060007047B1EEC00A704710EE902A22F00041AE
:10007000B1F1FF4F10B5F0EE407A06D810EE100A3D
:1000800020F00043B3F1FF4F04D977EEA07AB0EE31
:10009000670A10BDB2F17E5F03D1BDE8104000F0E9
:1000A00081B8941704F0020444EAD0743BB9022CDE
:1000B0005CD09FED337A032C47FE007AE7E739B92D
:1000C000DFED307A9FED307A002867FE277ADEE791
:1000D000B1F1FF4F10D1B3F1FF4F04F1FF3407D15D
:1000E000022C46D8294B03EB8403D3ED007ACEE7EC
:1000F000022C41D8264BF6E7B3F1FF4FE0D05B1A54
:10010000B3F1F45F4FEAE3511ADA002A01DA3C3125
:1001100019DB87EEA00A00F019F900F043F8F0EEC1
:10012000407A012C12D0022C17D0002CAFD09FEDBA
:10013000197A77EE877A9FED187A77EEC77AA6E775
:10014000DFED117AEDE7DFED157AEAE717EE903A89
:1001500003F1004307EE903A99E79FED0E7A77EEB0
:10016000877A9FED0D7A77EE677A90E7DFED0A7A6E
:100170008DE7DFED0B7A8AE7DFED087A87E700BFCE
:10018000DB0F49C0DB0FC9BFDB0FC93F4C4302087F
:10019000404302082EBDBB33DB0F49400000000086
:1001A000DB0F493F38B510EE105A25F00044B4F18A
:1001B000A14FF0EE407A0FD3B4F1FF4F04D970EEA7
:1001C000007AB0EE670A38BDDFED4D7A9FED4D7ACB
:1001D000002D77FE277AF4E74B4B9C4210D8B4F100
:1001E000445F0AD29FED497A30EE077AF7EE006A53
:1001F000B4EEE67AF1EE10FAE3DC4FF0FF3313E0F1
:1002000000F0A4F8424B9C424FD8A3F5D0039C4287
:1002100041D8F0EE007ABFEE007AA0EE277A0023F4
:1002200030EE270AC7EE007A5A1C27EEA76A9FED28
:10023000397ADFED395A9FED395A66EE066AE6EEF5
:10024000875A9FED377AA5EEA67ADFED365AE7EEAC
:10025000265A9FED357AA5EEA67ADFED345AE7EE01
:10026000265A9FED337AA6EE875A9FED327AA5EE95
:10027000267A9FED315AA7EE265A9FED307AA5EEE9
:10028000267A27EE267AA5EE867A27EE877A21D17E
:1002900077EEC77A95E7F7EE007A30EE677A30EEC0
:1002A000270A0123C7EE007ABEE7254B9C420BD8F4
:1002B000F7EE087AB7EE007AA0EE277A022370EE06
:1002C000676AC6EE877AAFE7BFEE007AC7EE007ABC
:1002D0000323A9E71B4A1C4902EB830201EB8303BA
:1002E000D3ED006A37EE667A002D37EE677AD2EDED
:1002F000007A77EEC77AB8BFF1EE677A61E700BFA0
:10030000DB0FC9BFDB0FC93FFFFFDF3ECAF24971F8
:10031000FFFF973FD769853C59DA4B3D6BF16EBDC6
:10032000356B883D6E2EBA3D2549123EABAAAA3EDA
:1003300021A215BD95879DBD388EE3BDCDCC4CBEA9
:10034000FFFF1B40684302085843020810EE103AB2
:1003500023F0004300EE103A704708B5062000F085
:10036000E1FA0120E1F7D6F91FB514461A46094B08
:100370001B680546D8684CB1074B0091CDE90134A4
:1003800006492B4600F084F9FFF7E7FF044B1C46B3
:10039000F3E700BFE80000248D3102089A3102081B
:1003A000C8310208002301461A46184600F0C6BBB1
:1003B000024B0146186800F02DB800BFE800002489
:1003C000024B0146186800F015BC00BFE80000248D
:1003D00070B50F4E0C463168054611B900F050FB60
:1003E00030602146284600F04BFB431C03D14FF000
:1003F000FF34204670BDC41C24F00304A042F8D092
:10040000211A284600F03CFB0130F2D1EFE700BF93
:10041000B05B02242DE9F843CD1C25F00305083517
:100420000C2D38BF0C25002D064601DBA94204D94E
:100430000C2333600020BDE8F883DFF8D48000F09F
:1004400069F8D8F800301C4644BB29463046FFF70F
:10045000BFFF431C044658D1D8F800402746002F60
:1004600043D1002C4BD023683946304604EB0309B6
:1004700000F006FB814542D121686D1A29463046BD
:10048000FFF7A6FF01303AD023682B442360D8F849
:1004900000305A6862BBC8F800700FE02268521B37
:1004A00020D40B2A17D96119A342256018BF5960BF
:1004B000636808BFC8F8001062514B60304600F016
:1004C0002FF804F10B00231D20F00700C21A1CBFF7
:1004D0001B1AA350AFE76268A3420CBFC8F8002004
:1004E0005A60EBE723466468AEE73C467F68B6E7B0
:1004F0001A465B68A342FBD100235360DEE70C235E
:100500003360304600F00CF894E70560D6E700BF92
:10051000B45B0224014800F000BB00BFF85C022479
:10052000014800F0FBBA00BFF85C022410B5044695
:100530000448134620B10A460220214600F0FEFA84
:1005400010BD00BF3D0B0208002310B50446C0E9F2
:100550000033C0E90433836081814366C2818361D3
:10056000194608225C3000F09BF90D4B63620D4B7D
:10057000A3620D4BE3620D4B23630D4B24629C423F
:1005800006D003F16802944202D0D0339C4205D1D8
:1005900004F15800BDE8104000F0BEBA10BD00BF25
:1005A000F1060208130702084B0702086F0702084A
:1005B000B85B0224024A0349034800F07BB800BF3D
:1005C000DC0000242D130208EC00002441680C4BD1
:1005D000994210B5044601D000F0A8FEA168094B6D
:1005E000994202D0204600F0A1FEE168064B9942F4
:1005F00004D02046BDE8104000F098BE10BD00BFFA
:10060000B85B0224205C0224885C022410B50B4BEA
:100610000B4C0C4A1A60204600220421FFF794FF7D
:1006200004F1680001220921FFF78EFF04F1D000D8
:100630000222BDE810401221FFF786BFF05C0224C1
:10064000B85B0224B5050208014800F066BA00BF95
:10065000FA5C0224014800F061BA00BFFA5C02248F
:1006600010B50446FFF7F0FF236A1BB1BDE8104048
:10067000FFF7F0BF044B2362044B1B68002BF5D13E
:10068000FFF7C4FFF2E700BFCD050208F05C0224CB
:100690000EB403B5014603AB054853F8042B0068BC
:1006A000019300F01BFB02B05DF804EB03B0704750
:1006B000E80000242DE9F843074688461446002642
:1006C000D4E90195B9F1010905D52468002CF7D1C9
:1006D0003046BDE8F883AB89012B07D9B5F90E3058
:1006E000013303D029463846C04706436835E9E759
:1006F00010B50C46B1F90E1000F09CF90028ABBF04
:10070000636DA3891B1823F48053ACBF6365A38179
:1007100010BD2DE9F0411F468B89DB0505460C46CF
:10072000164605D5B1F90E100223002200F070F92B
:10073000A389B4F90E1023F48053A38132463B46BB
:100740002846BDE8F04100F0ABB910B50C46B1F950
:100750000E1000F05DF9431CA38915BF606523F4FA
:10076000805343F48053A38118BFA38110BDB1F916
:100770000E1000F0DFB8F8B50E461446054618B165
:10078000036A0BB9FFF76CFFA369A360A3891A077B
:1007900001D5236943B92146284600F02BF818B14A
:1007A0004FF0FF373846F8BD23682269981A63690D
:1007B000F6B28342374605DC2146284600F0B6FDF6
:1007C0000028EDD1A368013BA36023685A1C226076
:1007D0001E706269431C9A4204D0A389DB07E1D5ED
:1007E0000A2EDFD12146284600F0A0FD0028D9D0EE
:1007F000D6E7000038B5294B054618680C4618B1F5
:10080000036A0BB9FFF72CFFB4F90C30190722D497
:10081000DA0607D409222A6043F04003A3814FF08F
:10082000FF3033E0580712D5616B41B104F1440346
:10083000994202D0284600F0DDF900236363A389C2
:1008400023F02403A3810023636023692360A38929
:1008500043F00803A38123694BB9A38903F42073F0
:10086000B3F5007F03D02146284600F0ADFDB4F972
:100870000C3013F001020AD00022A26062695242D9
:10088000A261226942B913F08000C5D138BD990731
:1008900058BF6269A260F4E70020F7E7E80000248F
:1008A00002440346934200D1704703F8011BF9E765
:1008B00010B56AB10139841810F8012B11F8013F05
:1008C0009A4203D1A04201D0002AF5D1D01A10BD1E
:1008D0001046FCE71F2938B505460C4604D91623F7
:1008E00003604FF0FF3038BDC26B12B152F82130B7
:1008F0004BB9284600F0C2F8224601462846BDE81A
:10090000384000F0A9B8012B0AD0591C03D1162396
:1009100003600120E7E7002142F8241020469847B1
:100920000020E0E7024B01461868FFF7D3BF00BF85
:10093000E800002438B5064D0023044608462B6025
:10094000E0F70AFF431C02D12B6803B1236038BDD6
:10095000F45C02242D4B1B68834270B5044653D0CF
:10096000C3691BB3DB6863B10025E369DB685959D0
:10097000B1B90435802DF8D1E3692046D96800F07B
:1009800039F9E369196811B1204600F033F9E369D8
:100990009D685DB1294620462D6800F02BF9F8E7E7
:1009A0000E68204600F026F93146E1E7616911B191
:1009B000204600F01FF9E16911B1204600F01AF954
:1009C000216B11B1204600F015F9616B11B1204681
:1009D00000F010F9A16B11B1204600F00BF9A16CE9
:1009E00011B1204600F006F9616C11B1204600F00B
:1009F00001F9E16A11B1204600F0FCF8236A1BB14D
:100A00002046BDE87040184770BD00BFE8000024D4
:100A100038B5074D04460846114600222A601A469A
:100A2000E0F7A4FE431C02D12B6803B1236038BD5C
:100A3000F45C022438B5074D0446084611460022EE
:100A40002A601A46E0F76CFE431C02D12B6803B102
:100A5000236038BDF45C022438B5074D00230446FA
:100A6000084611462B60E0F74DFE431C02D12B686F
:100A700003B1236038BD00BFF45C0224E0F740BE40
:100A800038B5064D0023044608462B60E0F770FE9B
:100A9000431C02D12B6803B1236038BDF45C0224EF
:100AA00038B5074D04460846114600222A601A460A
:100AB000E0F744FE431C02D12B6803B1236038BD2C
:100AC000F45C0224014B1868704700BFE800002462
:100AD00070B50D4D0D4C641BA4100026A64209D123
:100AE0000B4D0C4C00F0CEFC641BA4100026A6425B
:100AF00005D170BD55F8043B98470136EEE755F82F
:100B0000043B98470136F2E7444502084445020891
:100B100044450208604502087047704770470A4420
:100B2000914200F1FF3300D1704710B511F8014B2D
:100B300003F8014F9142F9D110BD00002DE9F843AF
:100B4000274D0746286891460E469846FFF7E5FF71
:100B5000244A14683CB9244B1360244A12B1126829
:100B6000C3F88820204C63681F2B06DD2868FFF738
:100B7000D5FF4FF0FF30BDE8F8832FB3D4F88800DD
:100B800068B91B4B002BF1D04FF48470FFF710FCB9
:100B90000028EBD00023C0E94033C4F88800636824
:100BA00040F8239001229A4000EB8301D0F80031F5
:100BB0001343C0F80031022FC1F8808002BFD0F883
:100BC00004311343C0F80431636828685A1C0233A7
:100BD000626044F82360FFF7A1FF0020CBE700BF6D
:100BE00038010024885D0224FC5C0224784302085A
:100BF000B103020838B50546002941D051F8043C3C
:100C00000C1F002BB8BFE418FFF784FC1D4A1368C3
:100C100033B9636014602846BDE83840FFF780BCF4
:100C2000A34208D9206821188B4201BF19685B686C
:100C300009182160EDE71A465B680BB1A342FAD9A7
:100C400011685018A0420BD120680144501883420B
:100C50001160E0D118685B68536008441060DAE7FF
:100C600002D90C232B60D6E7206821188B4204BFE1
:100C700019685B68636004BF091821605460CAE7A3
:100C800038BD00BFB45B02249368013B002B10B455
:100C9000936008DA9469A34201DB0A2903D15DF865
:100CA000044BFFF768BD1368581C106019700846A4
:100CB0005DF8044B7047F8B506460F461446D51844
:100CC000AC4201D1002007E014F8011B3A4630463F
:100CD000FFF7DAFF431CF3D1F8BD00002DE9F04F18
:100CE0000D469DB014469846064618B1036A0BB9E6
:100CF000FFF7B6FC6B6ED90705D4AB899A0502D411
:100D0000A86DFFF70AFFAB891B0701D52B699BB9BB
:100D100029463046FFF76EFD70B16B6EDC0704D5D7
:100D20004FF0FF301DB0BDE8F08FAB899805F7D4C8
:100D3000A86DFFF7F3FEF3E70023099320238DF856
:100D40002930CDF80C803023DFF8AC818DF82A30C3
:100D50004FF0010923469A4613F8012B0AB1252AC0
:100D6000F9D1BAEB040B0BD05B462246294630463C
:100D7000FFF7A1FF013000F0A780099A5A440992B9
:100D80009AF80030002B00F09F8000234FF0FF32D4
:100D9000CDE905230AF1010A049307938DF8533036
:100DA0001A935446052214F8011B5348DFF798FAAA
:100DB000049AD8B9D10644BF20238DF853301307C5
:100DC00044BF2B238DF853309AF800302A2B15D0CE
:100DD000079A544600204FF00A0C214611F8013BB7
:100DE000303B092B4BD9B0B1079214E0A0EB0803BC
:100DF00009FA03F313430493A246D2E7039B191D98
:100E00001B680391002BBBBF5B4242F002020793B9
:100E10000793B8BF049223782E2B0AD163782A2B2C
:100E200032D1039B1A1D1B68039243EAE373023419
:100E30000593DFF8D4A0217803225046DFF750FA5B
:100E400038B1049BA0EB0A004022824013430134D6
:100E5000049314F8011B29488DF828100622DFF7A7
:100E60003FFA00283FD0264B1BBB039B073323F0E0
:100E7000070308330393099B3B4409936AE70CFB80
:100E800002320C460120A8E70023013405931946DD
:100E90004FF00A0C204610F8012B303A092A03D9EA
:100EA000002BC6D00591C4E70CFB012104460123A9
:100EB000F0E703AB00932A46124B04A93046AFF388
:100EC00000800746781CD6D16B6ED90705D4AB8954
:100ED0009A0502D4A86DFFF721FEAB895B063FF5AA
:100EE0001FAF09981EE703AB00932A46054B04A9E0
:100EF000304600F079F8E4E7C9310208D33102083E
:100F000000000000B70C0208CF3102082DE9F047BD
:100F1000164698468A680B69DDF820909342B8BF60
:100F20001346336091F8432007460C460AB101335B
:100F300033602368990642BF336802333360256803
:100F400015F0060506D104F1190AE36832689B1A08
:100F5000AB4226DC94F843302268003B18BF0123E3
:100F600092062BD404F1430241463846C84701306B
:100F70001ED02368226903F00603042B02BFE56834
:100F80003368ED1AA3680CBF25EAE5750025934286
:100F9000C4BF9B1AED1800261A34B5421AD100209E
:100FA00008E00123524641463846C847013003D184
:100FB0004FF0FF30BDE8F0870135C6E7E1185A1C55
:100FC000302081F84300224494F8451082F8431001
:100FD0000233C7E70123224641463846C84701305D
:100FE000E6D00136D9E700002DE9FF470F7E0C9EC1
:100FF000782F914680460C469A4601F1430207D865
:10100000622F0AD8002F00F0D180582F00F0B8804E
:1010100004F1420684F842703AE0A7F16303152B0D
:10102000F6D801A151F823F08110020895100208AA
:101030001110020811100208111002081110020804
:101040009510020811100208111002081110020870
:101050001110020893110208BF1002084D11020876
:101060001110020811100208B5110208111002082F
:10107000BF100208111002081110020855110208D1
:1010800033681A1D1B68326004F1420684F842304E
:1010900001239CE033682068191D3160060601D5E4
:1010A0001D6803E04506FBD5B3F90050002D03DAB7
:1010B0002D236D4284F8433058480A2311E02168FB
:1010C0003368080653F8045B02D4490648BFADB242
:1010D0006F2F5248336014BF0A230823002184F87D
:1010E00043106668A660002E05DB21682E4321F0C0
:1010F000040121604BD01646B5FBF3F103FB1157F9
:10110000C75D06F8017D2F46BB420D46F4D9082B7A
:101110000BD12368DF0708D5236961689942DEBFD8
:10112000302306F8013C06F1FF36921B2261CDF810
:1011300000A04B4603AA21464046FFF7E7FE0130D8
:101140004AD14FF0FF3004B0BDE8F087236843F088
:10115000200323603248782784F84570236831687B
:101160001F0651F8045B02D45F0648BFADB2316080
:10117000D90744BF43F0200323601DB11023ADE71E
:101180002648E9E7236823F020032360F6E71646A4
:10119000BDE7336825686169181D30602E061B683D
:1011A00001D5196002E06806FBD519800023236190
:1011B0001646BCE733681A1D32601E68626800215B
:1011C0003046DFF78DF808B1801B606063682361EB
:1011D000002384F84330AAE7236932464946404653
:1011E000D0470130ADD023689B0713D4E068039B40
:1011F0009842B8BF1846A6E7012332464946404602
:10120000D04701309DD00135E36803995B1AAB42AA
:10121000F2DCEBE7002504F11906F5E7DA31020804
:10122000EB310208B1F90C202DE9F0411607054613
:101230000C4654D44B68002B02DC0B6C002B48DDB1
:10124000E66A002E45D0002312F480522F68216AEE
:101250002B6030D0626DA389590705D56368D21A17
:10126000636B0BB1236CD21A0023E66A216A28460D
:10127000B047431CA38906D129681D292BD82A4AC7
:10128000CA40D60727D500226260D90422692260AD
:1012900004D5421C01D12B6803B96065616B2F60D6
:1012A000B9B104F14403994202D02846FFF7A2FCE9
:1012B000002363630DE001232846B0470246501C1B
:1012C000C9D12B68002BC6D01D2B01D0162B1ED1E7
:1012D0002F60002022E043F040031BB21BE00F69A7
:1012E000002FF6D093070E6808BF4B690F6018BF38
:1012F0000023A6EB07088B60B8F1000FE9DD216A37
:10130000A66A43463A462846B047002808DCB4F9A6
:101310000C3043F04003A3814FF0FF30BDE8F08173
:101320000744A8EB0008E7E70100402038B50B6947
:1013300005460C4613B90025284638BD18B1036A86
:101340000BB9FFF78DF9B4F90C30002BF3D0626EB6
:10135000D00704D4990502D4A06DFFF7DEFB284620
:101360002146FFF75FFF636EDA070546E4D4A389E1
:101370009B05E1D4A06DFFF7D1FBDDE770B50C460E
:10138000B1F90E10002996B015461E460DDAA38954
:1013900013F0800F4FF0000114BF40234FF480631F
:1013A000002031602B6016B070BD6A4600F048F82E
:1013B0000028ECDB019901F47041A1F5005359427A
:1013C00059414FF48063EBE78B89F7B59D070646DB
:1013D0000C4607D504F147032360236101236361B1
:1013E00003B0F0BD01AB6A46FFF7C8FF009F05469A
:1013F00039463046FFF70EF848B9B4F90C309A0573
:10140000EED423F0030343F00203A381E2E7A389B0
:10141000206043F08003A381019BC4E904075BB112
:10142000B4F90E10304600F01DF828B1A38923F05E
:10143000030343F00103A381A3891D43A581CFE7E3
:1014400038B5074D00230446084611462B60E0F7E7
:1014500086F9431C02D12B6803B1236038BD00BF5D
:10146000F45C022438B5064D0023044608462B6080
:10147000E0F77AF9431C02D12B6803B1236038BD31
:10148000F45C0224F8B500BFF8BC08BC9E46704767
:0C149000F8B500BFF8BC08BC9E467047D1
:1014A00000000000FFFFFFFFFFFFFFFF0000000044
:1014B000010000000000000000000000010000002A
:1014C000FFFFFFFFFFFFFFFF01000000FFFFFFFF27
:1014D000FFFFFFFF0100000001000000010000000D
:1014E0004C6564303300766964656F5461736B00DA
:1014F000546F7563684746585461736B006273702C
:101500005F74735F696E697469616C697A656400A0
:101510007669727475616C20766F69642053544DDE
:101520003332546F756368436F6E74726F6C6C65A1
:10153000723A3A696E6974282900463A2F546F75D9
:1015400063686766782F436F6D2F434D372F546F55
:101550007563684746582F7461726765742F5354DA
:101560004D3332546F756368436F6E74726F6C6C79
:1015700065722E637070007769647468203E3D2048
:10158000444953504C41595F5749445448202626FA
:1015900020686569676874203E3D20444953504C7B
:1015A00041595F4845494748542026262022467223
:1015B000616D656275666665722063616E6E6F74DB
:1015C00020626520736D616C6C6572207468616E59
:1015D00020646973706C6179220076697274756138
:1015E0006C20766F696420746F7563686766783AFB
:1015F0003A48414C3A3A7365744672616D6542757A
:101600006666657253697A652875696E7431365FEE
:10161000742C2075696E7431365F7429002E2E2F5C
:101620002E2E2F434D372F2E2E2F2E2E2F434D375C
:101630002F4D6964646C6577617265732F53542F05
:10164000746F7563686766782F6672616D65776F12
:10165000726B2F696E636C7564652F746F75636848
:101660006766782F68616C2F48414C2E6870700057
:101670006672616D6542756666657220213D203037
:10168000202626202241206672616D65627566669D
:1016900065722061646472657373206D7573742064
:1016A00062652073657422007669727475616C20BE
:1016B000766F696420746F7563686766783A3A4834
:1016C000414C3A3A7365744672616D65427566665F
:1016D0006572537461727441646472657373657387
:1016E00028766F69642A2C20766F69642A2C20760C
:1016F0006F69642A29007669727475616C20626F63
:101700006F6C2048617264776172654D4A5045473D
:101710004465636F6465723A3A6465636F646554E7
:1017200068756D626E61696C2875696E7433325FBD
:10173000742C2075696E74385F742A2C2075696E5C
:101740007431365F742C2075696E7431365F74297C
:1017500000463A2F546F7563686766782F436F6D44
:101760002F434D372F546F7563684746582F746168
:10177000726765742F67656E6572617465642F4862
:10178000617264776172654D4A5045474465636F85
:101790006465722E63707000212242756666657200
:1017A00020746F20736D616C6C2200636F6E7374B4
:1017B0002075696E74385F742A204861726477619D
:1017C00072654D4A5045474465636F6465723A3AA5
:1017D00072656164446174612875696E7433325F47
:1017E000742C2075696E7433325F74290028667218
:1017F000616D654E756D626572203E203029202630
:1018000026202248617264776172654D4A504547CF
:101810004465636F646572206465636F64696E67B5
:1018200020776974686F7574206672616D652064D5
:101830006174612122007669727475616C20626F37
:101840006F6C2048617264776172654D4A504547FC
:101850004465636F6465723A3A676F746F4E65787A
:10186000744672616D65282900524946460021225E
:101870005249464620686561646572206E6F742027
:10188000666F756E642200766F69642048617264C9
:10189000776172654D4A5045474465636F64657270
:1018A0003A3A72656164566964656F48656164655A
:1018B00072282900415649200021224156492068BA
:1018C0006561646572206E6F7420666F756E642248
:1018D000004C495354002122415649204C4953544D
:1018E000206E6F7420666F756E6422006176694C9D
:1018F00069737453697A65006864726C0061766913
:1019000068006D6F76690069647831007669727479
:1019100075616C20626F6F6C2048617264776172D0
:10192000654D4A5045474465636F6465723A3A6451
:1019300065636F64654E6578744672616D65287580
:10194000696E74385F742A2C2075696E7431365F45
:10195000742C2075696E7431365F742C2075696E35
:101960007433325F742900286672616D655F627539
:10197000666665725F73656D20213D204E554C4C47
:101980002920262620224372656174696F6E206FBC
:1019900066206672616D6562756666657220736544
:1019A0006D6170686F7265206661696C65642200A4
:1019B00073746174696320766F696420746F7563F2
:1019C000686766783A3A4F53577261707065727300
:1019D0003A3A696E697469616C697A6528290046CA
:1019E0003A2F546F7563686766782F436F6D2F4386
:1019F0004D372F546F7563684746582F746172676F
:101A000065742F67656E6572617465642F4F5357F7
:101A1000726170706572732E6370700028767379CE
:101A20006E635F717565756520213D204E554C4C88
:101A30002920262620224372656174696F6E206F0B
:101A400066207673796E63206D65737361676520B8
:101A50007175657565206661696C6564220030206A
:101A600026262022556E737570706F72746564201F
:101A7000466F726D617421220075696E7433325F36
:101A8000742053544D3332444D413A3A67657443A0
:101A900068726F6D4152544F7574707574466F72F1
:101AA0006D617428746F7563686766783A3A426945
:101AB000746D61703A3A4269746D6170466F726D0F
:101AC00061742900463A2F546F7563686766782FF2
:101AD000436F6D2F434D372F546F756368474658DA
:101AE0002F7461726765742F67656E6572617465C6
:101AF000642F53544D3332444D412E637070007542
:101B0000696E7433325F742053544D3332444D4107
:101B10003A3A6765744368726F6D415254496E700A
:101B20007574466F726D617428746F75636867664B
:101B3000783A3A4269746D61703A3A4269746D61FB
:101B400070466F726D617429003020262620225560
:101B50006E737570706F7274656420666F726D61FC
:101B60007422007669727475616C20766F696420E6
:101B700053544D3332444D413A3A73657475704451
:101B8000617461436F707928636F6E737420746F32
:101B90007563686766783A3A426C69744F702629B3
:101BA0000068616E646C65203C206E6F5F737472B8
:101BB00065616D7300626F6F6C2044656469636179
:101BC000746564427566666572436F6E74726F6C9D
:101BD0006C65723C6E6F5F73747265616D732C20FF
:101BE00077696474682C206865696768742C207351
:101BF00074726964652C206F75747075745F666F9C
:101C0000726D61743E3A3A6765744973506C6179DC
:101C1000696E6728746F7563686766783A3A5669C3
:101C200064656F436F6E74726F6C6C65723A3A489C
:101C3000616E646C6529205B77697468206C6F6ED7
:101C40006720756E7369676E656420696E74206EB7
:101C50006F5F73747265616D73203D20313B206C42
:101C60006F6E6720756E7369676E656420696E7448
:101C7000207769647468203D203830303B206C6FD9
:101C80006E6720756E7369676E656420696E742077
:101C9000686569676874203D203438303B206C6F7C
:101CA0006E6720756E7369676E656420696E742057
:101CB000737472696465203D20323430303B207487
:101CC0006F7563686766783A3A4269746D61703A15
:101CD0003A4269746D6170466F726D6174206F7500
:101CE000747075745F666F726D6174203D20746FDF
:101CF0007563686766783A3A4269746D61703A3A1A
:101D00005247423838383B20746F7563686766788D
:101D10003A3A566964656F436F6E74726F6C6C65A6
:101D2000723A3A48616E646C65203D206C6F6E6754
:101D300020756E7369676E656420696E745D002E30
:101D40002E2F2E2E2F2E2E2F434D372F546F75638F
:101D5000684746582F7461726765742F67656E65B2
:101D600072617465642F446564696361746564427B
:101D70007566666572566964656F436F6E74726FDF
:101D80006C6C65722E68707000766F6964204465B3
:101D900064696361746564427566666572436F6EFB
:101DA00074726F6C6C65723C6E6F5F737472656198
:101DB0006D732C2077696474682C20686569676886
:101DC000742C207374726964652C206F757470753F
:101DD000745F666F726D61743E3A3A6765745669F6
:101DE00064656F496E666F726D6174696F6E287499
:101DF0006F7563686766783A3A566964656F436FD2
:101E00006E74726F6C6C65723A3A48616E646C65A0
:101E10002C20746F7563686766783A3A5669646512
:101E20006F496E666F726D6174696F6E2A29205BEF
:101E300077697468206C6F6E6720756E7369676E62
:101E4000656420696E74206E6F5F73747265616D76
:101E500073203D20313B206C6F6E6720756E736977
:101E6000676E656420696E74207769647468203DCC
:101E7000203830303B206C6F6E6720756E73696759
:101E80006E656420696E7420686569676874203DBA
:101E9000203438303B206C6F6E6720756E73696735
:101EA0006E656420696E7420737472696465203D88
:101EB00020323430303B20746F7563686766783A3F
:101EC0003A4269746D61703A3A4269746D61704664
:101ED0006F726D6174206F75747075745F666F7268
:101EE0006D6174203D20746F7563686766783A3A57
:101EF0004269746D61703A3A5247423838383B2033
:101F0000746F7563686766783A3A566964656F43BB
:101F10006F6E74726F6C6C65723A3A48616E646C85
:101F200065203D206C6F6E6720756E7369676E6506
:101F30006420696E745D0075696E7433325F74205D
:101F4000446564696361746564427566666572437D
:101F50006F6E74726F6C6C65723C6E6F5F737472CF
:101F600065616D732C2077696474682C20686569DD
:101F70006768742C207374726964652C206F7574A3
:101F80007075745F666F726D61743E3A3A6765741E
:101F900043757272656E744672616D654E756D62E1
:101FA000657228746F7563686766783A3A56696433
:101FB000656F436F6E74726F6C6C65723A3A48610C
:101FC0006E646C6529205B77697468206C6F6E673E
:101FD00020756E7369676E656420696E74206E6F1C
:101FE0005F73747265616D73203D20313B206C6FAF
:101FF0006E6720756E7369676E656420696E742004
:102000007769647468203D203830303B206C6F6EF7
:102010006720756E7369676E656420696E742068E9
:102020006569676874203D203438303B206C6F6EE2
:102030006720756E7369676E656420696E742073BE
:102040007472696465203D20323430303B20746FF7
:102050007563686766783A3A4269746D61703A3AB6
:102060004269746D6170466F726D6174206F757432
:102070007075745F666F726D6174203D20746F754A
:1020800063686766783A3A4269746D61703A3A52A9
:1020900047423838383B2075696E7433325F74209C
:1020A0003D206C6F6E6720756E7369676E65642086
:1020B000696E743B20746F7563686766783A3A5648
:1020C0006964656F436F6E74726F6C6C65723A3AD7
:1020D00048616E646C65203D206C6F6E6720756E84
:1020E0007369676E656420696E745D00766F6964FC
:1020F00020446564696361746564427566666572EF
:10210000436F6E74726F6C6C65723C6E6F5F73744C
:102110007265616D732C2077696474682C20686522
:10212000696768742C207374726964652C206F75FC
:10213000747075745F666F726D61743E3A3A736560
:1021400074436F6D6D616E6428746F756368676644
:10215000783A3A566964656F436F6E74726F6C6C4F
:1021600065723A3A48616E646C652C20746F7563D1
:10217000686766783A3A566964656F436F6E747241
:102180006F6C6C65723A3A436F6D6D616E642C20B2
:1021900075696E7433325F7429205B7769746820C7
:1021A0006C6F6E6720756E7369676E656420696E0B
:1021B00074206E6F5F73747265616D73203D2031A2
:1021C0003B206C6F6E6720756E7369676E65642067
:1021D000696E74207769647468203D203830303B24
:1021E000206C6F6E6720756E7369676E6564206919
:1021F0006E7420686569676874203D203438303B10
:10220000206C6F6E6720756E7369676E65642069F8
:102210006E7420737472696465203D2032343030EE
:102220003B20746F7563686766783A3A4269746DEB
:1022300061703A3A4269746D6170466F726D617493
:10224000206F75747075745F666F726D6174203D78
:1022500020746F7563686766783A3A4269746D6195
:10226000703A3A5247423838383B20746F75636889
:102270006766783A3A566964656F436F6E74726F39
:102280006C6C65723A3A48616E646C65203D206CF6
:102290006F6E6720756E7369676E656420696E7412
:1022A0003B2075696E7433325F74203D206C6F6E15
:1022B0006720756E7369676E656420696E745D0072
:1022C000766F69642044656469636174656442750E
:1022D00066666572436F6E74726F6C6C65723C6E8D
:1022E0006F5F73747265616D732C207769647468B5
:1022F0002C206865696768742C2073747269646542
:102300002C206F75747075745F666F726D61743EAA
:102310003A3A736574566964656F446174612874F0
:102320006F7563686766783A3A566964656F436F9C
:102330006E74726F6C6C65723A3A48616E646C656B
:102340002C20636F6E73742075696E74385F742A05
:102350002C2075696E7433325F7429205B77697441
:1023600068206C6F6E6720756E7369676E65642098
:10237000696E74206E6F5F73747265616D73203D5A
:1023800020313B206C6F6E6720756E7369676E65D8
:102390006420696E74207769647468203D20383049
:1023A000303B206C6F6E6720756E7369676E656475
:1023B00020696E7420686569676874203D20343830
:1023C000303B206C6F6E6720756E7369676E656455
:1023D00020696E7420737472696465203D20323404
:1023E00030303B20746F7563686766783A3A4269AB
:1023F000746D61703A3A4269746D6170466F726DC6
:102400006174206F75747075745F666F726D61743E
:10241000203D20746F7563686766783A3A42697444
:102420006D61703A3A5247423838383B20746F75C4
:1024300063686766783A3A566964656F436F6E748D
:10244000726F6C6C65723A3A48616E646C65203DDF
:10245000206C6F6E6720756E7369676E65642069A6
:102460006E743B2075696E74385F74203D20756E04
:102470007369676E656420636861723B2075696E7D
:102480007433325F74203D206C6F6E6720756E73FD
:1024900069676E656420696E745D00766F6964209B
:1024A0004465646963617465644275666665724318
:1024B0006F6E74726F6C6C65723C6E6F5F7374726A
:1024C00065616D732C2077696474682C2068656978
:1024D0006768742C207374726964652C206F75743E
:1024E0007075745F666F726D61743E3A3A736574AD
:1024F0004672616D655261746528746F75636867B3
:1025000066783A3A566964656F436F6E74726F6CA1
:102510006C65723A3A48616E646C652C2075696E20
:102520007433325F742C2075696E7433325F742992
:10253000205B77697468206C6F6E6720756E7369B5
:10254000676E656420696E74206E6F5F7374726568
:10255000616D73203D20313B206C6F6E6720756E7E
:102560007369676E656420696E7420776964746846
:10257000203D203830303B206C6F6E6720756E73C5
:1025800069676E656420696E742068656967687440
:10259000203D203438303B206C6F6E6720756E73A1
:1025A00069676E656420696E74207374726964650E
:1025B000203D20323430303B20746F75636867668D
:1025C000783A3A4269746D61703A3A4269746D6161
:1025D00070466F726D6174206F75747075745F668C
:1025E0006F726D6174203D20746F756368676678E3
:1025F0003A3A4269746D61703A3A52474238383813
:102600003B20746F7563686766783A3A566964650B
:102610006F436F6E74726F6C6C65723A3A48616E9C
:10262000646C65203D206C6F6E6720756E73696702
:102630006E656420696E743B2075696E7433325F19
:1026400074203D206C6F6E6720756E7369676E65D0
:102650006420696E745D00626F6F6C20446564690C
:102660006361746564427566666572436F6E747209
:102670006F6C6C65723C6E6F5F73747265616D73C5
:102680002C2077696474682C206865696768742CED
:10269000207374726964652C206F75747075745F33
:1026A000666F726D61743E3A3A7570646174654626
:1026B00072616D6528746F7563686766783A3A561B
:1026C0006964656F436F6E74726F6C6C65723A3AD1
:1026D00048616E646C652C20746F756368676678FA
:1026E0003A3A566964656F576964676574262920AC
:1026F0005B77697468206C6F6E6720756E736967AD
:102700006E656420696E74206E6F5F7374726561AC
:102710006D73203D20313B206C6F6E6720756E73AA
:1027200069676E656420696E7420776964746820D7
:102730003D203830303B206C6F6E6720756E7369BA
:10274000676E656420696E742068656967687420C7
:102750003D203438303B206C6F6E6720756E736996
:10276000676E656420696E74207374726964652095
:102770003D20323430303B20746F75636867667873
:102780003A3A4269746D61703A3A4269746D6170A7
:10279000466F726D6174206F75747075745F666FCB
:1027A000726D6174203D20746F7563686766783A56
:1027B0003A4269746D61703A3A5247423838383B50
:1027C00020746F7563686766783A3A566964656F16
:1027D000436F6E74726F6C6C65723A3A48616E64E6
:1027E0006C65203D206C6F6E6720756E7369676E37
:1027F000656420696E745D00302026262022556EA7
:1028000061626C6520746F2066696E642066726513
:102810006520766964656F2073747265616D2068E8
:10282000616E646C65212200746F756368676678F9
:102830003A3A566964656F436F6E74726F6C6C657B
:10284000723A3A48616E646C6520446564696361FC
:10285000746564427566666572436F6E74726F6C00
:102860006C65723C6E6F5F73747265616D732C2062
:1028700077696474682C206865696768742C2073B4
:1028800074726964652C206F75747075745F666FFF
:10289000726D61743E3A3A67657446726565486167
:1028A0006E646C652829205B77697468206C6F6E94
:1028B0006720756E7369676E656420696E74206E3B
:1028C0006F5F73747265616D73203D20313B206CC6
:1028D0006F6E6720756E7369676E656420696E74CC
:1028E000207769647468203D203830303B206C6F5D
:1028F0006E6720756E7369676E656420696E7420FB
:10290000686569676874203D203438303B206C6FFF
:102910006E6720756E7369676E656420696E7420DA
:10292000737472696465203D20323430303B20740A
:102930006F7563686766783A3A4269746D61703A98
:102940003A4269746D6170466F726D6174206F7583
:10295000747075745F666F726D6174203D20746F62
:102960007563686766783A3A4269746D61703A3A9D
:102970005247423838383B20746F75636867667811
:102980003A3A566964656F436F6E74726F6C6C652A
:10299000723A3A48616E646C65203D206C6F6E67D8
:1029A00020756E7369676E656420696E745D0030B2
:1029B00020262620227265676973746572566964E1
:1029C000656F5769646765743A20556E61626C651E
:1029D00020746F20616C6C6F636174652052474294
:1029E00020627566666572212200746F7563686780
:1029F00066783A3A566964656F436F6E74726F6CAD
:102A00006C65723A3A48616E646C6520446564692D
:102A10006361746564427566666572436F6E747255
:102A20006F6C6C65723C6E6F5F73747265616D7311
:102A30002C2077696474682C206865696768742C39
:102A4000207374726964652C206F75747075745F7F
:102A5000666F726D61743E3A3A7265676973746548
:102A600072566964656F57696467657428746F7519
:102A700063686766783A3A566964656F5769646750
:102A800065742629205B77697468206C6F6E6720F7
:102A9000756E7369676E656420696E74206E6F5F12
:102AA00073747265616D73203D20313B206C6F6ED5
:102AB0006720756E7369676E656420696E74207730
:102AC00069647468203D203830303B206C6F6E673D
:102AD00020756E7369676E656420696E7420686521
:102AE00069676874203D203438303B206C6F6E6716
:102AF00020756E7369676E656420696E74207374E7
:102B000072696465203D20323430303B20746F752B
:102B100063686766783A3A4269746D61703A3A421E
:102B200069746D6170466F726D6174206F75747039
:102B300075745F666F726D6174203D20746F75638C
:102B4000686766783A3A4269746D61703A3A5247FA
:102B5000423838383B20746F7563686766783A3A54
:102B6000566964656F436F6E74726F6C6C65723A10
:102B70003A48616E646C65203D206C6F6E6720750D
:102B80006E7369676E656420696E745D00636F6D56
:102B900070617469626C654672616D6562756666C6
:102BA0006572284269746D61703A3A52474238380A
:102BB000382920262620225468652063686F7365B3
:102BC0006E207061696E746572206F6E6C7920770B
:102BD0006F726B73207769746820524742383838B7
:102BE00020646973706C6179732200746F75636817
:102BF0006766783A3A4162737472616374506169CE
:102C00006E7465725247423838383A3A416273748A
:102C1000726163745061696E7465725247423838EC
:102C2000382829002E2E2F2E2E2F434D372F2E2EB3
:102C30002F2E2E2F434D372F4D6964646C657761BD
:102C40007265732F53542F746F7563686766782F9E
:102C50006672616D65776F726B2F696E636C7564F8
:102C6000652F746F7563686766782F776964676529
:102C700074732F63616E7661732F41627374726136
:102C800063745061696E7465725247423838382EE9
:102C90006870700073697A656F6628536372656542
:102CA0006E5479706529203C3D20686561702E73F3
:102CB000637265656E53746F726167652E656C65CE
:102CC0006D656E745F73697A652829202626202237
:102CD0005669657720616C6C6F636174696F6E20F3
:102CE0006572726F723A20436865636B2074686125
:102CF0007420616C6C207669657773206172652041
:102D0000616464656420746F2046726F6E74656ED2
:102D100064486561703A3A566965775479706573AD
:102D2000220050726573656E746572547970652AFD
:102D300020746F7563686766783A3A6D616B6554A5
:102D400072616E736974696F6E2853637265656E24
:102D50002A2A2C2050726573656E7465722A2A2C9B
:102D6000204D565048656170262C205472616E7358
:102D70006974696F6E2A2A2C204D6F64656C5479D2
:102D800070652A29205B77697468205363726565D2
:102D90006E54797065203D2053637265656E3156BF
:102DA0006965773B2050726573656E7465725479FE
:102DB0007065203D2053637265656E315072657396
:102DC000656E7465723B205472616E7354797065E0
:102DD000203D204E6F5472616E736974696F6E3B53
:102DE000204D6F64656C54797065203D204D6F6493
:102DF000656C5D002E2E2F2E2E2F434D372F2E2E3D
:102E00002F2E2E2F434D372F4D6964646C657761EB
:102E10007265732F53542F746F7563686766782FCC
:102E20006672616D65776F726B2F696E636C756426
:102E3000652F6D76702F4D56504170706C696361CF
:102E400074696F6E2E6870700073697A656F66289A
:102E500050726573656E7465725479706529203C93
:102E60003D20686561702E70726573656E74657261
:102E700053746F726167652E656C656D656E745F06
:102E800073697A6528292026262022507265736589
:102E90006E74657220616C6C6F636174696F6E2013
:102EA0006572726F723A20436865636B2074686163
:102EB0007420616C6C2070726573656E74657273DA
:102EC0002061726520616464656420746F204672BD
:102ED0006F6E74656E64486561703A3A50726573DE
:102EE000656E7465725479706573220073697A65D2
:102EF0006F66285472616E735479706529203C3D69
:102F000020686561702E7472616E736974696F6E8A
:102F100053746F726167652E656C656D656E745F65
:102F200073697A65282920262620225472616E73DF
:102F30006974696F6E20616C6C6F636174696F6E28
:102F4000206572726F723A20436865636B20746803
:102F5000617420616C6C207472616E736974696F46
:102F60006E732061726520616464656420746F20F3
:102F700046726F6E74656E64486561703A3A547259
:102F8000616E736974696F6E547970657322007530
:102F9000736564203E203000746F756368676678DF
:102FA0003A3A556E69636F64653A3A556E69636F74
:102FB00064654368617220746F7563686766783A08
:102FC0003A5465787450726F76696465723A3A6300
:102FD000697263756C61724275666665723C73698D
:102FE0007A653E3A3A7065656B43686172282920BC
:102FF0005B7769746820756E7369676E65642069B4
:103000006E742073697A65203D2031303B20746FE7
:103010007563686766783A3A556E69636F64653AB6
:103020003A556E69636F646543686172203D207331
:10303000686F727420756E7369676E656420696E5F
:10304000745D002E2E2F2E2E2F434D372F2E2E2F18
:103050002E2E2F434D372F4D6964646C6577617256
:1030600065732F53542F746F7563686766782F6686
:1030700072616D65776F726B2F696E636C756465D5
:103080002F746F7563686766782F54657874507213
:103090006F76696465722E687070006F666673651E
:1030A00074203C207573656400746F75636867668F
:1030B000783A3A556E69636F64653A3A556E69635A
:1030C0006F64654368617220746F756368676678C2
:1030D0003A3A5465787450726F76696465723A3A18
:1030E00063697263756C61724275666665723C7382
:1030F000697A653E3A3A7065656B43686172287516
:10310000696E7431365F7429205B77697468207545
:103110006E7369676E656420696E742073697A6581
:10312000203D2031303B20746F7563686766783AC4
:103130003A556E69636F64653A3A556E69636F64B8
:103140006543686172203D2073686F727420756EEC
:103150007369676E656420696E743B2075696E746F
:1031600031365F74203D2073686F727420756E7302
:1031700069676E656420696E745D0049444C450062
:10318000546D725100546D7220537663002C20668A
:10319000756E6374696F6E3A200061737365727443
:1031A000696F6E2022257322206661696C65643A1E
:1031B0002066696C6520222573222C206C696E655F
:1031C000202564257325730A00232D302B200068E9
:1031D0006C4C006566674546470030313233343504
:1031E0003637383941424344454600303132333472
:1031F000353637383961626364656600E014020869
:1032000000000000000000000000000000000000BE
:1032100000020000080000000000000000000000A4
:10322000E61402080000000000000000000000009A
:1032300000000000A00F00000800000000000000D7
:1032400000000000F0140208000000000000000070
:103250000000000000000000A02F00001800000087
:10326000000000000000000000000000000000005E
:10327000411800083D180008C91800081F18000868
:103280002D180008D7180008171800081B18000888
:103290000000000000000000F51800082D190008CB
:1032A0003D190008F91800080000000000000000A7
:1032B000411B0008A31B0008E91A00086D1C000848
:1032C000C11B0008E51B00089F1B0008431B0008EA
:1032D000D5D70008E3D70008F51A000805E4000870
:1032E0008B1B0008351B00084F340008B11C000878
:1032F00019E00008EBD700084DDC000845DF0008A6
:10330000AFDF0008A9DC0008A9E10008E1E000083F
:103310003DE300080DDD00083DDA00082DE200085D
:10332000B1E20008751B0008471B00084B1B000892
:103330004F1B0008711E0008F71A0008C51C000882
:10334000FD1A000881DB0008EDDB0008111B0008F6
:10335000131B0008171B0008211B0008271B00086F
:10336000A7D7000861DD00082F1B000891D80008CE
:10337000B11B0008551B0008711B000845DA000846
:1033800043DB0008251C0008613400086134000894
:10339000311B00080000000000000000412100086F
:1033A00061210008512500085D2500081B21000847
:1033B0005D2800088922000821290008452100080D
:1033C00029230008112100082D21000833210008BD
:1033D0001521000831210008000000000000000055
:1033E000FD2A000891E50008F12A0008AD2B00082D
:1033F000052B0008592E0008F72A0008752B000835
:10340000952B0008A7E40008F9E50008A1E40008EE
:10341000E52C0008412C000833E5000835E50008DC
:1034200033E50008DDE500080000000000000000B2
:10343000E5300008F930000851D2000865D20008D4
:1034400025D2000829D200084BD2000875300008A8
:10345000793000087D300008853000080000000049
:1034600000000000BD300008D130000851D2000833
:1034700065D2000825D2000829D200084BD20008E6
:10348000593000085D300008613000086B300008DA
:10349000000000000000000095300008A93000087E
:1034A00051D2000865D2000825D2000829D20008B0
:1034B0004BD200083D30000841300008453000087C
:1034C0004F30000800000000000000000D3100082F
:1034D000453100088D3000080000000000000000A9
:1034E0000000000000000000073300080B33000854
:1034F0001333000899FC01080000000000000000E0
:1035000069330008AF3300088DFD00083733000829
:10351000013101087DFE000853340008BD32000867
:103520008130010813360008C13001089B300108C2
:10353000C1320008C5320008C9320008CD32000887
:10354000D1320008D3320008D5320008D732000843
:10355000D932000861310108DB320008F33200087B
:10356000153300081B3300082133000859330008C5
:1035700000000000000000006B330008BD330008AD
:10358000AFE6000843330008473300084D33000816
:103590005333000855E60008A9F700086BE6000859
:1035A00071E6000895E60008EDE6000899E60008D7
:1035B0005D33000861330008653300080000000037
:1035C000000000008B330008A133000825370008F5
:1035D0001D340008C935000825360008F1350008FB
:1035E000993500088D3300082135000801350008A1
:1035F000D5340008B13400089B3300088333000839
:103600000000000000000000E1390008D139000886
:10361000D339000800000000000000000000000096
:10362000000000000000000000000000000000009A
:103630007D3A0008ED3A0008A93A0008C93A0008A6
:103640000000000000000000611A0108D91A0108FA
:10365000ED1A0108091B0108F11D01081B3B0008B8
:103660007F3A0008FB3A0008813A00084D1D010826
:10367000673A00083D1A0108693A0008011B010871
:1036800031260108A91A0108351F0108791A010815
:10369000BD1B01080000000000000000A73A000860
:1036A000DF3A0008A13A0008753A0008773A0008A6
:1036B0000B3B0008793A0008000000000000000001
:1036C000293D00087F3D0008D7390108153A000858
:1036D000353A0008393A000859400008754000089A
:1036E000AD2E0108CD2F0108C52E0108692F010854
:1036F0003D3A00085F2F0108413A0008453A0008AA
:103700004D3A0008453D00086F2F0108213D000893
:10371000253D0008533A0008593A00082B3D00089F
:103720000000000000000000F73D0008FB3D00081D
:10373000FB3F0108F93D0008EF3D0008F13D00089E
:10374000D53A01087D3B01087D3A0108F33D0008A8
:10375000F53D00080000000000000000611A0108AB
:10376000D91A0108ED1A0108091B0108D9410008FE
:103770001B3B0008C7410008C9410008813A000806
:103780004D1D0108673A00083D1A0108693A000812
:10379000011B010831260108A91A0108351F01087B
:1037A000791A0108BD1B010800000000000000009C
:1037B00013420008134200080D4200081542000899
:1037C000FCFFFFFF000000000F420008234200083A
:1037D00000000000000000004142000855420008BF
:1037E000FB3F01087D420008EF3D00083D42000814
:1037F000D53A01087D3B01087D3A0108F33D0008F8
:10380000F53D000800090F0E07100B0A04070B080E
:103810000F100A0100090F0E07100B0A04070B080E
:103820000F100A01FFFFFF2600000000000000004B
:103830000000000000000000000000000000000088
:1038400000250B090100250C0A02260000000025B6
:103850000000000000000000000000000000000068
:10386000000000000000000000260A0C02002609EB
:103870000B012500000000FFFFFFFFFFFFFFFFFF20
:10388000FF00000000000000000000000000000039
:103890000004040404040000000000040404040400
:1038A0000000000000000000000000000000000018
:1038B0000000000000000000000000000000000008
:1038C00000000000000000000000000000000000F8
:1038D00000000000000000000000000101202000A6
:1038E00000010200001802033B0000001801033C25
:1038F000000000180403390000001803033A000018
:1039000000850100840100000179798009800901A6
:10391000000080308A40B1A99134B4504E8166A134
:10392000089201959433A31B8283830EA6A0B0C096
:10393000D090E0F00055777F2C02FF00000066B6C3
:1039400006B106000001DF0000031F0001000000B7
:103950000300000000000000010203040102030450
:10396000060708091112182F6363636312151A42C0
:1039700063636363181A3863636363632F4263632B
:103980006363636363636363636363636363636307
:1039900063636363636363636363636363636363F7
:1039A00063636363100B0A101828333D0C0C0E136D
:1039B0001A3A3C370E0D1018283945380E11161DCD
:1039C0003357503E12162538446D674D1823374043
:1039D0005168715C31404E5767797865485C5F6229
:1039E00070646763000108100902030A11182019A6
:1039F000120B04050C131A21283029221B140D0662
:103A0000070E151C232A313839322B241D160F17A7
:103A10001E252C333A3B342D261F272E353C3D36B0
:103A20002F373E3F0002010204040304070504048B
:103A30000001027700010203110405213106124141
:103A4000510761711322328108144291A1B1C10959
:103A5000233352F0156272D10A162434E125F1178E
:103A600018191A262728292A35363738393A43446F
:103A700045464748494A535455565758595A63641E
:103A800065666768696A737475767778797A828310
:103A90008485868788898A92939495969798999A2F
:103AA000A2A3A4A5A6A7A8A9AAB2B3B4B5B6B7B84D
:103AB000B9BAC2C3C4C5C6C7C8C9CAD2D3D4D5D679
:103AC000D7D8D9DAE2E3E4E5E6E7E8E9EAF2F3F4A5
:103AD000F5F6F7F8F9FA00020103030204030505FD
:103AE00004040000017D01020300041105122131CC
:103AF000410613516107227114328191A1082342BA
:103B0000B1C11552D1F02433627282090A16171816
:103B1000191A25262728292A3435363738393A43C1
:103B20004445464748494A535455565758595A638D
:103B30006465666768696A737475767778797A837D
:103B40008485868788898A92939495969798999A7E
:103B5000A2A3A4A5A6A7A8A9AAB2B3B4B5B6B7B89C
:103B6000B9BAC2C3C4C5C6C7C8C9CAD2D3D4D5D6C8
:103B7000D7D8D9DAE1E2E3E4E5E6E7E8E9EAF1F209
:103B8000F3F4F5F6F7F8F9FA000301010101010178
:103B90000101010000000000000102030405060706
:103BA00008090A0B000105010101010101000000E3
:103BB00000000000000102030405060708090A0BC3
:103BC00004030202020101020000000000000000E4
:103BD000000000000000000051D2000865D200087B
:103BE00025D2000829D200084BD2000899FC010810
:103BF00099FC010899FC010899FC010800000000EB
:103C00000000000007D3000809D30008DBD6000835
:103C1000C7D20008013101085F30010853340008A1
:103C20007DD200088130010879D30008C130010835
:103C30009B300108C1320008C5320008C9320008B3
:103C4000CD320008D1320008D3320008D532000846
:103C5000D7320008D932000861310108DB32000890
:103C60004DD7000895D2000817D30008AFD200083E
:103C7000C1D2000881D2000845D30008D9D300087A
:103C8000EFD200083DD60008D3D20008101820005B
:103C900000000008080808080000000000000000FC
:103CA00071E400087DE4000839E5000837E5000804
:103CB000EBE500087DE5000895E400080000000041
:103CC0000000000069F2000851F5000841F000080A
:103CD00000000000000000000000000000000000E4
:103CE000AFE6000843330008473300084D330008AF
:103CF0005333000855E60008A9F700086BE60008F2
:103D000071E6000895E60008EDE6000899E600086F
:103D100099FC010899FC010899FC010800000000C9
:103D200000000000C9F80008EFF80008ADF800082E
:103D30000B330008EBF80008CFF8000899F80008EA
:103D4000F8FFFFFF00000000CBF80008FDF80008B6
:103D5000A7F8000800000000000000007BFD00083C
:103D60007DFD0008073300080B33000879FD0008CB
:103D700005F900080000000000000000000000003D
:103D8000000000008DFD00083733000801310108F4
:103D90007DFE000853340008BD3200088130010860
:103DA00013360008C13001089B300108C1320008F9
:103DB000C5320008C9320008CD320008D1320008EF
:103DC000D3320008D5320008D7320008D9320008B3
:103DD00061310108DB320008F332000815330008B6
:103DE0001B3300082133000899FC01080000000083
:103DF0000000000045FF000847FF000809FF000819
:103E0000EDFE0008013101085F30010855FF000890
:103E1000BD3200088130010813360008C1300108A6
:103E20009B300108C1320008C5320008C9320008C1
:103E3000CD320008D1320008D3320008D532000854
:103E4000D7320008D932000861310108DB3200089E
:103E5000F3320008000000000000000069FF0008C5
:103E60006BFF00080000000000000000611A01085C
:103E7000D91A0108ED1A0108091B0108F11D0108F2
:103E8000751A01081D1B01081F1B0108653A00086F
:103E90004D1D0108673A00083D1A0108693A0008FB
:103EA000011B010831260108A91A0108351F010864
:103EB000791A0108BD1B0108000000000000000085
:103EC000B9310108BB31010871350108000000005B
:103ED000000000000000000000000000D7390108C9
:103EE000153A0008353A0008393A000859400008E8
:103EF00075400008AD2E0108CD2F0108C52E010820
:103F0000692F01083D3A00085F2F0108413A000877
:103F1000453A00084D3A000899FC01086F2F010846
:103F20005140000855400008533A0008593A00082B
:103F300099FC01080000000000000000433A01085D
:103F4000453A0108313A0108000000000000000075
:103F5000413A0108533A0108353A010800000000CF
:103F6000000000003F3A0108613A0108393A0108AF
:103F700000000000000000003D3A01086F3A01080F
:103F8000FB3F0108ED3D0008EF3D0008F13D000852
:103F9000D53A01087D3B01087D3A0108F33D000850
:103FA000F53D00080000000000000000816D0108E0
:103FB000BB7301085DEB010811EE01080000000071
:103FC000000000007F6D0108C97301081175010828
:103FD000CD70010800000000000000007D6D0108A8
:103FE000D773010889770108957B0108000000005C
:103FF000000000007B6D0108E7730108797F01086C
:10400000F18401080000000000000000896D010833
:1040100001750108E56701080000000000000000CC
:10402000876D0108F3740108A96A01080000000007
:1040300000000000856D0108E5740108D1DF01086A
:104040000000000000000000836D0108D774010823
:1040500059E601080000000000000000996D010809
:1040600091740108D75E0108000000000000000004
:10407000976D010883740108316101080000000098
:1040800000000000A96D0108217401084F550108C6
:104090000000000000000000916D0108C9740108D3
:1040A000C96201080000000000000000A76D0108BF
:1040B00013740108CB570108000000000000000045
:1040C000956D010875740108E3C101080000000046
:1040D000000000008F6D0108BB74010853650108E2
:1040E0000000000000000000A16D010859740108E3
:1040F000855901080000000000000000936D0108D0
:10410000677401087DC7010800000000000000007E
:10411000A56D010805740108B3A2010800000000A4
:10412000000000009F6D01084B740108215C01082C
:1041300000000000000000008D6D0108AD74010852
:104140009DCD01080000000000000000A36D0108E3
:10415000F7730108DDA8010800000000000000005E
:104160008B6D01089F74010819D701080000000039
:10417000000000009D6D01083D7401086FAF01084B
:1041800000000000000000009B6D01082F74010872
:1041900007B901080000000000000000796D010867
:1041A000AD73010841950108456E01082796010885
:1041B0005D730108698B0108AD6F0108AD6D0108E1
:1041C000798A0108015401080554010809540108BD
:1041D0007D0C0108910C01081D0F01089D0C0108C0
:1041E00019540108810D010805970108000000001D
:1041F0000000000041FC010859FC0108E7F6010835
:10420000A2000000F9A2000083F9A2006E83F9A2C7
:104210004E6E83F9444E6E8315444E6E2915444EFE
:10422000FC29154427FC29155727FC29D15727FCC1
:10423000F5D1572734F5D157DD34F5D1C0DD34F54C
:10424000DBC0DD3462DBC0DD9562DBC0999562DBEB
:104250003C999562433C999590433C994190433CED
:10426000000000000000F03F000000000000F0BF70
:10427000000000000000F0BF000000000000F03F60
:1042800083C8C96D305F6441182D4454FB21F93F48
:10429000000000000000F03F1C620CFDFFFFDFBFCC
:1042A000198F06E15355A53F9D359AE887C056BF43
:1042B000C3F87B024393F93E03A695595455C5BFF5
:1042C000C40B23057610813F24CF7437EB9429BFAC
:1042D000000000000000F03F000000000000F0BF00
:1042E000000000000000F0BF000000000000F03FF0
:1042F00083C8C96D305F6441182D4454FB21F93FD8
:10430000000000000000F0BF1C620CFDFFFFDF3F5B
:10431000198F06E15355A5BF9D359AE887C0563FD2
:10432000C3F87B024393F9BE03A695595455C5BF04
:10433000C40B23057610813F24CF7437EB9429BF3B
:1043400000000080DB0F4940DB0F49C0DB0F49BF95
:10435000E4CB1640E4CB16C06937AC316821223378
:10436000B40F14336821A2333863ED3EDA0F493FAE
:0C4370005E987B3FDA0FC93F8C5D022491
:10437C00D2CE0321500C00300C00C105004D0000C2
:10438C000C00000200000F0093ECDE2900F7ADDA00
:10439C00EF02330000F90A000000F30C000000F5F6
:1043AC000A000010FD030000D56F0000B0CF030021
:1043BC0000E00C000000E00C0000004003000000D6
:1043CC000000000000F00E000000F00E00000000E5
:1043DC0000105377570200000083FCFFFFFFDF172C
:1043EC000000FDFFFFFFFFFFDF0200FDFFFFEFFFFF
:1043FC00FFFF2E00FD9E150041FAFFBF006B000071
:10440C00000060FFFF02000000000000FBFF07003F
:10441C000000000000F7FF08000000000000F6FF9D
:10442C0009000000000000F7FF070000000000007A
:10443C00FBFF04000000000030FFEF000000000054
:10444C0000C1FF7F000000000010FCFF0C0000000A
:10445C000000D3FFDF020000000081FFFF2C0000F2
:10446C00000060FEFF9F0000000000D0FFDF040092
:10447C0000000000D0FF0B000000000000D0FF097E
:10448C00000000000000D0FF09000000000000D078
:10449C00FF09000000000000D0FF09000000000030
:1044AC000000000000000000000000000000000000
:1044BC000000000000000000000000004044030069
:1044CC000000000000F1FF0E000000000000F1FFF2
:1044DC000E000000000000F1FF0E000000000000C4
:1044EC00F1FF0E0000000000000000003F00050876
:1044FC000800050000000000000000003F00090E4D
:10450C000E010B0000000000000000003F00111F16
:06451C001F031600000061
:104524000000000000000000000000007C430208BE
:0845340094430208DC43020875
:08453C00A4BDFD7F0100000099
:10454400C5020008F92000085D320008713900082E
:0C4554009D41000819170108F52D010811
:08456000A1020008B1320008BD
:10456800000000000190031F0000018F01000000FF
:1045780000000000404C0024000000000000000083
:1045880000000000400100240000000000000000BE
:104598005A00000008360208A9430008994200089A
:1045A800CB4200081943000831430008D7430008EC
:1045B800934300088142000899430008A14300087A
:1045C800D3430008AB4200080090D0030090D0030A
:1045D8000100000010000000AAAAAAAAE80300002F
:1045E800AC3F0208C43F02080C4002082040020801
:1045F8005C40020870400208344002084840020843
:1046080098400208D440020884400208AC400208DE
:10461800E840020824410208C0400208FC400208A1
:104628003841020860410208104102084C41020862
:1046380074410208884102085B0302080000000078
:1046480003000000B85B0224EC0000240000000016
:10465800B85B0224205C0224885C0224000000006D
:104668000000000000000000000000000000000042
:104678000000000000000000000000000000000032
:104688000000000000000000000000000000000022
:0C4698000000000000000000F95C02249B
:1046A4000000000000000000000000000000000006
:1046B40000000000000000000000000000000000F6
:1046C40000000000000000000000000000000000E6
:1046D40000000000000000000000000000000000D6
:1046E40000000000000000000000000000000000C6
:1046F40000000000000000000000000000000000B6
:1047040000000000000000000000000000000000A5
:104714000000000000000000000000000000000095
:104724000000000000000000000000000000000085
:104734000000000000000000000000000000000075
:104744000000000000000000000000000000000065
:104754000000000000000000000000000000000055
:104764000000000000000000000000000000000045
:104774000000000000000000000000000000000035
:104784000000000000000000000000000000000025
:104794000000000000000000000000000000000015
:1047A4000000000000000000000000000000000005
:1047B40000000000000000000000000000000000F5
:1047C40000000000000000000000000000000000E5
:1047D40000000000000000000000000000000000D5
:1047E40000000000000000000000000000000000C5
:1047F40000000000000000000000000000000000B5
:1048040000000000000000000000000000000000A4
:104814000000000000000000000000000000000094
:104824000000000000000000000000000000000084
:104834000000000000000000000000000000000074
:104844000000000000000000000000000000000064
:104854000000000000000000000000000000000054
:104864000000000000000000000000000000000044
:104874000000000000000000000000000000000034
:104884000000000000000000000000000000000024
:104894000000000000000000000000000000000014
:1048A4000000000000000000000000000000000004
:1048B40000000000000000000000000000000000F4
:1048C40000000000000000000000000000000000E4
:1048D40000000000000000000000000000000000D4
:1048E40000000000000000000000000000000000C4
:1048F40000000000000000000000000000000000B4
:1049040000000000000000000000000000000000A3
:104914000000000000000000000000000000000093
:104924000000000000000000000000000000000083
:104934000000000000000000000000000000000073
:104944000000000000000000000000000000000063
:104954000000000000000000000000000000000053
:104964000000000000000000000000000000000043
:104974000000000000000000000000000000000033
:104984000000000000000000000000000000000023
:104994000000000000000000000000000000000013
:1049A4000000000000000000000000000000000003
:1049B40000000000000000000000000000000000F3
:1049C40000000000000000000000000000000000E3
:1049D40000000000000000000000000000000000D3
:1049E40000000000000000000000000000000000C3
:1049F40000000000000000000000000000000000B3
:104A040000000000000000000000000000000000A2
:104A14000000000000000000000000000000000092
:104A24000000000000000000000000000000000082
:104A34000000000000000000000000000000000072
:104A44000000000000000000000000000000000062
:104A54000000000000000000000000000000000052
:104A64000000000000000000000000000000000042
:104A74000000000000000000000000000000000032
:104A84000000000000000000000000000000000022
:104A94000000000000000000000000000000000012
:104AA4000000000000000000000000000000000002
:104AB40000000000000000000000000000000000F2
:104AC40000000000000000000000000000000000E2
:104AD40000000000000000000000000000000000D2
:104AE40000000000000000000000000000000000C2
:104AF40000000000000000000000000000000000B2
:104B040000000000000000000000000000000000A1
:104B14000000000000000000000000000000000091
:104B24000000000000000000000000000000000081
:104B34000000000000000000000000000000000071
:104B44000000000000000000000000000000000061
:104B54000000000000000000000000000000000051
:104B64000000000000000000000000000000000041
:104B74000000000000000000000000000000000031
:104B84000000000000000000000000000000000021
:104B94000000000000000000000000000000000011
:104BA4000000000000000000000000000000000001
:104BB40000000000000000000000000000000000F1
:104BC40000000000000000000000000000000000E1
:104BD40000000000000000000000000000000000D1
:104BE40000000000000000000000000000000000C1
:104BF40000000000000000000000000000000000B1
:104C040000000000000000000000000000000000A0
:104C14000000000000000000000000000000000090
:104C24000000000000000000000000000000000080
:104C34000000000000000000000000000000000070
:104C44000000000000000000000000000000000060
:104C54000000000000000000000000000000000050
:104C64000000000000000000000000000000000040
:104C74000000000000000000000000000000000030
:104C84000000000000000000000000000000000020
:104C94000000000000000000000000000000000010
:104CA4000000000000000000000000000000000000
:104CB40000000000000000000000000000000000F0
:104CC40000000000000000000000000000000000E0
:104CD40000000000000000000000000000000000D0
:104CE40000000000000000000000000000000000C0
:104CF40000000000000000000000000000000000B0
:104D0400000000000000000000000000000000009F
:104D1400000000000000000000000000000000008F
:104D2400000000000000000000000000000000007F
:104D3400000000000000000000000000000000006F
:104D4400000000000000000000000000000000005F
:104D5400000000000000000000000000000000004F
:104D6400000000000000000000000000000000003F
:104D7400000000000000000000000000000000002F
:104D8400000000000000000000000000000000001F
:104D9400000000000000000000000000000000000F
:104DA40000000000000000000000000000000000FF
:104DB40000000000000000000000000000000000EF
:104DC40000000000000000000000000000000000DF
:104DD40000000000000000000000000000000000CF
:104DE40000000000000000000000000000000000BF
:104DF40000000000000000000000000000000000AF
:104E0400000000000000000000000000000000009E
:104E1400000000000000000000000000000000008E
:104E2400000000000000000000000000000000007E
:104E3400000000000000000000000000000000006E
:104E4400000000000000000000000000000000005E
:104E5400000000000000000000000000000000004E
:104E6400000000000000000000000000000000003E
:104E7400000000000000000000000000000000002E
:104E8400000000000000000000000000000000001E
:104E9400000000000000000000000000000000000E
:104EA40000000000000000000000000000000000FE
:104EB40000000000000000000000000000000000EE
:104EC40000000000000000000000000000000000DE
:104ED40000000000000000000000000000000000CE
:104EE40000000000000000000000000000000000BE
:104EF40000000000000000000000000000000000AE
:104F0400000000000000000000000000000000009D
:104F1400000000000000000000000000000000008D
:104F2400000000000000000000000000000000007D
:104F3400000000000000000000000000000000006D
:104F4400000000000000000000000000000000005D
:104F5400000000000000000000000000000000004D
:104F6400000000000000000000000000000000003D
:104F7400000000000000000000000000000000002D
:104F8400000000000000000000000000000000001D
:104F9400000000000000000000000000000000000D
:104FA40000000000000000000000000000000000FD
:104FB40000000000000000000000000000000000ED
:104FC40000000000000000000000000000000000DD
:104FD40000000000000000000000000000000000CD
:104FE40000000000000000000000000000000000BD
:104FF40000000000000000000000000000000000AD
:10500400000000000000000000000000000000009C
:10501400000000000000000000000000000000008C
:10502400000000000000000000000000000000007C
:10503400000000000000000000000000000000006C
:10504400000000000000000000000000000000005C
:10505400000000000000000000000000000000004C
:10506400000000000000000000000000000000003C
:10507400000000000000000000000000000000002C
:10508400000000000000000000000000000000001C
:10509400000000000000000000000000000000000C
:1050A40000000000000000000000000000000000FC
:1050B40000000000000000000000000000000000EC
:1050C40000000000000000000000000000000000DC
:1050D40000000000000000000000000000000000CC
:1050E40000000000000000000000000000000000BC
:1050F40000000000000000000000000000000000AC
:10510400000000000000000000000000000000009B
:10511400000000000000000000000000000000008B
:10512400000000000000000000000000000000007B
:10513400000000000000000000000000000000006B
:10514400000000000000000000000000000000005B
:10515400000000000000000000000000000000004B
:10516400000000000000000000000000000000003B
:10517400000000000000000000000000000000002B
:10518400000000000000000000000000000000001B
:10519400000000000000000000000000000000000B
:1051A40000000000000000000000000000000000FB
:1051B40000000000000000000000000000000000EB
:1051C40000000000000000000000000000000000DB
:1051D40000000000000000000000000000000000CB
:1051E40000000000000000000000000000000000BB
:1051F40000000000000000000000000000000000AB
:10520400000000000000000000000000000000009A
:10521400000000000000000000000000000000008A
:10522400000000000000000000000000000000007A
:10523400000000000000000000000000000000006A
:10524400000000000000000000000000000000005A
:10525400000000000000000000000000000000004A
:10526400000000000000000000000000000000003A
:10527400000000000000000000000000000000002A
:10528400000000000000000000000000000000001A
:10529400000000000000000000000000000000000A
:1052A40000000000000000000000000000000000FA
:1052B40000000000000000000000000000000000EA
:1052C40000000000000000000000000000000000DA
:1052D40000000000000000000000000000000000CA
:1052E40000000000000000000000000000000000BA
:1052F40000000000000000000000000000000000AA
:105304000000000000000000000000000000000099
:105314000000000000000000000000000000000089
:105324000000000000000000000000000000000079
:105334000000000000000000000000000000000069
:105344000000000000000000000000000000000059
:105354000000000000000000000000000000000049
:105364000000000000000000000000000000000039
:105374000000000000000000000000000000000029
:105384000000000000000000000000000000000019
:105394000000000000000000000000000000000009
:1053A40000000000000000000000000000000000F9
:1053B40000000000000000000000000000000000E9
:1053C40000000000000000000000000000000000D9
:1053D40000000000000000000000000000000000C9
:1053E40000000000000000000000000000000000B9
:1053F40000000000000000000000000000000000A9
:105404000000000000000000000000000000000098
:105414000000000000000000000000000000000088
:105424000000000000000000000000000000000078
:105434000000000000000000000000000000000068
:105444000000000000000000000000000000000058
:105454000000000000000000000000000000000048
:105464000000000000000000000000000000000038
:105474000000000000000000000000000000000028
:105484000000000000000000000000000000000018
:105494000000000000000000000000000000000008
:1054A40000000000000000000000000000000000F8
:1054B40000000000000000000000000000000000E8
:1054C40000000000000000000000000000000000D8
:1054D40000000000000000000000000000000000C8
:1054E40000000000000000000000000000000000B8
:1054F40000000000000000000000000000000000A8
:105504000000000000000000000000000000000097
:105514000000000000000000000000000000000087
:105524000000000000000000000000000000000077
:105534000000000000000000000000000000000067
:105544000000000000000000000000000000000057
:105554000000000000000000000000000000000047
:105564000000000000000000000000000000000037
:105574000000000000000000000000000000000027
:105584000000000000000000000000000000000017
:105594000000000000000000000000000000000007
:1055A40000000000000000000000000000000000F7
:1055B40000000000000000000000000000000000E7
:1055C40000000000000000000000000000000000D7
:1055D40000000000000000000000000000000000C7
:1055E40000000000000000000000000000000000B7
:1055F40000000000000000000000000000000000A7
:105604000000000000000000000000000000000096
:105614000000000000000000000000000000000086
:105624000000000000000000000000000000000076
:105634000000000000000000000000000000000066
:105644000000000000000000000000000000000056
:105654000000000000000000000000000000000046
:105664000000000000000000000000000000000036
:105674000000000000000000000000000000000026
:105684000000000000000000000000000000000016
:105694000000000000000000000000000000000006
:1056A40000000000000000000000000000000000F6
:1056B40000000000000000000000000000000000E6
:1056C40000000000000000000000000000000000D6
:1056D40000000000000000000000000000000000C6
:1056E40000000000000000000000000000000000B6
:1056F40000000000000000000000000000000000A6
:105704000000000000000000000000000000000095
:105714000000000000000000000000000000000085
:105724000000000000000000000000000000000075
:105734000000000000000000000000000000000065
:105744000000000000000000000000000000000055
:105754000000000000000000000000000000000045
:105764000000000000000000000000000000000035
:105774000000000000000000000000000000000025
:105784000000000000000000000000000000000015
:105794000000000000000000000000000000000005
:1057A40000000000000000000000000000000000F5
:1057B40000000000000000000000000000000000E5
:1057C40000000000000000000000000000000000D5
:1057D40000000000000000000000000000000000C5
:1057E40000000000000000000000000000000000B5
:1057F40000000000000000000000000000000000A5
:105804000000000000000000000000000000000094
:105814000000000000000000000000000000000084
:105824000000000000000000000000000000000074
:105834000000000000000000000000000000000064
:105844000000000000000000000000000000000054
:105854000000000000000000000000000000000044
:105864000000000000000000000000000000000034
:105874000000000000000000000000000000000024
:105884000000000000000000000000000000000014
:105894000000000000000000000000000000000004
:1058A40000000000000000000000000000000000F4
:1058B40000000000000000000000000000000000E4
:1058C40000000000000000000000000000000000D4
:1058D40000000000000000000000000000000000C4
:1058E40000000000000000000000000000000000B4
:1058F40000000000000000000000000000000000A4
:105904000000000000000000000000000000000093
:105914000000000000000000000000000000000083
:105924000000000000000000000000000000000073
:105934000000000000000000000000000000000063
:105944000000000000000000000000000000000053
:105954000000000000000000000000000000000043
:105964000000000000000000000000000000000033
:105974000000000000000000000000000000000023
:105984000000000000000000000000000000000013
:105994000000000000000000000000000000000003
:1059A40000000000000000000000000000000000F3
:1059B40000000000000000000000000000000000E3
:1059C40000000000000000000000000000000000D3
:1059D40000000000000000000000000000000000C3
:1059E40000000000000000000000000000000000B3
:1059F40000000000000000000000000000000000A3
:105A04000000000000000000000000000000000092
:105A14000000000000000000000000000000000082
:105A24000000000000000000000000000000000072
:105A34000000000000000000000000000000000062
:105A44000000000000000000000000000000000052
:105A54000000000000000000000000000000000042
:105A64000000000000000000000000000000000032
:105A74000000000000000000000000000000000022
:105A84000000000000000000000000000000000012
:105A94000000000000000000000000000000000002
:105AA40000000000000000000000000000000000F2
:105AB40000000000000000000000000000000000E2
:105AC40000000000000000000000000000000000D2
:105AD40000000000000000000000000000000000C2
:105AE40000000000000000000000000000000000B2
:105AF40000000000000000000000000000000000A2
:105B04000000000000000000000000000000000091
:105B14000000000000000000000000000000000081
:105B24000000000000000000000000000000000071
:105B34000000000000000000000000000000000061
:105B44000000000000000000000000000000000051
:105B54000000000000000000000000000000000041
:105B64000000000000000000000000000000000031
:105B74000000000000000000000000000000000021
:105B84000000000000000000000000000000000011
:105B94000000000000000000000000000000000001
:105BA40000000000000000000000000000000000F1
:105BB40000000000000000000000000000000000E1
:105BC40000000000000000000000000000000000D1
:105BD40000000000000000000000000000000000C1
:105BE40000000000000000000000000000000000B1
:105BF40000000000000000000000000000000000A1
:105C04000000000000000000000000000000000090
:105C14000000000000000000000000000000000080
:105C24000000000000000000000000000000000070
:105C34000000000000000000000000000000000060
:105C44000000000000000000000000000000000050
:105C54000000000000000000000000000000000040
:105C64000000000000000000000000000000000030
:105C74000000000000000000000000000000000020
:105C84000000000000000000000000000000000010
:105C94000000000000000000000000000000000000
:105CA40000000000000000000000000000000000F0
:105CB40000000000000000000000000000000000E0
:105CC40000000000000000000000000000000000D0
:105CD40000000000000000000000000000000000C0
:105CE40000000000000000000000000000000000B0
:105CF40000000000000000000000000000000000A0
:105D0400000000000000000000000000000000008F
:105D1400000000000000000000000000000000007F
:105D2400000000000000000000000000000000006F
:105D3400000000000000000000000000000000005F
:105D4400000000000000000000000000000000004F
:105D5400000000000000000000000000000000003F
:105D6400000000000000000000000000000000002F
:105D7400000000000000000000000000000000001F
:105D8400000000000000000000000000000000000F
:105D940000000000000000000000000000000000FF
:105DA40000000000000000000000000000000000EF
:105DB40000000000000000000000000000000000DF
:105DC40000000000000000000000000000000000CF
:105DD40000000000000000000000000000000000BF
:105DE40000000000000000000000000000000000AF
:105DF400000000000000000000000000000000009F
:105E0400000000000000000000000000000000008E
:105E1400000000000000000000000000000000007E
:105E2400000000000000000000000000000000006E
:105E3400000000000000000000000000000000005E
:105E4400000000000000000000000000000000004E
:105E5400000000000000000000000000000000003E
:105E6400000000000000000000000000000000002E
:105E7400000000000000000000000000000000001E
:105E8400000000000000000000000000000000000E
:105E940000000000000000000000000000000000FE
:105EA40000000000000000000000000000000000EE
:105EB40000000000000000000000000000000000DE
:105EC40000000000000000000000000000000000CE
:105ED40000000000000000000000000000000000BE
:105EE40000000000000000000000000000000000AE
:105EF400000000000000000000000000000000009E
:105F0400000000000000000000000000000000008D
:105F1400000000000000000000000000000000007D
:105F2400000000000000000000000000000000006D
:105F3400000000000000000000000000000000005D
:105F4400000000000000000000000000000000004D
:105F5400000000000000000000000000000000003D
:105F6400000000000000000000000000000000002D
:105F7400000000000000000000000000000000001D
:105F8400000000000000000000000000000000000D
:105F940000000000000000000000000000000000FD
:105FA40000000000000000000000000000000000ED
:105FB40000000000000000000000000000000000DD
:105FC40000000000000000000000000000000000CD
:105FD40000000000000000000000000000000000BD
:105FE40000000000000000000000000000000000AD
:105FF400000000000000000000000000000000009D
:10600400000000000000000000000000000000008C
:10601400000000000000000000000000000000007C
:10602400000000000000000000000000000000006C
:10603400000000000000000000000000000000005C
:10604400000000000000000000000000000000004C
:10605400000000000000000000000000000000003C
:10606400000000000000000000000000000000002C
:10607400000000000000000000000000000000001C
:10608400000000000000000000000000000000000C
:1060940000000000000000000000000000000000FC
:1060A40000000000000000000000000000000000EC
:1060B40000000000000000000000000000000000DC
:1060C40000000000000000000000000000000000CC
:1060D40000000000000000000000000000000000BC
:1060E40000000000000000000000000000000000AC
:1060F400000000000000000000000000000000009C
:10610400000000000000000000000000000000008B
:10611400000000000000000000000000000000007B
:10612400000000000000000000000000000000006B
:10613400000000000000000000000000000000005B
:10614400000000000000000000000000000000004B
:10615400000000000000000000000000000000003B
:10616400000000000000000000000000000000002B
:10617400000000000000000000000000000000001B
:10618400000000000000000000000000000000000B
:1061940000000000000000000000000000000000FB
:1061A40000000000000000000000000000000000EB
:1061B40000000000000000000000000000000000DB
:1061C40000000000000000000000000000000000CB
:1061D40000000000000000000000000000000000BB
:1061E40000000000000000000000000000000000AB
:1061F400000000000000000000000000000000009B
:10620400000000000000000000000000000000008A
:10621400000000000000000000000000000000007A
:10622400000000000000000000000000000000006A
:10623400000000000000000000000000000000005A
:10624400000000000000000000000000000000004A
:10625400000000000000000000000000000000003A
:10626400000000000000000000000000000000002A
:10627400000000000000000000000000000000001A
:10628400000000000000000000000000000000000A
:1062940000000000000000000000000000000000FA
:1062A40000000000000000000000000000000000EA
:1062B40000000000000000000000000000000000DA
:1062C40000000000000000000000000000000000CA
:1062D40000000000000000000000000000000000BA
:1062E40000000000000000000000000000000000AA
:1062F400000000000000000000000000000000009A
:106304000000000000000000000000000000000089
:106314000000000000000000000000000000000079
:106324000000000000000000000000000000000069
:106334000000000000000000000000000000000059
:106344000000000000000000000000000000000049
:106354000000000000000000000000000000000039
:106364000000000000000000000000000000000029
:106374000000000000000000000000000000000019
:106384000000000000000000000000000000000009
:1063940000000000000000000000000000000000F9
:1063A40000000000000000000000000000000000E9
:1063B40000000000000000000000000000000000D9
:1063C40000000000000000000000000000000000C9
:1063D40000000000000000000000000000000000B9
:1063E40000000000000000000000000000000000A9
:1063F4000000000000000000000000000000000099
:106404000000000000000000000000000000000088
:106414000000000000000000000000000000000078
:106424000000000000000000000000000000000068
:106434000000000000000000000000000000000058
:106444000000000000000000000000000000000048
:106454000000000000000000000000000000000038
:106464000000000000000000000000000000000028
:106474000000000000000000000000000000000018
:106484000000000000000000000000000000000008
:1064940000000000000000000000000000000000F8
:1064A40000000000000000000000000000000000E8
:1064B40000000000000000000000000000000000D8
:1064C40000000000000000000000000000000000C8
:1064D40000000000000000000000000000000000B8
:1064E40000000000000000000000000000000000A8
:1064F4000000000000000000000000000000000098
:106504000000000000000000000000000000000087
:106514000000000000000000000000000000000077
:106524000000000000000000000000000000000067
:106534000000000000000000000000000000000057
:106544000000000000000000000000000000000047
:106554000000000000000000000000000000000037
:106564000000000000000000000000000000000027
:106574000000000000000000000000000000000017
:106584000000000000000000000000000000000007
:1065940000000000000000000000000000000000F7
:1065A40000000000000000000000000000000000E7
:1065B40000000000000000000000000000000000D7
:1065C40000000000000000000000000000000000C7
:1065D40000000000000000000000000000000000B7
:1065E40000000000000000000000000000000000A7
:1065F4000000000000000000000000000000000097
:106604000000000000000000000000000000000086
:106614000000000000000000000000000000000076
:106624000000000000000000000000000000000066
:106634000000000000000000000000000000000056
:106644000000000000000000000000000000000046
:106654000000000000000000000000000000000036
:106664000000000000000000000000000000000026
:106674000000000000000000000000000000000016
:106684000000000000000000000000000000000006
:1066940000000000000000000000000000000000F6
:1066A40000000000000000000000000000000000E6
:1066B40000000000000000000000000000000000D6
:1066C40000000000000000000000000000000000C6
:1066D40000000000000000000000000000000000B6
:1066E40000000000000000000000000000000000A6
:1066F4000000000000000000000000000000000096
:106704000000000000000000000000000000000085
:106714000000000000000000000000000000000075
:106724000000000000000000000000000000000065
:106734000000000000000000000000000000000055
:106744000000000000000000000000000000000045
:106754000000000000000000000000000000000035
:106764000000000000000000000000000000000025
:106774000000000000000000000000000000000015
:106784000000000000000000000000000000000005
:1067940000000000000000000000000000000000F5
:1067A40000000000000000000000000000000000E5
:1067B40000000000000000000000000000000000D5
:1067C40000000000000000000000000000000000C5
:1067D40000000000000000000000000000000000B5
:1067E40000000000000000000000000000000000A5
:1067F4000000000000000000000000000000000095
:106804000000000000000000000000000000000084
:106814000000000000000000000000000000000074
:106824000000000000000000000000000000000064
:106834000000000000000000000000000000000054
:106844000000000000000000000000000000000044
:106854000000000000000000000000000000000034
:106864000000000000000000000000000000000024
:106874000000000000000000000000000000000014
:106884000000000000000000000000000000000004
:1068940000000000000000000000000000000000F4
:1068A40000000000000000000000000000000000E4
:1068B40000000000000000000000000000000000D4
:1068C40000000000000000000000000000000000C4
:1068D40000000000000000000000000000000000B4
:1068E40000000000000000000000000000000000A4
:1068F4000000000000000000000000000000000094
:106904000000000000000000000000000000000083
:106914000000000000000000000000000000000073
:106924000000000000000000000000000000000063
:106934000000000000000000000000000000000053
:106944000000000000000000000000000000000043
:106954000000000000000000000000000000000033
:106964000000000000000000000000000000000023
:106974000000000000000000000000000000000013
:106984000000000000000000000000000000000003
:1069940000000000000000000000000000000000F3
:1069A40000000000000000000000000000000000E3
:1069B40000000000000000000000000000000000D3
:1069C40000000000000000000000000000000000C3
:1069D40000000000000000000000000000000000B3
:1069E40000000000000000000000000000000000A3
:1069F4000000000000000000000000000000000093
:106A04000000000000000000000000000000000082
:106A14000000000000000000000000000000000072
:106A24000000000000000000000000000000000062
:106A34000000000000000000000000000000000052
:106A44000000000000000000000000000000000042
:106A54000000000000000000000000000000000032
:106A64000000000000000000000000000000000022
:106A74000000000000000000000000000000000012
:106A84000000000000000000000000000000000002
:106A940000000000000000000000000000000000F2
:106AA40000000000000000000000000000000000E2
:106AB40000000000000000000000000000000000D2
:106AC40000000000000000000000000000000000C2
:106AD40000000000000000000000000000000000B2
:106AE40000000000000000000000000000000000A2
:106AF4000000000000000000000000000000000092
:106B04000000000000000000000000000000000081
:106B14000000000000000000000000000000000071
:106B24000000000000000000000000000000000061
:106B34000000000000000000000000000000000051
:106B44000000000000000000000000000000000041
:106B54000000000000000000000000000000000031
:106B64000000000000000000000000000000000021
:106B74000000000000000000000000000000000011
:106B84000000000000000000000000000000000001
:106B940000000000000000000000000000000000F1
:106BA40000000000000000000000000000000000E1
:106BB40000000000000000000000000000000000D1
:106BC40000000000000000000000000000000000C1
:106BD40000000000000000000000000000000000B1
:106BE40000000000000000000000000000000000A1
:106BF4000000000000000000000000000000000091
:106C04000000000000000000000000000000000080
:106C14000000000000000000000000000000000070
:106C24000000000000000000000000000000000060
:106C34000000000000000000000000000000000050
:106C44000000000000000000000000000000000040
:106C54000000000000000000000000000000000030
:106C64000000000000000000000000000000000020
:106C74000000000000000000000000000000000010
:106C84000000000000000000000000000000000000
:106C940000000000000000000000000000000000F0
:106CA40000000000000000000000000000000000E0
:106CB40000000000000000000000000000000000D0
:106CC40000000000000000000000000000000000C0
:106CD40000000000000000000000000000000000B0
:106CE40000000000000000000000000000000000A0
:106CF4000000000000000000000000000000000090
:106D0400000000000000000000000000000000007F
:106D1400000000000000000000000000000000006F
:106D2400000000000000000000000000000000005F
:106D3400000000000000000000000000000000004F
:106D4400000000000000000000000000000000003F
:106D5400000000000000000000000000000000002F
:106D6400000000000000000000000000000000001F
:106D7400000000000000000000000000000000000F
:106D840000000000000000000000000000000000FF
:106D940000000000000000000000000000000000EF
:106DA40000000000000000000000000000000000DF
:106DB40000000000000000000000000000000000CF
:106DC40000000000000000000000000000000000BF
:106DD40000000000000000000000000000000000AF
:106DE400000000000000000000000000000000009F
:106DF400000000000000000000000000000000008F
:106E0400000000000000000000000000000000007E
:106E1400000000000000000000000000000000006E
:106E2400000000000000000000000000000000005E
:106E3400000000000000000000000000000000004E
:106E4400000000000000000000000000000000003E
:106E5400000000000000000000000000000000002E
:106E6400000000000000000000000000000000001E
:106E7400000000000000000000000000000000000E
:106E840000000000000000000000000000000000FE
:106E940000000000000000000000000000000000EE
:106EA40000000000000000000000000000000000DE
:106EB40000000000000000000000000000000000CE
:106EC40000000000000000000000000000000000BE
:106ED40000000000000000000000000000000000AE
:106EE400000000000000000000000000000000009E
:106EF400000000000000000000000000000000008E
:106F0400000000000000000000000000000000007D
:106F1400000000000000000000000000000000006D
:106F2400000000000000000000000000000000005D
:106F3400000000000000000000000000000000004D
:106F4400000000000000000000000000000000003D
:106F5400000000000000000000000000000000002D
:106F6400000000000000000000000000000000001D
:106F7400000000000000000000000000000000000D
:106F840000000000000000000000000000000000FD
:106F940000000000000000000000000000000000ED
:106FA40000000000000000000000000000000000DD
:106FB40000000000000000000000000000000000CD
:106FC40000000000000000000000000000000000BD
:106FD40000000000000000000000000000000000AD
:106FE400000000000000000000000000000000009D
:106FF400000000000000000000000000000000008D
:10700400000000000000000000000000000000007C
:10701400000000000000000000000000000000006C
:10702400000000000000000000000000000000005C
:10703400000000000000000000000000000000004C
:10704400000000000000000000000000000000003C
:10705400000000000000000000000000000000002C
:10706400000000000000000000000000000000001C
:10707400000000000000000000000000000000000C
:1070840000000000000000000000000000000000FC
:1070940000000000000000000000000000000000EC
:1070A40000000000000000000000000000000000DC
:1070B40000000000000000000000000000000000CC
:1070C40000000000000000000000000000000000BC
:1070D40000000000000000000000000000000000AC
:1070E400000000000000000000000000000000009C
:1070F400000000000000000000000000000000008C
:10710400000000000000000000000000000000007B
:10711400000000000000000000000000000000006B
:10712400000000000000000000000000000000005B
:10713400000000000000000000000000000000004B
:10714400000000000000000000000000000000003B
:10715400000000000000000000000000000000002B
:10716400000000000000000000000000000000001B
:10717400000000000000000000000000000000000B
:1071840000000000000000000000000000000000FB
:1071940000000000000000000000000000000000EB
:1071A40000000000000000000000000000000000DB
:1071B40000000000000000000000000000000000CB
:1071C40000000000000000000000000000000000BB
:1071D40000000000000000000000000000000000AB
:1071E400000000000000000000000000000000009B
:1071F400000000000000000000000000000000008B
:10720400000000000000000000000000000000007A
:10721400000000000000000000000000000000006A
:10722400000000000000000000000000000000005A
:10723400000000000000000000000000000000004A
:10724400000000000000000000000000000000003A
:10725400000000000000000000000000000000002A
:10726400000000000000000000000000000000001A
:10727400000000000000000000000000000000000A
:1072840000000000000000000000000000000000FA
:1072940000000000000000000000000000000000EA
:1072A40000000000000000000000000000000000DA
:1072B40000000000000000000000000000000000CA
:1072C40000000000000000000000000000000000BA
:1072D40000000000000000000000000000000000AA
:1072E400000000000000000000000000000000009A
:1072F400000000000000000000000000000000008A
:107304000000000000000000000000000000000079
:107314000000000000000000000000000000000069
:107324000000000000000000000000000000000059
:107334000000000000000000000000000000000049
:107344000000000000000000000000000000000039
:107354000000000000000000000000000000000029
:107364000000000000000000000000000000000019
:107374000000000000000000000000000000000009
:1073840000000000000000000000000000000000F9
:1073940000000000000000000000000000000000E9
:1073A40000000000000000000000000000000000D9
:1073B40000000000000000000000000000000000C9
:1073C40000000000000000000000000000000000B9
:1073D40000000000000000000000000000000000A9
:1073E4000000000000000000000000000000000099
:1073F4000000000000000000000000000000000089
:107404000000000000000000000000000000000078
:107414000000000000000000000000000000000068
:107424000000000000000000000000000000000058
:107434000000000000000000000000000000000048
:107444000000000000000000000000000000000038
:107454000000000000000000000000000000000028
:107464000000000000000000000000000000000018
:107474000000000000000000000000000000000008
:1074840000000000000000000000000000000000F8
:1074940000000000000000000000000000000000E8
:1074A40000000000000000000000000000000000D8
:1074B40000000000000000000000000000000000C8
:1074C40000000000000000000000000000000000B8
:1074D40000000000000000000000000000000000A8
:1074E4000000000000000000000000000000000098
:1074F4000000000000000000000000000000000088
:107504000000000000000000000000000000000077
:107514000000000000000000000000000000000067
:107524000000000000000000000000000000000057
:107534000000000000000000000000000000000047
:107544000000000000000000000000000000000037
:107554000000000000000000000000000000000027
:107564000000000000000000000000000000000017
:107574000000000000000000000000000000000007
:1075840000000000000000000000000000000000F7
:1075940000000000000000000000000000000000E7
:1075A40000000000000000000000000000000000D7
:1075B40000000000000000000000000000000000C7
:1075C40000000000000000000000000000000000B7
:1075D40000000000000000000000000000000000A7
:1075E4000000000000000000000000000000000097
:1075F4000000000000000000000000000000000087
:107604000000000000000000000000000000000076
:107614000000000000000000000000000000000066
:107624000000000000000000000000000000000056
:107634000000000000000000000000000000000046
:107644000000000000000000000000000000000036
:107654000000000000000000000000000000000026
:107664000000000000000000000000000000000016
:107674000000000000000000000000000000000006
:1076840000000000000000000000000000000000F6
:1076940000000000000000000000000000000000E6
:1076A40000000000000000000000000000000000D6
:1076B40000000000000000000000000000000000C6
:1076C40000000000000000000000000000000000B6
:1076D40000000000000000000000000000000000A6
:1076E4000000000000000000000000000000000096
:1076F4000000000000000000000000000000000086
:107704000000000000000000000000000000000075
:107714000000000000000000000000000000000065
:107724000000000000000000000000000000000055
:107734000000000000000000000000000000000045
:107744000000000000000000000000000000000035
:107754000000000000000000000000000000000025
:107764000000000000000000000000000000000015
:107774000000000000000000000000000000000005
:1077840000000000000000000000000000000000F5
:1077940000000000000000000000000000000000E5
:1077A40000000000000000000000000000000000D5
:1077B40000000000000000000000000000000000C5
:1077C40000000000000000000000000000000000B5
:1077D40000000000000000000000000000000000A5
:1077E4000000000000000000000000000000000095
:1077F4000000000000000000000000000000000085
:107804000000000000000000000000000000000074
:107814000000000000000000000000000000000064
:107824000000000000000000000000000000000054
:107834000000000000000000000000000000000044
:107844000000000000000000000000000000000034
:107854000000000000000000000000000000000024
:107864000000000000000000000000000000000014
:107874000000000000000000000000000000000004
:1078840000000000000000000000000000000000F4
:1078940000000000000000000000000000000000E4
:1078A40000000000000000000000000000000000D4
:1078B40000000000000000000000000000000000C4
:1078C40000000000000000000000000000000000B4
:1078D40000000000000000000000000000000000A4
:1078E4000000000000000000000000000000000094
:1078F4000000000000000000000000000000000084
:107904000000000000000000000000000000000073
:107914000000000000000000000000000000000063
:107924000000000000000000000000000000000053
:107934000000000000000000000000000000000043
:107944000000000000000000000000000000000033
:107954000000000000000000000000000000000023
:107964000000000000000000000000000000000013
:107974000000000000000000000000000000000003
:1079840000000000000000000000000000000000F3
:1079940000000000000000000000000000000000E3
:1079A40000000000000000000000000000000000D3
:1079B40000000000000000000000000000000000C3
:1079C40000000000000000000000000000000000B3
:1079D40000000000000000000000000000000000A3
:1079E4000000000000000000000000000000000093
:1079F4000000000000000000000000000000000083
:107A04000000000000000000000000000000000072
:107A14000000000000000000000000000000000062
:107A24000000000000000000000000000000000052
:107A34000000000000000000000000000000000042
:107A44000000000000000000000000000000000032
:107A54000000000000000000000000000000000022
:107A64000000000000000000000000000000000012
:107A74000000000000000000000000000000000002
:107A840000000000000000000000000000000000F2
:107A940000000000000000000000000000000000E2
:107AA40000000000000000000000000000000000D2
:107AB40000000000000000000000000000000000C2
:107AC40000000000000000000000000000000000B2
:107AD40000000000000000000000000000000000A2
:107AE4000000000000000000000000000000000092
:107AF4000000000000000000000000000000000082
:107B04000000000000000000000000000000000071
:107B14000000000000000000000000000000000061
:107B24000000000000000000000000000000000051
:107B34000000000000000000000000000000000041
:107B44000000000000000000000000000000000031
:107B54000000000000000000000000000000000021
:107B64000000000000000000000000000000000011
:107B74000000000000000000000000000000000001
:107B840000000000000000000000000000000000F1
:107B940000000000000000000000000000000000E1
:107BA40000000000000000000000000000000000D1
:107BB40000000000000000000000000000000000C1
:107BC40000000000000000000000000000000000B1
:107BD40000000000000000000000000000000000A1
:107BE4000000000000000000000000000000000091
:107BF4000000000000000000000000000000000081
:107C04000000000000000000000000000000000070
:107C14000000000000000000000000000000000060
:107C24000000000000000000000000000000000050
:107C34000000000000000000000000000000000040
:107C44000000000000000000000000000000000030
:107C54000000000000000000000000000000000020
:107C64000000000000000000000000000000000010
:107C74000000000000000000000000000000000000
:107C840000000000000000000000000000000000F0
:107C940000000000000000000000000000000000E0
:107CA40000000000000000000000000000000000D0
:107CB40000000000000000000000000000000000C0
:107CC40000000000000000000000000000000000B0
:107CD40000000000000000000000000000000000A0
:107CE4000000000000000000000000000000000090
:107CF4000000000000000000000000000000000080
:107D0400000000000000000000000000000000006F
:107D1400000000000000000000000000000000005F
:107D2400000000000000000000000000000000004F
:107D3400000000000000000000000000000000003F
:107D4400000000000000000000000000000000002F
:107D5400000000000000000000000000000000001F
:107D6400000000000000000000000000000000000F
:107D740000000000000000000000000000000000FF
:107D840000000000000000000000000000000000EF
:107D940000000000000000000000000000000000DF
:107DA40000000000000000000000000000000000CF
:107DB40000000000000000000000000000000000BF
:107DC40000000000000000000000000000000000AF
:107DD400000000000000000000000000000000009F
:107DE400000000000000000000000000000000008F
:107DF400000000000000000000000000000000007F
:107E0400000000000000000000000000000000006E
:107E1400000000000000000000000000000000005E
:107E2400000000000000000000000000000000004E
:107E3400000000000000000000000000000000003E
:107E4400000000000000000000000000000000002E
:107E5400000000000000000000000000000000001E
:107E6400000000000000000000000000000000000E
:107E740000000000000000000000000000000000FE
:107E840000000000000000000000000000000000EE
:107E940000000000000000000000000000000000DE
:107EA40000000000000000000000000000000000CE
:107EB40000000000000000000000000000000000BE
:107EC40000000000000000000000000000000000AE
:107ED400000000000000000000000000000000009E
:107EE400000000000000000000000000000000008E
:107EF400000000000000000000000000000000007E
:107F0400000000000000000000000000000000006D
:107F1400000000000000000000000000000000005D
:107F2400000000000000000000000000000000004D
:107F3400000000000000000000000000000000003D
:107F4400000000000000000000000000000000002D
:107F5400000000000000000000000000000000001D
:107F6400000000000000000000000000000000000D
:107F740000000000000000000000000000000000FD
:107F840000000000000000000000000000000000ED
:107F940000000000000000000000000000000000DD
:107FA40000000000000000000000000000000000CD
:107FB40000000000000000000000000000000000BD
:107FC40000000000000000000000000000000000AD
:107FD400000000000000000000000000000000009D
:107FE400000000000000000000000000000000008D
:107FF400000000000000000000000000000000007D
:10800400000000000000000000000000000000006C
:10801400000000000000000000000000000000005C
:10802400000000000000000000000000000000004C
:10803400000000000000000000000000000000003C
:10804400000000000000000000000000000000002C
:10805400000000000000000000000000000000001C
:10806400000000000000000000000000000000000C
:1080740000000000000000000000000000000000FC
:1080840000000000000000000000000000000000EC
:1080940000000000000000000000000000000000DC
:1080A40000000000000000000000000000000000CC
:1080B40000000000000000000000000000000000BC
:1080C40000000000000000000000000000000000AC
:1080D400000000000000000000000000000000009C
:1080E400000000000000000000000000000000008C
:1080F400000000000000000000000000000000007C
:10810400000000000000000000000000000000006B
:10811400000000000000000000000000000000005B
:10812400000000000000000000000000000000004B
:10813400000000000000000000000000000000003B
:10814400000000000000000000000000000000002B
:10815400000000000000000000000000000000001B
:10816400000000000000000000000000000000000B
:1081740000000000000000000000000000000000FB
:1081840000000000000000000000000000000000EB
:1081940000000000000000000000000000000000DB
:1081A40000000000000000000000000000000000CB
:1081B40000000000000000000000000000000000BB
:1081C40000000000000000000000000000000000AB
:1081D400000000000000000000000000000000009B
:1081E400000000000000000000000000000000008B
:1081F400000000000000000000000000000000007B
:10820400000000000000000000000000000000006A
:10821400000000000000000000000000000000005A
:10822400000000000000000000000000000000004A
:10823400000000000000000000000000000000003A
:10824400000000000000000000000000000000002A
:10825400000000000000000000000000000000001A
:10826400000000000000000000000000000000000A
:1082740000000000000000000000000000000000FA
:1082840000000000000000000000000000000000EA
:1082940000000000000000000000000000000000DA
:1082A40000000000000000000000000000000000CA
:1082B40000000000000000000000000000000000BA
:1082C40000000000000000000000000000000000AA
:1082D400000000000000000000000000000000009A
:1082E400000000000000000000000000000000008A
:1082F400000000000000000000000000000000007A
:108304000000000000000000000000000000000069
:108314000000000000000000000000000000000059
:108324000000000000000000000000000000000049
:108334000000000000000000000000000000000039
:108344000000000000000000000000000000000029
:108354000000000000000000000000000000000019
:108364000000000000000000000000000000000009
:1083740000000000000000000000000000000000F9
:1083840000000000000000000000000000000000E9
:1083940000000000000000000000000000000000D9
:1083A40000000000000000000000000000000000C9
:1083B40000000000000000000000000000000000B9
:1083C40000000000000000000000000000000000A9
:1083D4000000000000000000000000000000000099
:1083E4000000000000000000000000000000000089
:1083F4000000000000000000000000000000000079
:108404000000000000000000000000000000000068
:108414000000000000000000000000000000000058
:108424000000000000000000000000000000000048
:108434000000000000000000000000000000000038
:108444000000000000000000000000000000000028
:108454000000000000000000000000000000000018
:108464000000000000000000000000000000000008
:1084740000000000000000000000000000000000F8
:1084840000000000000000000000000000000000E8
:1084940000000000000000000000000000000000D8
:1084A40000000000000000000000000000000000C8
:1084B40000000000000000000000000000000000B8
:1084C40000000000000000000000000000000000A8
:1084D4000000000000000000000000000000000098
:1084E4000000000000000000000000000000000088
:1084F4000000000000000000000000000000000078
:108504000000000000000000000000000000000067
:108514000000000000000000000000000000000057
:108524000000000000000000000000000000000047
:108534000000000000000000000000000000000037
:108544000000000000000000000000000000000027
:108554000000000000000000000000000000000017
:108564000000000000000000000000000000000007
:1085740000000000000000000000000000000000F7
:1085840000000000000000000000000000000000E7
:1085940000000000000000000000000000000000D7
:1085A40000000000000000000000000000000000C7
:1085B40000000000000000000000000000000000B7
:1085C40000000000000000000000000000000000A7
:1085D4000000000000000000000000000000000097
:1085E4000000000000000000000000000000000087
:1085F4000000000000000000000000000000000077
:108604000000000000000000000000000000000066
:108614000000000000000000000000000000000056
:108624000000000000000000000000000000000046
:108634000000000000000000000000000000000036
:108644000000000000000000000000000000000026
:108654000000000000000000000000000000000016
:108664000000000000000000000000000000000006
:1086740000000000000000000000000000000000F6
:1086840000000000000000000000000000000000E6
:1086940000000000000000000000000000000000D6
:1086A40000000000000000000000000000000000C6
:1086B40000000000000000000000000000000000B6
:1086C40000000000000000000000000000000000A6
:1086D4000000000000000000000000000000000096
:1086E4000000000000000000000000000000000086
:1086F4000000000000000000000000000000000076
:108704000000000000000000000000000000000065
:108714000000000000000000000000000000000055
:108724000000000000000000000000000000000045
:108734000000000000000000000000000000000035
:108744000000000000000000000000000000000025
:108754000000000000000000000000000000000015
:108764000000000000000000000000000000000005
:1087740000000000000000000000000000000000F5
:1087840000000000000000000000000000000000E5
:1087940000000000000000000000000000000000D5
:1087A40000000000000000000000000000000000C5
:1087B40000000000000000000000000000000000B5
:1087C40000000000000000000000000000000000A5
:1087D4000000000000000000000000000000000095
:1087E4000000000000000000000000000000000085
:1087F4000000000000000000000000000000000075
:108804000000000000000000000000000000000064
:108814000000000000000000000000000000000054
:108824000000000000000000000000000000000044
:108834000000000000000000000000000000000034
:108844000000000000000000000000000000000024
:108854000000000000000000000000000000000014
:108864000000000000000000000000000000000004
:1088740000000000000000000000000000000000F4
:1088840000000000000000000000000000000000E4
:1088940000000000000000000000000000000000D4
:1088A40000000000000000000000000000000000C4
:1088B40000000000000000000000000000000000B4
:1088C40000000000000000000000000000000000A4
:1088D4000000000000000000000000000000000094
:1088E4000000000000000000000000000000000084
:1088F4000000000000000000000000000000000074
:108904000000000000000000000000000000000063
:108914000000000000000000000000000000000053
:108924000000000000000000000000000000000043
:108934000000000000000000000000000000000033
:108944000000000000000000000000000000000023
:108954000000000000000000000000000000000013
:108964000000000000000000000000000000000003
:1089740000000000000000000000000000000000F3
:1089840000000000000000000000000000000000E3
:1089940000000000000000000000000000000000D3
:1089A40000000000000000000000000000000000C3
:1089B40000000000000000000000000000000000B3
:1089C40000000000000000000000000000000000A3
:1089D4000000000000000000000000000000000093
:1089E4000000000000000000000000000000000083
:1089F4000000000000000000000000000000000073
:108A04000000000000000000000000000000000062
:108A14000000000000000000000000000000000052
:108A24000000000000000000000000000000000042
:108A34000000000000000000000000000000000032
:108A44000000000000000000000000000000000022
:108A54000000000000000000000000000000000012
:108A64000000000000000000000000000000000002
:108A740000000000000000000000000000000000F2
:108A840000000000000000000000000000000000E2
:108A940000000000000000000000000000000000D2
:108AA40000000000000000000000000000000000C2
:108AB40000000000000000000000000000000000B2
:108AC40000000000000000000000000000000000A2
:108AD4000000000000000000000000000000000092
:108AE4000000000000000000000000000000000082
:108AF4000000000000000000000000000000000072
:108B04000000000000000000000000000000000061
:108B14000000000000000000000000000000000051
:108B24000000000000000000000000000000000041
:108B34000000000000000000000000000000000031
:108B44000000000000000000000000000000000021
:108B54000000000000000000000000000000000011
:108B64000000000000000000000000000000000001
:108B740000000000000000000000000000000000F1
:108B840000000000000000000000000000000000E1
:108B940000000000000000000000000000000000D1
:108BA40000000000000000000000000000000000C1
:108BB40000000000000000000000000000000000B1
:108BC40000000000000000000000000000000000A1
:108BD4000000000000000000000000000000000091
:108BE4000000000000000000000000000000000081
:108BF4000000000000000000000000000000000071
:108C04000000000000000000000000000000000060
:108C14000000000000000000000000000000000050
:108C24000000000000000000000000000000000040
:108C34000000000000000000000000000000000030
:108C44000000000000000000000000000000000020
:108C54000000000000000000000000000000000010
:108C64000000000000000000000000000000000000
:108C740000000000000000000000000000000000F0
:108C840000000000000000000000000000000000E0
:108C940000000000000000000000000000000000D0
:108CA40000000000000000000000000000000000C0
:108CB40000000000000000000000000000000000B0
:108CC40000000000000000000000000000000000A0
:108CD4000000000000000000000000000000000090
:108CE4000000000000000000000000000000000080
:108CF4000000000000000000000000000000000070
:108D0400000000000000000000000000000000005F
:108D1400000000000000000000000000000000004F
:108D2400000000000000000000000000000000003F
:108D3400000000000000000000000000000000002F
:108D4400000000000000000000000000000000001F
:108D5400000000000000000000000000000000000F
:108D640000000000000000000000000000000000FF
:108D740000000000000000000000000000000000EF
:108D840000000000000000000000000000000000DF
:108D940000000000000000000000000000000000CF
:108DA40000000000000000000000000000000000BF
:108DB40000000000000000000000000000000000AF
:108DC400000000000000000000000000000000009F
:108DD400000000000000000000000000000000008F
:108DE400000000000000000000000000000000007F
:108DF400000000000000000000000000000000006F
:108E0400000000000000000000000000000000005E
:108E1400000000000000000000000000000000004E
:108E2400000000000000000000000000000000003E
:108E3400000000000000000000000000000000002E
:108E4400000000000000000000000000000000001E
:108E5400000000000000000000000000000000000E
:108E640000000000000000000000000000000000FE
:108E740000000000000000000000000000000000EE
:108E840000000000000000000000000000000000DE
:108E940000000000000000000000000000000000CE
:108EA40000000000000000000000000000000000BE
:108EB40000000000000000000000000000000000AE
:108EC400000000000000000000000000000000009E
:108ED400000000000000000000000000000000008E
:108EE400000000000000000000000000000000007E
:108EF400000000000000000000000000000000006E
:108F0400000000000000000000000000000000005D
:108F1400000000000000000000000000000000004D
:108F2400000000000000000000000000000000003D
:108F3400000000000000000000000000000000002D
:108F4400000000000000000000000000000000001D
:108F5400000000000000000000000000000000000D
:108F640000000000000000000000000000000000FD
:108F740000000000000000000000000000000000ED
:108F840000000000000000000000000000000000DD
:108F940000000000000000000000000000000000CD
:108FA40000000000000000000000000000000000BD
:108FB40000000000000000000000000000000000AD
:108FC400000000000000000000000000000000009D
:108FD400000000000000000000000000000000008D
:108FE400000000000000000000000000000000007D
:108FF400000000000000000000000000000000006D
:10900400000000000000000000000000000000005C
:10901400000000000000000000000000000000004C
:10902400000000000000000000000000000000003C
:10903400000000000000000000000000000000002C
:10904400000000000000000000000000000000001C
:10905400000000000000000000000000000000000C
:1090640000000000000000000000000000000000FC
:1090740000000000000000000000000000000000EC
:1090840000000000000000000000000000000000DC
:1090940000000000000000000000000000000000CC
:1090A40000000000000000000000000000000000BC
:1090B40000000000000000000000000000000000AC
:1090C400000000000000000000000000000000009C
:1090D400000000000000000000000000000000008C
:1090E400000000000000000000000000000000007C
:1090F400000000000000000000000000000000006C
:10910400000000000000000000000000000000005B
:10911400000000000000000000000000000000004B
:10912400000000000000000000000000000000003B
:10913400000000000000000000000000000000002B
:10914400000000000000000000000000000000001B
:10915400000000000000000000000000000000000B
:1091640000000000000000000000000000000000FB
:1091740000000000000000000000000000000000EB
:1091840000000000000000000000000000000000DB
:1091940000000000000000000000000000000000CB
:1091A40000000000000000000000000000000000BB
:1091B40000000000000000000000000000000000AB
:1091C400000000000000000000000000000000009B
:1091D400000000000000000000000000000000008B
:1091E400000000000000000000000000000000007B
:1091F400000000000000000000000000000000006B
:10920400000000000000000000000000000000005A
:10921400000000000000000000000000000000004A
:10922400000000000000000000000000000000003A
:10923400000000000000000000000000000000002A
:10924400000000000000000000000000000000001A
:10925400000000000000000000000000000000000A
:1092640000000000000000000000000000000000FA
:1092740000000000000000000000000000000000EA
:1092840000000000000000000000000000000000DA
:1092940000000000000000000000000000000000CA
:1092A40000000000000000000000000000000000BA
:1092B40000000000000000000000000000000000AA
:1092C400000000000000000000000000000000009A
:1092D400000000000000000000000000000000008A
:1092E400000000000000000000000000000000007A
:1092F400000000000000000000000000000000006A
:109304000000000000000000000000000000000059
:109314000000000000000000000000000000000049
:109324000000000000000000000000000000000039
:109334000000000000000000000000000000000029
:109344000000000000000000000000000000000019
:109354000000000000000000000000000000000009
:1093640000000000000000000000000000000000F9
:1093740000000000000000000000000000000000E9
:1093840000000000000000000000000000000000D9
:1093940000000000000000000000000000000000C9
:1093A40000000000000000000000000000000000B9
:1093B40000000000000000000000000000000000A9
:1093C4000000000000000000000000000000000099
:1093D4000000000000000000000000000000000089
:1093E4000000000000000000000000000000000079
:1093F4000000000000000000000000000000000069
:109404000000000000000000000000000000000058
:109414000000000000000000000000000000000048
:109424000000000000000000000000000000000038
:109434000000000000000000000000000000000028
:109444000000000000000000000000000000000018
:109454000000000000000000000000000000000008
:1094640000000000000000000000000000000000F8
:1094740000000000000000000000000000000000E8
:1094840000000000000000000000000000000000D8
:1094940000000000000000000000000000000000C8
:1094A40000000000000000000000000000000000B8
:1094B40000000000000000000000000000000000A8
:1094C4000000000000000000000000000000000098
:1094D4000000000000000000000000000000000088
:1094E4000000000000000000000000000000000078
:1094F4000000000000000000000000000000000068
:109504000000000000000000000000000000000057
:109514000000000000000000000000000000000047
:109524000000000000000000000000000000000037
:109534000000000000000000000000000000000027
:109544000000000000000000000000000000000017
:109554000000000000000000000000000000000007
:1095640000000000000000000000000000000000F7
:1095740000000000000000000000000000000000E7
:1095840000000000000000000000000000000000D7
:1095940000000000000000000000000000000000C7
:1095A40000000000000000000000000000000000B7
:1095B40000000000000000000000000000000000A7
:1095C4000000000000000000000000000000000097
:1095D4000000000000000000000000000000000087
:1095E4000000000000000000000000000000000077
:1095F4000000000000000000000000000000000067
:109604000000000000000000000000000000000056
:109614000000000000000000000000000000000046
:109624000000000000000000000000000000000036
:109634000000000000000000000000000000000026
:109644000000000000000000000000000000000016
:109654000000000000000000000000000000000006
:1096640000000000000000000000000000000000F6
:1096740000000000000000000000000000000000E6
:1096840000000000000000000000000000000000D6
:1096940000000000000000000000000000000000C6
:1096A40000000000000000000000000000000000B6
:1096B40000000000000000000000000000000000A6
:1096C4000000000000000000000000000000000096
:1096D4000000000000000000000000000000000086
:1096E4000000000000000000000000000000000076
:1096F4000000000000000000000000000000000066
:109704000000000000000000000000000000000055
:109714000000000000000000000000000000000045
:109724000000000000000000000000000000000035
:109734000000000000000000000000000000000025
:109744000000000000000000000000000000000015
:109754000000000000000000000000000000000005
:1097640000000000000000000000000000000000F5
:1097740000000000000000000000000000000000E5
:1097840000000000000000000000000000000000D5
:1097940000000000000000000000000000000000C5
:1097A40000000000000000000000000000000000B5
:1097B40000000000000000000000000000000000A5
:1097C4000000000000000000000000000000000095
:1097D4000000000000000000000000000000000085
:1097E4000000000000000000000000000000000075
:1097F4000000000000000000000000000000000065
:109804000000000000000000000000000000000054
:109814000000000000000000000000000000000044
:109824000000000000000000000000000000000034
:109834000000000000000000000000000000000024
:109844000000000000000000000000000000000014
:109854000000000000000000000000000000000004
:1098640000000000000000000000000000000000F4
:1098740000000000000000000000000000000000E4
:1098840000000000000000000000000000000000D4
:1098940000000000000000000000000000000000C4
:1098A40000000000000000000000000000000000B4
:1098B40000000000000000000000000000000000A4
:1098C4000000000000000000000000000000000094
:1098D4000000000000000000000000000000000084
:1098E4000000000000000000000000000000000074
:1098F4000000000000000000000000000000000064
:109904000000000000000000000000000000000053
:109914000000000000000000000000000000000043
:109924000000000000000000000000000000000033
:109934000000000000000000000000000000000023
:109944000000000000000000000000000000000013
:109954000000000000000000000000000000000003
:1099640000000000000000000000000000000000F3
:1099740000000000000000000000000000000000E3
:1099840000000000000000000000000000000000D3
:1099940000000000000000000000000000000000C3
:1099A40000000000000000000000000000000000B3
:1099B40000000000000000000000000000000000A3
:1099C4000000000000000000000000000000000093
:1099D4000000000000000000000000000000000083
:1099E4000000000000000000000000000000000073
:1099F4000000000000000000000000000000000063
:109A04000000000000000000000000000000000052
:109A14000000000000000000000000000000000042
:109A24000000000000000000000000000000000032
:109A34000000000000000000000000000000000022
:109A44000000000000000000000000000000000012
:109A54000000000000000000000000000000000002
:109A640000000000000000000000000000000000F2
:109A740000000000000000000000000000000000E2
:109A840000000000000000000000000000000000D2
:109A940000000000000000000000000000000000C2
:109AA40000000000000000000000000000000000B2
:109AB40000000000000000000000000000000000A2
:109AC4000000000000000000000000000000000092
:109AD4000000000000000000000000000000000082
:109AE4000000000000000000000000000000000072
:109AF4000000000000000000000000000000000062
:109B04000000000000000000000000000000000051
:109B14000000000000000000000000000000000041
:109B24000000000000000000000000000000000031
:109B34000000000000000000000000000000000021
:109B44000000000000000000000000000000000011
:109B54000000000000000000000000000000000001
:109B640000000000000000000000000000000000F1
:109B740000000000000000000000000000000000E1
:109B840000000000000000000000000000000000D1
:109B940000000000000000000000000000000000C1
:109BA40000000000000000000000000000000000B1
:109BB40000000000000000000000000000000000A1
:109BC4000000000000000000000000000000000091
:109BD4000000000000000000000000000000000081
:109BE4000000000000000000000000000000000071
:109BF4000000000000000000000000000000000061
:109C04000000000000000000000000000000000050
:109C14000000000000000000000000000000000040
:109C24000000000000000000000000000000000030
:109C34000000000000000000000000000000000020
:109C44000000000000000000000000000000000010
:109C54000000000000000000000000000000000000
:109C640000000000000000000000000000000000F0
:109C740000000000000000000000000000000000E0
:109C840000000000000000000000000000000000D0
:109C940000000000000000000000000000000000C0
:109CA40000000000000000000000000000000000B0
:109CB40000000000000000000000000000000000A0
:109CC4000000000000000000000000000000000090
:109CD4000000000000000000000000000000000080
:109CE4000000000000000000000000000000000070
:109CF4000000000000000000000000000000000060
:109D0400000000000000000000000000000000004F
:109D1400000000000000000000000000000000003F
:109D2400000000000000000000000000000000002F
:109D3400000000000000000000000000000000001F
:109D4400000000000000000000000000000000000F
:109D540000000000000000000000000000000000FF
:109D640000000000000000000000000000000000EF
:109D740000000000000000000000000000000000DF
:109D840000000000000000000000000000000000CF
:109D940000000000000000000000000000000000BF
:109DA40000000000000000000000000000000000AF
:109DB400000000000000000000000000000000009F
:109DC400000000000000000000000000000000008F
:109DD400000000000000000000000000000000007F
:109DE400000000000000000000000000000000006F
:109DF400000000000000000000000000000000005F
:109E0400000000000000000000000000000000004E
:109E1400000000000000000000000000000000003E
:109E2400000000000000000000000000000000002E
:109E3400000000000000000000000000000000001E
:109E4400000000000000000000000000000000000E
:109E540000000000000000000000000000000000FE
:109E640000000000000000000000000000000000EE
:109E740000000000000000000000000000000000DE
:109E840000000000000000000000000000000000CE
:109E940000000000000000000000000000000000BE
:109EA40000000000000000000000000000000000AE
:109EB400000000000000000000000000000000009E
:109EC400000000000000000000000000000000008E
:109ED400000000000000000000000000000000007E
:109EE400000000000000000000000000000000006E
:109EF400000000000000000000000000000000005E
:109F0400000000000000000000000000000000004D
:109F1400000000000000000000000000000000003D
:109F2400000000000000000000000000000000002D
:109F3400000000000000000000000000000000001D
:109F4400000000000000000000000000000000000D
:109F540000000000000000000000000000000000FD
:109F640000000000000000000000000000000000ED
:109F740000000000000000000000000000000000DD
:109F840000000000000000000000000000000000CD
:109F940000000000000000000000000000000000BD
:109FA40000000000000000000000000000000000AD
:109FB400000000000000000000000000000000009D
:109FC400000000000000000000000000000000008D
:109FD400000000000000000000000000000000007D
:109FE400000000000000000000000000000000006D
:109FF400000000000000000000000000000000005D
:10A00400000000000000000000000000000000004C
:10A01400000000000000000000000000000000003C
:10A02400000000000000000000000000000000002C
:10A03400000000000000000000000000000000001C
:10A04400000000000000000000000000000000000C
:10A0540000000000000000000000000000000000FC
:10A0640000000000000000000000000000000000EC
:10A0740000000000000000000000000000000000DC
:10A0840000000000000000000000000000000000CC
:10A0940000000000000000000000000000000000BC
:10A0A40000000000000000000000000000000000AC
:10A0B400000000000000000000000000000000009C
:10A0C400000000000000000000000000000000008C
:10A0D400000000000000000000000000000000007C
:10A0E400000000000000000000000000000000006C
:10A0F400000000000000000000000000000000005C
:10A10400000000000000000000000000000000004B
:10A11400000000000000000000000000000000003B
:10A12400000000000000000000000000000000002B
:10A13400000000000000000000000000000000001B
:10A14400000000000000000000000000000000000B
:10A1540000000000000000000000000000000000FB
:10A1640000000000000000000000000000000000EB
:10A1740000000000000000000000000000000000DB
:10A1840000000000000000000000000000000000CB
:10A1940000000000000000000000000000000000BB
:10A1A40000000000000000000000000000000000AB
:10A1B400000000000000000000000000000000009B
:10A1C400000000000000000000000000000000008B
:10A1D400000000000000000000000000000000007B
:10A1E400000000000000000000000000000000006B
:10A1F400000000000000000000000000000000005B
:10A20400000000000000000000000000000000004A
:10A21400000000000000000000000000000000003A
:10A22400000000000000000000000000000000002A
:10A23400000000000000000000000000000000001A
:10A24400000000000000000000000000000000000A
:10A2540000000000000000000000000000000000FA
:10A2640000000000000000000000000000000000EA
:10A2740000000000000000000000000000000000DA
:10A2840000000000000000000000000000000000CA
:10A2940000000000000000000000000000000000BA
:10A2A40000000000000000000000000000000000AA
:10A2B400000000000000000000000000000000009A
:10A2C400000000000000000000000000000000008A
:10A2D400000000000000000000000000000000007A
:10A2E400000000000000000000000000000000006A
:10A2F400000000000000000000000000000000005A
:10A304000000000000000000000000000000000049
:10A314000000000000000000000000000000000039
:10A324000000000000000000000000000000000029
:10A334000000000000000000000000000000000019
:10A344000000000000000000000000000000000009
:10A3540000000000000000000000000000000000F9
:10A3640000000000000000000000000000000000E9
:10A3740000000000000000000000000000000000D9
:10A3840000000000000000000000000000000000C9
:10A3940000000000000000000000000000000000B9
:10A3A40000000000000000000000000000000000A9
:10A3B4000000000000000000000000000000000099
:10A3C4000000000000000000000000000000000089
:10A3D4000000000000000000000000000000000079
:10A3E4000000000000000000000000000000000069
:10A3F4000000000000000000000000000000000059
:10A404000000000000000000000000000000000048
:10A414000000000000000000000000000000000038
:10A424000000000000000000000000000000000028
:10A434000000000000000000000000000000000018
:10A444000000000000000000000000000000000008
:10A4540000000000000000000000000000000000F8
:10A4640000000000000000000000000000000000E8
:10A4740000000000000000000000000000000000D8
:10A4840000000000000000000000000000000000C8
:10A4940000000000000000000000000000000000B8
:10A4A40000000000000000000000000000000000A8
:10A4B4000000000000000000000000000000000098
:10A4C4000000000000000000000000000000000088
:10A4D4000000000000000000000000000000000078
:10A4E4000000000000000000000000000000000068
:10A4F4000000000000000000000000000000000058
:10A504000000000000000000000000000000000047
:10A514000000000000000000000000000000000037
:10A524000000000000000000000000000000000027
:10A534000000000000000000000000000000000017
:10A544000000000000000000000000000000000007
:10A5540000000000000000000000000000000000F7
:10A5640000000000000000000000000000000000E7
:10A5740000000000000000000000000000000000D7
:10A5840000000000000000000000000000000000C7
:10A5940000000000000000000000000000000000B7
:10A5A40000000000000000000000000000000000A7
:10A5B4000000000000000000000000000000000097
:10A5C4000000000000000000000000000000000087
:10A5D4000000000000000000000000000000000077
:10A5E4000000000000000000000000000000000067
:10A5F4000000000000000000000000000000000057
:10A604000000000000000000000000000000000046
:10A614000000000000000000000000000000000036
:10A624000000000000000000000000000000000026
:10A634000000000000000000000000000000000016
:10A644000000000000000000000000000000000006
:10A6540000000000000000000000000000000000F6
:10A6640000000000000000000000000000000000E6
:10A6740000000000000000000000000000000000D6
:10A6840000000000000000000000000000000000C6
:10A6940000000000000000000000000000000000B6
:10A6A40000000000000000000000000000000000A6
:10A6B4000000000000000000000000000000000096
:10A6C4000000000000000000000000000000000086
:10A6D4000000000000000000000000000000000076
:10A6E4000000000000000000000000000000000066
:10A6F4000000000000000000000000000000000056
:10A704000000000000000000000000000000000045
:10A714000000000000000000000000000000000035
:10A724000000000000000000000000000000000025
:10A734000000000000000000000000000000000015
:10A744000000000000000000000000000000000005
:10A7540000000000000000000000000000000000F5
:10A7640000000000000000000000000000000000E5
:10A7740000000000000000000000000000000000D5
:10A7840000000000000000000000000000000000C5
:10A7940000000000000000000000000000000000B5
:10A7A40000000000000000000000000000000000A5
:10A7B4000000000000000000000000000000000095
:10A7C4000000000000000000000000000000000085
:10A7D4000000000000000000000000000000000075
:10A7E4000000000000000000000000000000000065
:10A7F4000000000000000000000000000000000055
:10A804000000000000000000000000000000000044
:10A814000000000000000000000000000000000034
:10A824000000000000000000000000000000000024
:10A834000000000000000000000000000000000014
:10A844000000000000000000000000000000000004
:10A8540000000000000000000000000000000000F4
:10A8640000000000000000000000000000000000E4
:10A8740000000000000000000000000000000000D4
:10A8840000000000000000000000000000000000C4
:10A8940000000000000000000000000000000000B4
:10A8A40000000000000000000000000000000000A4
:10A8B4000000000000000000000000000000000094
:10A8C4000000000000000000000000000000000084
:10A8D4000000000000000000000000000000000074
:10A8E4000000000000000000000000000000000064
:10A8F4000000000000000000000000000000000054
:10A904000000000000000000000000000000000043
:10A914000000000000000000000000000000000033
:10A924000000000000000000000000000000000023
:10A934000000000000000000000000000000000013
:10A944000000000000000000000000000000000003
:10A9540000000000000000000000000000000000F3
:10A9640000000000000000000000000000000000E3
:10A9740000000000000000000000000000000000D3
:10A9840000000000000000000000000000000000C3
:10A9940000000000000000000000000000000000B3
:10A9A40000000000000000000000000000000000A3
:10A9B4000000000000000000000000000000000093
:10A9C4000000000000000000000000000000000083
:10A9D4000000000000000000000000000000000073
:10A9E4000000000000000000000000000000000063
:10A9F4000000000000000000000000000000000053
:10AA04000000000000000000000000000000000042
:10AA14000000000000000000000000000000000032
:10AA24000000000000000000000000000000000022
:10AA34000000000000000000000000000000000012
:10AA44000000000000000000000000000000000002
:10AA540000000000000000000000000000000000F2
:10AA640000000000000000000000000000000000E2
:10AA740000000000000000000000000000000000D2
:10AA840000000000000000000000000000000000C2
:10AA940000000000000000000000000000000000B2
:10AAA40000000000000000000000000000000000A2
:10AAB4000000000000000000000000000000000092
:10AAC4000000000000000000000000000000000082
:10AAD4000000000000000000000000000000000072
:10AAE4000000000000000000000000000000000062
:10AAF4000000000000000000000000000000000052
:10AB04000000000000000000000000000000000041
:10AB14000000000000000000000000000000000031
:10AB24000000000000000000000000000000000021
:10AB34000000000000000000000000000000000011
:10AB44000000000000000000000000000000000001
:10AB540000000000000000000000000000000000F1
:10AB640000000000000000000000000000000000E1
:10AB740000000000000000000000000000000000D1
:10AB840000000000000000000000000000000000C1
:10AB940000000000000000000000000000000000B1
:10ABA40000000000000000000000000000000000A1
:10ABB4000000000000000000000000000000000091
:10ABC4000000000000000000000000000000000081
:10ABD4000000000000000000000000000000000071
:10ABE4000000000000000000000000000000000061
:10ABF4000000000000000000000000000000000051
:10AC04000000000000000000000000000000000040
:10AC14000000000000000000000000000000000030
:10AC24000000000000000000000000000000000020
:10AC34000000000000000000000000000000000010
:10AC44000000000000000000000000000000000000
:10AC540000000000000000000000000000000000F0
:10AC640000000000000000000000000000000000E0
:10AC740000000000000000000000000000000000D0
:10AC840000000000000000000000000000000000C0
:10AC940000000000000000000000000000000000B0
:10ACA40000000000000000000000000000000000A0
:10ACB4000000000000000000000000000000000090
:10ACC4000000000000000000000000000000000080
:10ACD4000000000000000000000000000000000070
:10ACE4000000000000000000000000000000000060
:10ACF4000000000000000000000000000000000050
:10AD0400000000000000000000000000000000003F
:10AD1400000000000000000000000000000000002F
:10AD2400000000000000000000000000000000001F
:10AD3400000000000000000000000000000000000F
:10AD440000000000000000000000000000000000FF
:10AD540000000000000000000000000000000000EF
:10AD640000000000000000000000000000000000DF
:10AD740000000000000000000000000000000000CF
:10AD840000000000000000000000000000000000BF
:10AD940000000000000000000000000000000000AF
:10ADA400000000000000000000000000000000009F
:10ADB400000000000000000000000000000000008F
:10ADC400000000000000000000000000000000007F
:10ADD400000000000000000000000000000000006F
:10ADE400000000000000000000000000000000005F
:10ADF400000000000000000000000000000000004F
:10AE0400000000000000000000000000000000003E
:10AE1400000000000000000000000000000000002E
:10AE2400000000000000000000000000000000001E
:10AE3400000000000000000000000000000000000E
:10AE440000000000000000000000000000000000FE
:10AE540000000000000000000000000000000000EE
:10AE640000000000000000000000000000000000DE
:10AE740000000000000000000000000000000000CE
:10AE840000000000000000000000000000000000BE
:10AE940000000000000000000000000000000000AE
:10AEA400000000000000000000000000000000009E
:10AEB400000000000000000000000000000000008E
:10AEC400000000000000000000000000000000007E
:10AED400000000000000000000000000000000006E
:10AEE400000000000000000000000000000000005E
:10AEF400000000000000000000000000000000004E
:10AF0400000000000000000000000000000000003D
:10AF1400000000000000000000000000000000002D
:10AF2400000000000000000000000000000000001D
:10AF3400000000000000000000000000000000000D
:10AF440000000000000000000000000000000000FD
:10AF540000000000000000000000000000000000ED
:10AF640000000000000000000000000000000000DD
:10AF740000000000000000000000000000000000CD
:10AF840000000000000000000000000000000000BD
:10AF940000000000000000000000000000000000AD
:10AFA400000000000000000000000000000000009D
:10AFB400000000000000000000000000000000008D
:10AFC400000000000000000000000000000000007D
:10AFD400000000000000000000000000000000006D
:10AFE400000000000000000000000000000000005D
:10AFF400000000000000000000000000000000004D
:10B00400000000000000000000000000000000003C
:10B01400000000000000000000000000000000002C
:10B02400000000000000000000000000000000001C
:10B03400000000000000000000000000000000000C
:10B0440000000000000000000000000000000000FC
:10B0540000000000000000000000000000000000EC
:10B0640000000000000000000000000000000000DC
:10B0740000000000000000000000000000000000CC
:10B0840000000000000000000000000000000000BC
:10B0940000000000000000000000000000000000AC
:10B0A400000000000000000000000000000000009C
:10B0B400000000000000000000000000000000008C
:10B0C400000000000000000000000000000000007C
:10B0D400000000000000000000000000000000006C
:10B0E400000000000000000000000000000000005C
:10B0F400000000000000000000000000000000004C
:10B10400000000000000000000000000000000003B
:10B11400000000000000000000000000000000002B
:10B12400000000000000000000000000000000001B
:10B13400000000000000000000000000000000000B
:10B1440000000000000000000000000000000000FB
:10B1540000000000000000000000000000000000EB
:10B1640000000000000000000000000000000000DB
:10B1740000000000000000000000000000000000CB
:10B1840000000000000000000000000000000000BB
:10B1940000000000000000000000000000000000AB
:10B1A400000000000000000000000000000000009B
:10B1B400000000000000000000000000000000008B
:10B1C400000000000000000000000000000000007B
:10B1D400000000000000000000000000000000006B
:10B1E400000000000000000000000000000000005B
:10B1F400000000000000000000000000000000004B
:10B20400000000000000000000000000000000003A
:10B21400000000000000000000000000000000002A
:10B22400000000000000000000000000000000001A
:10B23400000000000000000000000000000000000A
:10B2440000000000000000000000000000000000FA
:10B2540000000000000000000000000000000000EA
:10B2640000000000000000000000000000000000DA
:10B2740000000000000000000000000000000000CA
:10B2840000000000000000000000000000000000BA
:10B2940000000000000000000000000000000000AA
:10B2A400000000000000000000000000000000009A
:10B2B400000000000000000000000000000000008A
:10B2C400000000000000000000000000000000007A
:10B2D400000000000000000000000000000000006A
:10B2E400000000000000000000000000000000005A
:10B2F400000000000000000000000000000000004A
:10B304000000000000000000000000000000000039
:10B314000000000000000000000000000000000029
:10B324000000000000000000000000000000000019
:10B334000000000000000000000000000000000009
:10B3440000000000000000000000000000000000F9
:10B3540000000000000000000000000000000000E9
:10B3640000000000000000000000000000000000D9
:10B3740000000000000000000000000000000000C9
:10B3840000000000000000000000000000000000B9
:10B3940000000000000000000000000000000000A9
:10B3A4000000000000000000000000000000000099
:10B3B4000000000000000000000000000000000089
:10B3C4000000000000000000000000000000000079
:10B3D4000000000000000000000000000000000069
:10B3E4000000000000000000000000000000000059
:10B3F4000000000000000000000000000000000049
:10B404000000000000000000000000000000000038
:10B414000000000000000000000000000000000028
:10B424000000000000000000000000000000000018
:10B434000000000000000000000000000000000008
:10B4440000000000000000000000000000000000F8
:10B4540000000000000000000000000000000000E8
:10B4640000000000000000000000000000000000D8
:10B4740000000000000000000000000000000000C8
:10B4840000000000000000000000000000000000B8
:10B4940000000000000000000000000000000000A8
:10B4A4000000000000000000000000000000000098
:10B4B4000000000000000000000000000000000088
:10B4C4000000000000000000000000000000000078
:10B4D4000000000000000000000000000000000068
:10B4E4000000000000000000000000000000000058
:10B4F4000000000000000000000000000000000048
:10B504000000000000000000000000000000000037
:10B514000000000000000000000000000000000027
:10B524000000000000000000000000000000000017
:10B534000000000000000000000000000000000007
:10B5440000000000000000000000000000000000F7
:10B5540000000000000000000000000000000000E7
:10B5640000000000000000000000000000000000D7
:10B5740000000000000000000000000000000000C7
:10B5840000000000000000000000000000000000B7
:10B5940000000000000000000000000000000000A7
:10B5A4000000000000000000000000000000000097
:10B5B4000000000000000000000000000000000087
:10B5C4000000000000000000000000000000000077
:10B5D4000000000000000000000000000000000067
:10B5E4000000000000000000000000000000000057
:10B5F4000000000000000000000000000000000047
:10B604000000000000000000000000000000000036
:10B614000000000000000000000000000000000026
:10B624000000000000000000000000000000000016
:10B634000000000000000000000000000000000006
:10B6440000000000000000000000000000000000F6
:10B6540000000000000000000000000000000000E6
:10B6640000000000000000000000000000000000D6
:10B6740000000000000000000000000000000000C6
:10B6840000000000000000000000000000000000B6
:10B6940000000000000000000000000000000000A6
:10B6A4000000000000000000000000000000000096
:10B6B4000000000000000000000000000000000086
:10B6C4000000000000000000000000000000000076
:10B6D4000000000000000000000000000000000066
:10B6E4000000000000000000000000000000000056
:10B6F4000000000000000000000000000000000046
:10B704000000000000000000000000000000000035
:10B714000000000000000000000000000000000025
:10B724000000000000000000000000000000000015
:10B734000000000000000000000000000000000005
:10B7440000000000000000000000000000000000F5
:10B7540000000000000000000000000000000000E5
:10B7640000000000000000000000000000000000D5
:10B7740000000000000000000000000000000000C5
:10B7840000000000000000000000000000000000B5
:10B7940000000000000000000000000000000000A5
:10B7A4000000000000000000000000000000000095
:10B7B4000000000000000000000000000000000085
:10B7C4000000000000000000000000000000000075
:10B7D4000000000000000000000000000000000065
:10B7E4000000000000000000000000000000000055
:10B7F4000000000000000000000000000000000045
:10B804000000000000000000000000000000000034
:10B814000000000000000000000000000000000024
:10B824000000000000000000000000000000000014
:10B834000000000000000000000000000000000004
:10B8440000000000000000000000000000000000F4
:10B8540000000000000000000000000000000000E4
:10B8640000000000000000000000000000000000D4
:10B8740000000000000000000000000000000000C4
:10B8840000000000000000000000000000000000B4
:10B8940000000000000000000000000000000000A4
:10B8A4000000000000000000000000000000000094
:10B8B4000000000000000000000000000000000084
:10B8C4000000000000000000000000000000000074
:10B8D4000000000000000000000000000000000064
:10B8E4000000000000000000000000000000000054
:10B8F4000000000000000000000000000000000044
:10B904000000000000000000000000000000000033
:10B914000000000000000000000000000000000023
:10B924000000000000000000000000000000000013
:10B934000000000000000000000000000000000003
:10B9440000000000000000000000000000000000F3
:10B9540000000000000000000000000000000000E3
:10B9640000000000000000000000000000000000D3
:10B9740000000000000000000000000000000000C3
:10B9840000000000000000000000000000000000B3
:10B9940000000000000000000000000000000000A3
:10B9A4000000000000000000000000000000000093
:10B9B4000000000000000000000000000000000083
:10B9C4000000000000000000000000000000000073
:10B9D4000000000000000000000000000000000063
:10B9E4000000000000000000000000000000000053
:10B9F4000000000000000000000000000000000043
:10BA04000000000000000000000000000000000032
:10BA14000000000000000000000000000000000022
:10BA24000000000000000000000000000000000012
:10BA34000000000000000000000000000000000002
:10BA440000000000000000000000000000000000F2
:10BA540000000000000000000000000000000000E2
:10BA640000000000000000000000000000000000D2
:10BA740000000000000000000000000000000000C2
:10BA840000000000000000000000000000000000B2
:10BA940000000000000000000000000000000000A2
:10BAA4000000000000000000000000000000000092
:10BAB4000000000000000000000000000000000082
:10BAC4000000000000000000000000000000000072
:10BAD4000000000000000000000000000000000062
:10BAE4000000000000000000000000000000000052
:10BAF4000000000000000000000000000000000042
:10BB04000000000000000000000000000000000031
:10BB14000000000000000000000000000000000021
:10BB24000000000000000000000000000000000011
:10BB34000000000000000000000000000000000001
:10BB440000000000000000000000000000000000F1
:10BB540000000000000000000000000000000000E1
:10BB640000000000000000000000000000000000D1
:10BB740000000000000000000000000000000000C1
:10BB840000000000000000000000000000000000B1
:10BB940000000000000000000000000000000000A1
:10BBA4000000000000000000000000000000000091
:10BBB4000000000000000000000000000000000081
:10BBC4000000000000000000000000000000000071
:10BBD4000000000000000000000000000000000061
:10BBE4000000000000000000000000000000000051
:10BBF4000000000000000000000000000000000041
:10BC04000000000000000000000000000000000030
:10BC14000000000000000000000000000000000020
:10BC24000000000000000000000000000000000010
:10BC34000000000000000000000000000000000000
:10BC440000000000000000000000000000000000F0
:10BC540000000000000000000000000000000000E0
:10BC640000000000000000000000000000000000D0
:10BC740000000000000000000000000000000000C0
:10BC840000000000000000000000000000000000B0
:10BC940000000000000000000000000000000000A0
:10BCA4000000000000000000000000000000000090
:10BCB4000000000000000000000000000000000080
:10BCC4000000000000000000000000000000000070
:10BCD4000000000000000000000000000000000060
:10BCE4000000000000000000000000000000000050
:10BCF4000000000000000000000000000000000040
:10BD0400000000000000000000000000000000002F
:10BD1400000000000000000000000000000000001F
:10BD2400000000000000000000000000000000000F
:10BD340000000000000000000000000000000000FF
:10BD440000000000000000000000000000000000EF
:10BD540000000000000000000000000000000000DF
:10BD640000000000000000000000000000000000CF
:10BD740000000000000000000000000000000000BF
:10BD840000000000000000000000000000000000AF
:10BD9400000000000000000000000000000000009F
:10BDA400000000000000000000000000000000008F
:10BDB400000000000000000000000000000000007F
:10BDC400000000000000000000000000000000006F
:10BDD400000000000000000000000000000000005F
:10BDE400000000000000000000000000000000004F
:10BDF400000000000000000000000000000000003F
:10BE0400000000000000000000000000000000002E
:10BE1400000000000000000000000000000000001E
:10BE2400000000000000000000000000000000000E
:10BE340000000000000000000000000000000000FE
:10BE440000000000000000000000000000000000EE
:10BE540000000000000000000000000000000000DE
:10BE640000000000000000000000000000000000CE
:10BE740000000000000000000000000000000000BE
:10BE840000000000000000000000000000000000AE
:10BE9400000000000000000000000000000000009E
:10BEA400000000000000000000000000000000008E
:10BEB400000000000000000000000000000000007E
:10BEC400000000000000000000000000000000006E
:10BED400000000000000000000000000000000005E
:10BEE400000000000000000000000000000000004E
:10BEF400000000000000000000000000000000003E
:10BF0400000000000000000000000000000000002D
:10BF1400000000000000000000000000000000001D
:10BF2400000000000000000000000000000000000D
:10BF340000000000000000000000000000000000FD
:10BF440000000000000000000000000000000000ED
:10BF540000000000000000000000000000000000DD
:10BF640000000000000000000000000000000000CD
:10BF740000000000000000000000000000000000BD
:10BF840000000000000000000000000000000000AD
:10BF9400000000000000000000000000000000009D
:10BFA400000000000000000000000000000000008D
:10BFB400000000000000000000000000000000007D
:10BFC400000000000000000000000000000000006D
:10BFD400000000000000000000000000000000005D
:10BFE400000000000000000000000000000000004D
:10BFF400000000000000000000000000000000003D
:10C00400000000000000000000000000000000002C
:10C01400000000000000000000000000000000001C
:10C02400000000000000000000000000000000000C
:10C0340000000000000000000000000000000000FC
:10C0440000000000000000000000000000000000EC
:10C0540000000000000000000000000000000000DC
:10C0640000000000000000000000000000000000CC
:10C0740000000000000000000000000000000000BC
:10C0840000000000000000000000000000000000AC
:10C09400000000000000000000000000000000009C
:10C0A400000000000000000000000000000000008C
:10C0B400000000000000000000000000000000007C
:10C0C400000000000000000000000000000000006C
:10C0D400000000000000000000000000000000005C
:10C0E400000000000000000000000000000000004C
:10C0F400000000000000000000000000000000003C
:10C10400000000000000000000000000000000002B
:10C11400000000000000000000000000000000001B
:10C12400000000000000000000000000000000000B
:10C1340000000000000000000000000000000000FB
:10C1440000000000000000000000000000000000EB
:10C1540000000000000000000000000000000000DB
:10C1640000000000000000000000000000000000CB
:10C1740000000000000000000000000000000000BB
:10C1840000000000000000000000000000000000AB
:10C19400000000000000000000000000000000009B
:10C1A400000000000000000000000000000000008B
:10C1B400000000000000000000000000000000007B
:10C1C400000000000000000000000000000000006B
:10C1D400000000000000000000000000000000005B
:10C1E400000000000000000000000000000000004B
:10C1F400000000000000000000000000000000003B
:10C20400000000000000000000000000000000002A
:10C21400000000000000000000000000000000001A
:10C22400000000000000000000000000000000000A
:10C2340000000000000000000000000000000000FA
:10C2440000000000000000000000000000000000EA
:10C2540000000000000000000000000000000000DA
:10C2640000000000000000000000000000000000CA
:10C2740000000000000000000000000000000000BA
:10C2840000000000000000000000000000000000AA
:10C29400000000000000000000000000000000009A
:10C2A400000000000000000000000000000000008A
:10C2B400000000000000000000000000000000007A
:10C2C400000000000000000000000000000000006A
:10C2D400000000000000000000000000000000005A
:10C2E400000000000000000000000000000000004A
:10C2F400000000000000000000000000000000003A
:10C304000000000000000000000000000000000029
:10C314000000000000000000000000000000000019
:10C324000000000000000000000000000000000009
:10C3340000000000000000000000000000000000F9
:10C3440000000000000000000000000000000000E9
:10C3540000000000000000000000000000000000D9
:10C3640000000000000000000000000000000000C9
:10C3740000000000000000000000000000000000B9
:10C3840000000000000000000000000000000000A9
:10C394000000000000000000000000000000000099
:10C3A4000000000000000000000000000000000089
:10C3B4000000000000000000000000000000000079
:10C3C4000000000000000000000000000000000069
:10C3D4000000000000000000000000000000000059
:10C3E4000000000000000000000000000000000049
:10C3F4000000000000000000000000000000000039
:10C404000000000000000000000000000000000028
:10C414000000000000000000000000000000000018
:10C424000000000000000000000000000000000008
:10C4340000000000000000000000000000000000F8
:10C4440000000000000000000000000000000000E8
:10C4540000000000000000000000000000000000D8
:10C4640000000000000000000000000000000000C8
:10C4740000000000000000000000000000000000B8
:10C4840000000000000000000000000000000000A8
:10C494000000000000000000000000000000000098
:10C4A4000000000000000000000000000000000088
:10C4B4000000000000000000000000000000000078
:10C4C4000000000000000000000000000000000068
:10C4D4000000000000000000000000000000000058
:10C4E4000000000000000000000000000000000048
:10C4F4000000000000000000000000000000000038
:10C504000000000000000000000000000000000027
:10C514000000000000000000000000000000000017
:10C524000000000000000000000000000000000007
:10C5340000000000000000000000000000000000F7
:10C5440000000000000000000000000000000000E7
:10C5540000000000000000000000000000000000D7
:10C5640000000000000000000000000000000000C7
:10C5740000000000000000000000000000000000B7
:10C5840000000000000000000000000000000000A7
:10C594000000000000000000000000000000000097
:10C5A4000000000000000000000000000000000087
:10C5B4000000000000000000000000000000000077
:10C5C4000000000000000000000000000000000067
:10C5D4000000000000000000000000000000000057
:10C5E4000000000000000000000000000000000047
:10C5F4000000000000000000000000000000000037
:10C604000000000000000000000000000000000026
:10C614000000000000000000000000000000000016
:10C624000000000000000000000000000000000006
:10C6340000000000000000000000000000000000F6
:10C6440000000000000000000000000000000000E6
:10C6540000000000000000000000000000000000D6
:10C6640000000000000000000000000000000000C6
:10C6740000000000000000000000000000000000B6
:10C6840000000000000000000000000000000000A6
:10C694000000000000000000000000000000000096
:10C6A4000000000000000000000000000000000086
:10C6B4000000000000000000000000000000000076
:10C6C4000000000000000000000000000000000066
:10C6D4000000000000000000000000000000000056
:10C6E4000000000000000000000000000000000046
:10C6F4000000000000000000000000000000000036
:10C704000000000000000000000000000000000025
:10C714000000000000000000000000000000000015
:10C724000000000000000000000000000000000005
:10C7340000000000000000000000000000000000F5
:10C7440000000000000000000000000000000000E5
:10C7540000000000000000000000000000000000D5
:10C7640000000000000000000000000000000000C5
:10C7740000000000000000000000000000000000B5
:10C7840000000000000000000000000000000000A5
:10C794000000000000000000000000000000000095
:10C7A4000000000000000000000000000000000085
:10C7B4000000000000000000000000000000000075
:10C7C4000000000000000000000000000000000065
:10C7D4000000000000000000000000000000000055
:10C7E4000000000000000000000000000000000045
:10C7F4000000000000000000000000000000000035
:10C804000000000000000000000000000000000024
:10C814000000000000000000000000000000000014
:10C824000000000000000000000000000000000004
:10C8340000000000000000000000000000000000F4
:10C8440000000000000000000000000000000000E4
:10C8540000000000000000000000000000000000D4
:10C8640000000000000000000000000000000000C4
:10C8740000000000000000000000000000000000B4
:10C8840000000000000000000000000000000000A4
:10C894000000000000000000000000000000000094
:10C8A4000000000000000000000000000000000084
:10C8B4000000000000000000000000000000000074
:10C8C4000000000000000000000000000000000064
:10C8D4000000000000000000000000000000000054
:10C8E4000000000000000000000000000000000044
:10C8F4000000000000000000000000000000000034
:10C904000000000000000000000000000000000023
:10C914000000000000000000000000000000000013
:10C924000000000000000000000000000000000003
:10C9340000000000000000000000000000000000F3
:10C9440000000000000000000000000000000000E3
:10C9540000000000000000000000000000000000D3
:10C9640000000000000000000000000000000000C3
:10C9740000000000000000000000000000000000B3
:10C9840000000000000000000000000000000000A3
:10C994000000000000000000000000000000000093
:10C9A4000000000000000000000000000000000083
:10C9B4000000000000000000000000000000000073
:10C9C4000000000000000000000000000000000063
:10C9D4000000000000000000000000000000000053
:10C9E4000000000000000000000000000000000043
:10C9F4000000000000000000000000000000000033
:10CA04000000000000000000000000000000000022
:10CA14000000000000000000000000000000000012
:10CA24000000000000000000000000000000000002
:10CA340000000000000000000000000000000000F2
:10CA440000000000000000000000000000000000E2
:10CA540000000000000000000000000000000000D2
:10CA640000000000000000000000000000000000C2
:10CA740000000000000000000000000000000000B2
:10CA840000000000000000000000000000000000A2
:10CA94000000000000000000000000000000000092
:10CAA4000000000000000000000000000000000082
:10CAB4000000000000000000000000000000000072
:10CAC4000000000000000000000000000000000062
:10CAD4000000000000000000000000000000000052
:10CAE4000000000000000000000000000000000042
:10CAF4000000000000000000000000000000000032
:10CB04000000000000000000000000000000000021
:10CB14000000000000000000000000000000000011
:10CB24000000000000000000000000000000000001
:10CB340000000000000000000000000000000000F1
:10CB440000000000000000000000000000000000E1
:10CB540000000000000000000000000000000000D1
:10CB640000000000000000000000000000000000C1
:10CB740000000000000000000000000000000000B1
:10CB840000000000000000000000000000000000A1
:10CB94000000000000000000000000000000000091
:10CBA4000000000000000000000000000000000081
:10CBB4000000000000000000000000000000000071
:10CBC4000000000000000000000000000000000061
:10CBD4000000000000000000000000000000000051
:10CBE4000000000000000000000000000000000041
:10CBF4000000000000000000000000000000000031
:10CC04000000000000000000000000000000000020
:10CC14000000000000000000000000000000000010
:10CC24000000000000000000000000000000000000
:10CC340000000000000000000000000000000000F0
:10CC440000000000000000000000000000000000E0
:10CC540000000000000000000000000000000000D0
:10CC640000000000000000000000000000000000C0
:10CC740000000000000000000000000000000000B0
:10CC840000000000000000000000000000000000A0
:10CC94000000000000000000000000000000000090
:10CCA4000000000000000000000000000000000080
:10CCB4000000000000000000000000000000000070
:10CCC4000000000000000000000000000000000060
:10CCD4000000000000000000000000000000000050
:10CCE4000000000000000000000000000000000040
:10CCF4000000000000000000000000000000000030
:10CD0400000000000000000000000000000000001F
:10CD1400000000000000000000000000000000000F
:10CD240000000000000000000000000000000000FF
:10CD340000000000000000000000000000000000EF
:10CD440000000000000000000000000000000000DF
:10CD540000000000000000000000000000000000CF
:10CD640000000000000000000000000000000000BF
:10CD740000000000000000000000000000000000AF
:10CD8400000000000000000000000000000000009F
:10CD9400000000000000000000000000000000008F
:10CDA400000000000000000000000000000000007F
:10CDB400000000000000000000000000000000006F
:10CDC400000000000000000000000000000000005F
:10CDD400000000000000000000000000000000004F
:10CDE400000000000000000000000000000000003F
:10CDF400000000000000000000000000000000002F
:10CE0400000000000000000000000000000000001E
:10CE1400000000000000000000000000000000000E
:10CE240000000000000000000000000000000000FE
:10CE340000000000000000000000000000000000EE
:10CE440000000000000000000000000000000000DE
:10CE540000000000000000000000000000000000CE
:10CE640000000000000000000000000000000000BE
:10CE740000000000000000000000000000000000AE
:10CE8400000000000000000000000000000000009E
:10CE9400000000000000000000000000000000008E
:10CEA400000000000000000000000000000000007E
:10CEB400000000000000000000000000000000006E
:10CEC400000000000000000000000000000000005E
:10CED400000000000000000000000000000000004E
:10CEE400000000000000000000000000000000003E
:10CEF400000000000000000000000000000000002E
:10CF0400000000000000000000000000000000001D
:10CF1400000000000000000000000000000000000D
:10CF240000000000000000000000000000000000FD
:10CF340000000000000000000000000000000000ED
:10CF440000000000000000000000000000000000DD
:10CF540000000000000000000000000000000000CD
:10CF640000000000000000000000000000000000BD
:10CF740000000000000000000000000000000000AD
:10CF8400000000000000000000000000000000009D
:10CF9400000000000000000000000000000000008D
:10CFA400000000000000000000000000000000007D
:10CFB400000000000000000000000000000000006D
:10CFC400000000000000000000000000000000005D
:10CFD400000000000000000000000000000000004D
:10CFE400000000000000000000000000000000003D
:10CFF400000000000000000000000000000000002D
:10D00400000000000000000000000000000000001C
:10D01400000000000000000000000000000000000C
:10D0240000000000000000000000000000000000FC
:10D0340000000000000000000000000000000000EC
:10D0440000000000000000000000000000000000DC
:10D0540000000000000000000000000000000000CC
:10D0640000000000000000000000000000000000BC
:10D0740000000000000000000000000000000000AC
:10D08400000000000000000000000000000000009C
:10D09400000000000000000000000000000000008C
:10D0A400000000000000000000000000000000007C
:10D0B400000000000000000000000000000000006C
:10D0C400000000000000000000000000000000005C
:10D0D400000000000000000000000000000000004C
:10D0E400000000000000000000000000000000003C
:10D0F400000000000000000000000000000000002C
:10D10400000000000000000000000000000000001B
:10D11400000000000000000000000000000000000B
:10D1240000000000000000000000000000000000FB
:10D1340000000000000000000000000000000000EB
:10D1440000000000000000000000000000000000DB
:10D1540000000000000000000000000000000000CB
:10D1640000000000000000000000000000000000BB
:10D1740000000000000000000000000000000000AB
:10D18400000000000000000000000000000000009B
:10D19400000000000000000000000000000000008B
:10D1A400000000000000000000000000000000007B
:10D1B400000000000000000000000000000000006B
:10D1C400000000000000000000000000000000005B
:10D1D400000000000000000000000000000000004B
:10D1E400000000000000000000000000000000003B
:10D1F400000000000000000000000000000000002B
:10D20400000000000000000000000000000000001A
:10D21400000000000000000000000000000000000A
:10D2240000000000000000000000000000000000FA
:10D2340000000000000000000000000000000000EA
:10D2440000000000000000000000000000000000DA
:10D2540000000000000000000000000000000000CA
:10D2640000000000000000000000000000000000BA
:10D2740000000000000000000000000000000000AA
:10D28400000000000000000000000000000000009A
:10D29400000000000000000000000000000000008A
:10D2A400000000000000000000000000000000007A
:10D2B400000000000000000000000000000000006A
:10D2C400000000000000000000000000000000005A
:10D2D400000000000000000000000000000000004A
:10D2E400000000000000000000000000000000003A
:10D2F400000000000000000000000000000000002A
:10D304000000000000000000000000000000000019
:10D314000000000000000000000000000000000009
:10D3240000000000000000000000000000000000F9
:10D3340000000000000000000000000000000000E9
:10D3440000000000000000000000000000000000D9
:10D3540000000000000000000000000000000000C9
:10D3640000000000000000000000000000000000B9
:10D3740000000000000000000000000000000000A9
:10D384000000000000000000000000000000000099
:10D394000000000000000000000000000000000089
:10D3A4000000000000000000000000000000000079
:10D3B4000000000000000000000000000000000069
:10D3C4000000000000000000000000000000000059
:10D3D4000000000000000000000000000000000049
:10D3E4000000000000000000000000000000000039
:10D3F4000000000000000000000000000000000029
:10D404000000000000000000000000000000000018
:10D414000000000000000000000000000000000008
:10D4240000000000000000000000000000000000F8
:10D4340000000000000000000000000000000000E8
:10D4440000000000000000000000000000000000D8
:10D4540000000000000000000000000000000000C8
:10D4640000000000000000000000000000000000B8
:10D4740000000000000000000000000000000000A8
:10D484000000000000000000000000000000000098
:10D494000000000000000000000000000000000088
:10D4A4000000000000000000000000000000000078
:10D4B4000000000000000000000000000000000068
:10D4C4000000000000000000000000000000000058
:10D4D4000000000000000000000000000000000048
:10D4E4000000000000000000000000000000000038
:10D4F4000000000000000000000000000000000028
:10D504000000000000000000000000000000000017
:10D514000000000000000000000000000000000007
:10D5240000000000000000000000000000000000F7
:10D5340000000000000000000000000000000000E7
:10D5440000000000000000000000000000000000D7
:10D5540000000000000000000000000000000000C7
:10D5640000000000000000000000000000000000B7
:10D5740000000000000000000000000000000000A7
:10D584000000000000000000000000000000000097
:10D594000000000000000000000000000000000087
:10D5A4000000000000000000000000000000000077
:10D5B4000000000000000000000000000000000067
:10D5C4000000000000000000000000000000000057
:10D5D4000000000000000000000000000000000047
:10D5E4000000000000000000000000000000000037
:10D5F4000000000000000000000000000000000027
:10D604000000000000000000000000000000000016
:10D614000000000000000000000000000000000006
:10D6240000000000000000000000000000000000F6
:10D6340000000000000000000000000000000000E6
:10D6440000000000000000000000000000000000D6
:10D6540000000000000000000000000000000000C6
:10D6640000000000000000000000000000000000B6
:10D6740000000000000000000000000000000000A6
:10D684000000000000000000000000000000000096
:10D694000000000000000000000000000000000086
:10D6A4000000000000000000000000000000000076
:10D6B4000000000000000000000000000000000066
:10D6C4000000000000000000000000000000000056
:10D6D4000000000000000000000000000000000046
:10D6E4000000000000000000000000000000000036
:10D6F4000000000000000000000000000000000026
:10D704000000000000000000000000000000000015
:10D714000000000000000000000000000000000005
:10D7240000000000000000000000000000000000F5
:10D7340000000000000000000000000000000000E5
:10D7440000000000000000000000000000000000D5
:10D7540000000000000000000000000000000000C5
:10D7640000000000000000000000000000000000B5
:10D7740000000000000000000000000000000000A5
:10D784000000000000000000000000000000000095
:10D794000000000000000000000000000000000085
:10D7A4000000000000000000000000000000000075
:10D7B4000000000000000000000000000000000065
:10D7C4000000000000000000000000000000000055
:10D7D4000000000000000000000000000000000045
:10D7E4000000000000000000000000000000000035
:10D7F4000000000000000000000000000000000025
:10D804000000000000000000000000000000000014
:10D814000000000000000000000000000000000004
:10D8240000000000000000000000000000000000F4
:10D8340000000000000000000000000000000000E4
:10D8440000000000000000000000000000000000D4
:10D8540000000000000000000000000000000000C4
:10D8640000000000000000000000000000000000B4
:10D8740000000000000000000000000000000000A4
:10D884000000000000000000000000000000000094
:10D894000000000000000000000000000000000084
:10D8A4000000000000000000000000000000000074
:10D8B4000000000000000000000000000000000064
:10D8C4000000000000000000000000000000000054
:10D8D4000000000000000000000000000000000044
:10D8E4000000000000000000000000000000000034
:10D8F4000000000000000000000000000000000024
:10D904000000000000000000000000000000000013
:10D914000000000000000000000000000000000003
:10D9240000000000000000000000000000000000F3
:10D9340000000000000000000000000000000000E3
:10D9440000000000000000000000000000000000D3
:10D9540000000000000000000000000000000000C3
:10D9640000000000000000000000000000000000B3
:10D9740000000000000000000000000000000000A3
:10D984000000000000000000000000000000000093
:10D994000000000000000000000000000000000083
:10D9A4000000000000000000000000000000000073
:10D9B4000000000000000000000000000000000063
:10D9C4000000000000000000000000000000000053
:10D9D4000000000000000000000000000000000043
:10D9E4000000000000000000000000000000000033
:10D9F4000000000000000000000000000000000023
:10DA04000000000000000000000000000000000012
:10DA14000000000000000000000000000000000002
:10DA240000000000000000000000000000000000F2
:10DA340000000000000000000000000000000000E2
:10DA440000000000000000000000000000000000D2
:10DA540000000000000000000000000000000000C2
:10DA640000000000000000000000000000000000B2
:10DA740000000000000000000000000000000000A2
:10DA84000000000000000000000000000000000092
:10DA94000000000000000000000000000000000082
:10DAA4000000000000000000000000000000000072
:10DAB4000000000000000000000000000000000062
:10DAC4000000000000000000000000000000000052
:10DAD4000000000000000000000000000000000042
:10DAE4000000000000000000000000000000000032
:10DAF4000000000000000000000000000000000022
:10DB04000000000000000000000000000000000011
:10DB14000000000000000000000000000000000001
:10DB240000000000000000000000000000000000F1
:10DB340000000000000000000000000000000000E1
:10DB440000000000000000000000000000000000D1
:10DB540000000000000000000000000000000000C1
:10DB640000000000000000000000000000000000B1
:10DB740000000000000000000000000000000000A1
:10DB84000000000000000000000000000000000091
:10DB94000000000000000000000000000000000081
:10DBA4000000000000000000000000000000000071
:10DBB4000000000000000000000000000000000061
:10DBC4000000000000000000000000000000000051
:10DBD4000000000000000000000000000000000041
:10DBE4000000000000000000000000000000000031
:10DBF4000000000000000000000000000000000021
:10DC04000000000000000000000000000000000010
:10DC14000000000000000000000000000000000000
:10DC240000000000000000000000000000000000F0
:10DC340000000000000000000000000000000000E0
:10DC440000000000000000000000000000000000D0
:10DC540000000000000000000000000000000000C0
:10DC640000000000000000000000000000000000B0
:10DC740000000000000000000000000000000000A0
:10DC84000000000000000000000000000000000090
:10DC94000000000000000000000000000000000080
:10DCA4000000000000000000000000000000000070
:10DCB4000000000000000000000000000000000060
:10DCC4000000000000000000000000000000000050
:10DCD4000000000000000000000000000000000040
:10DCE4000000000000000000000000000000000030
:10DCF4000000000000000000000000000000000020
:10DD0400000000000000000000000000000000000F
:10DD140000000000000000000000000000000000FF
:10DD240000000000000000000000000000000000EF
:10DD340000000000000000000000000000000000DF
:10DD440000000000000000000000000000000000CF
:10DD540000000000000000000000000000000000BF
:10DD640000000000000000000000000000000000AF
:10DD7400000000000000000000000000000000009F
:10DD8400000000000000000000000000000000008F
:10DD9400000000000000000000000000000000007F
:10DDA400000000000000000000000000000000006F
:10DDB400000000000000000000000000000000005F
:10DDC400000000000000000000000000000000004F
:10DDD400000000000000000000000000000000003F
:10DDE400000000000000000000000000000000002F
:10DDF400000000000000000000000000000000001F
:10DE0400000000000000000000000000000000000E
:10DE140000000000000000000000000000000000FE
:10DE240000000000000000000000000000000000EE
:10DE340000000000000000000000000000000000DE
:10DE440000000000000000000000000000000000CE
:10DE540000000000000000000000000000000000BE
:10DE640000000000000000000000000000000000AE
:10DE7400000000000000000000000000000000009E
:10DE8400000000000000000000000000000000008E
:10DE9400000000000000000000000000000000007E
:0200000490006A
:0E00000000000000000000000C000090000056
:04000005080017B127
:00000001FF
